ist	ziel	art	fundort	welle	bemerkung
ab	from	api-feld	PUT /api/tours/:id/edits (modi/kamera/momente/audio/wetter), GET /api/tours/:id/editor (autoWetter[].ab)	1	§6.9; Grenzen-Anker bleibt ISO-Zeit, nur der Name wechselt
ablauf	expiresAt	api-feld	POST /api/auth/session-aus-token, GET /api/admin/einladungen	1	§6.2 laeuft-ab-am→expiresAt; folgt invitations.expires_at (Grundstock)
alt	old	api-feld	POST /api/auth/me/passwort	1	VORSCHLAG: old; Request, Gegenstueck zu new beim Passwortwechsel
an	enabled	api-feld	POST /api/auth/me/newsletter (Request), POST /api/auth/me/suchmaschinen (Request)	1	§6.7 fuer die SCHALTER; die Test-Response ist der EMPFAENGER: an→to (admin.ts Z. 485) — Fundort dreht die Zielform
an	to	api-feld	POST /api/admin/mailvorlagen/:schluessel/test (Response)	1	Hier KEIN Schalter: der Wert ist admin.email, die Empfaengerin der Testmail (server/src/routes/admin.ts:485)
anbieter	provider	api-feld	GET /api/tracker/providers, GET /api/tracker/imports (importe[].anbieter)	1	folgt tracker provider (Grundstock); Route /api/tracker/providers heisst schon so
angeboten	offered	api-feld	GET /api/admin/warteliste	1	VORSCHLAG: offered; boolean, ob die Warteliste angeboten wird (warteliste.ts Z. 44/181)
angefordertAm	requestedAt	api-feld	GET /api/auth/me (export), POST /api/auth/me/export	1	folgt data_exports.requested_at (Grundstock)
angelegtAm	createdAt	api-feld	GET /api/admin/rueckmeldungen, GET /api/admin/benutzer (benutzer[].angelegtAm)	1	folgt created_at (Grundstock)
angemeldetAm	signedInAt	api-feld	GET /api/auth/me/geraete	1	VORSCHLAG: signedInAt; Zeitpunkt der Anmeldung dieser Sitzung bzw. dieses App-Tokens
angepasst	customized	api-feld	GET /api/admin/mailvorlagen (vorlagen[])	1	VORSCHLAG: customized; Vorlage weicht von der Vorgabe ab
anker	anchor	api-feld	PUT /api/tours/:id/edits (audio[].anker)	1	§6.9; Medien-anchor heisst schon so
anzahl	count	api-feld	GET /api/admin/statistiken (referrer[]/seiten[])	1	VORSCHLAG: count
anzeigename	displayName	api-feld	GET /api/auth/me, PATCH /api/auth/me/profil, GET /api/galerie (autor), GET /api/benutzer/:id/profil, GET /api/tours/:id (autor), GET /api/admin/benutzer	1	§6.7
art	kind	api-feld	GET /api/auth/me/geraete (geraete[].art), PUT /api/tours/:id/edits (momente[].art), GET /api/tours/:id (moments[].art)	1	§6.9: art→kind (kind statt type, §6.0); geraete[].art gleichlaufend kind, Werte sitzung→session und app bleibt
aufrufe	pageviews	api-feld	GET /api/admin/statistiken (heute/letzte7Tage)	1	VORSCHLAG: pageviews; Umami-Begriff
aufteilung	breakdown	api-feld	GET /api/auth/me/speicher	1	VORSCHLAG: breakdown; Speicher nach Dateiart
aufzeichnungen	recordings	api-feld	GET /api/auth/me/speicher (aufteilung)	1	§6.1 Aufnahme/Aufzeichnung→recording; GPS-Rohdaten-Eimer
autor	author	api-feld	GET /api/tours/:id (tour.json), GET /api/galerie (touren[].autor)	1	§6.9; wird bei Auslieferung frisch eingesetzt, nicht eingebacken
autorisierungsUrl	authorizationUrl	api-feld	POST /api/tracker/:provider/connect	1	VORSCHLAG: authorizationUrl; OAuth-Begriff
autoWetter	autoWeather	api-feld	GET /api/tours/:id/editor	1	wetter→weather (§6.9), Praefix mechanisch
basisUrl	baseUrl	api-feld	GET /api/admin/einladungen, GET /api/admin/mailvorlagen	1	basis→base wie basis.css→base.css (Grundstock); war halb deutsch
bausteine	blocks	api-feld	POST /api/admin/mailvorlagen/:schluessel/test (Request), GET /api/admin/mailvorlagen (vorlagen[].bausteine)	1	VORSCHLAG: blocks; die vier Vorlagen-Bausteine title/body/button/footer
benutzer	user	api-feld	POST /api/auth/login, POST /api/auth/register, GET /api/auth/me, GET /api/admin/benutzer, POST /api/admin/benutzer, PATCH /api/admin/benutzer/:id	1	§6.2 Benutzer→user; Response-Feld
benutzerId	userId	api-feld	GET /api/admin/rueckmeldungen, GET /api/tracker/imports (importe[].benutzerId)	1	folgt user_id (Grundstock)
benutzerName	userName	api-feld	GET /api/admin/rueckmeldungen	1	benutzer→user (§6.2), mechanisch zusammengesetzt
benutzt	used	api-feld	GET /api/auth/me (quota), GET /api/auth/me/speicher	1	VORSCHLAG: used; Quota
bestaetigtAm	confirmedAt	api-feld	GET /api/admin/warteliste	1	folgt confirmed_at (Grundstock)
besucher	visitors	api-feld	GET /api/admin/statistiken (heute/letzte7Tage)	1	VORSCHLAG: visitors; Umami-Begriff
betreff	subject	api-feld	PATCH /api/admin/mailvorlagen/:schluessel, POST …/vorschau (Request und Response)	1	folgt mail_templates.subject (Grundstock); Inhalt bleibt deutsch
bis	to	api-feld	PUT /api/tours/:id/edits (audio[].bis)	1	§6.9
bisS	toS	api-feld	PUT /api/tours/:id/edits (medien{id}.trim.bisS)	1	§6.9
dabeiSeit	memberSince	api-feld	GET /api/benutzer/:id/profil	1	VORSCHLAG: memberSince; joinedAt ist schon die Warteliste (joined_at, Grundstock)
dachzeile	kicker	api-feld	PATCH /api/tours/:id, GET /api/tours/:id/editor	1	§6.1; folgt tours.kicker (Grundstock)
dachzeileVorschlaege	kickerSuggestions	api-feld	GET /api/tours/:id/editor	1	VORSCHLAG: kickerSuggestions; kicker ist entschieden, Vorschlaege→suggestions ist neu
datei	file	api-feld	PUT /api/tours/:id/audio/:datei, PUT/GET /api/audio-bibliothek/:datei, POST /api/tours/:id/medien (Response medien[].datei), GET /api/tours/:id/editor (audio[]), PUT /api/tours/:id/edits (audio[].datei)	1	§6.7 (:datei→:file) und §6.9 (audio[].datei→file)
dateien	files	api-feld	GET /api/auth/me (export.dateien), GET /api/audio-bibliothek	1	Bibliotheks-LISTE→files; export.dateien ist ein ZAEHLER→fileCount (wie data_exports.file_count, Grundstock/§6.0) — Fundort dreht die Zielform
dauerFilmS	durationFilmS	api-feld	PUT /api/tours/:id/edits (audio[])	1	§6.9
dauerS	durationS	api-feld	GET /api/tours/:id/editor (medien[].dauerS), PUT /api/tours/:id/edits (momente[].dauerS), GET /api/tours/:id (moments[].dauerS)	1	§6.9; S = Sekunden bleibt Suffix
dieses	current	api-feld	GET /api/auth/me/geraete	1	VORSCHLAG: current; markiert die eigene Sitzung (auth.ts Z. 595)
echtzeit	realtime	api-feld	GET /api/admin/statistiken	1	VORSCHLAG: realtime; aktive Besucher (Umami-Begriff)
eingeladenAm	invitedAt	api-feld	GET /api/admin/warteliste	1	folgt invited_at (Grundstock)
eingeladenCode	invitedCode	api-feld	GET /api/admin/warteliste	1	folgt invited_code (Grundstock)
eingeloestAm	redeemedAt	api-feld	GET /api/admin/einladungen	1	folgt redeemed_at (Grundstock)
eingeloestVon	redeemedBy	api-feld	GET /api/admin/einladungen	1	folgt redeemed_by (Grundstock)
eingetragenAm	joinedAt	api-feld	GET /api/admin/warteliste	1	folgt waitlist.joined_at (Grundstock)
einladung	invitation	api-feld	POST /api/admin/einladungen, POST /api/admin/warteliste/:id/einladen	1	§6.2
einladungen	invitations	api-feld	GET /api/admin/einladungen	1	§6.8
einladungPflicht	invitationRequired	api-feld	GET /api/auth/me, GET /api/admin/einladungen, PATCH /api/admin/einstellungen	1	folgt settings-Schluessel invitation_required (Grundstock)
einstiegS	startS	api-feld	PUT /api/tours/:id/edits (audio[])	1	§6.9; so heisst es im tour.json schon
eintraege	entries	api-feld	GET /api/admin/warteliste, GET /api/admin/protokoll	1	VORSCHLAG: entries; Listenfeld
eintrag	entry	api-feld	POST /api/admin/warteliste/:id/einladen	1	VORSCHLAG: entry; Einzahl zu entries
ende	end	api-feld	PUT /api/tours/:id/edits (trim.ende), GET /api/tours (stats.spur.ende)	1	§6.9; trim.start bleibt (schon englisch)
entfernt	removed	api-feld	Manifest (original/manifest.json; setzt nur der Server bei DELETE media)	1	§6.9 (upload@2); nicht im Upload-Schema, laeuft aber ueber das gespeicherte Austauschformat
erstelltAm	createdAt	api-feld	GET /api/galerie (touren[].erstelltAm), GET /api/admin/einladungen (einladungen[].erstelltAm)	1	folgt created_at (Grundstock)
erstelltVon	createdBy	api-feld	GET /api/admin/einladungen	1	folgt created_by (Grundstock)
export	dataExport	api-feld	GET /api/auth/me, POST /api/auth/me/export	1	§6.1: Datenexport heisst dataExport, nie bloss export (das waere mit dem Video-Export filmExport verwechselbar); Objektfelder darunter eigene Zeilen
externeId	externalId	api-feld	GET /api/tracker/imports (importe[])	1	folgt external_id (Grundstock)
fehlend	missing	api-feld	POST /api/tours/:id/finalize (409)	1	VORSCHLAG: missing; Liste fehlender Dateien im 409
fehler	error	api-feld	alle Fehlerantworten; GET /api/tours (Listenfeld), GET /api/tours/:id, GET /api/tracker/providers, GET /api/tracker/imports	1	§6.7: FELDNAME error, Statuswert failed ist eine eigene Zeile (§6.1); das haeufigste Feld der API
fehler	errorCount	api-feld	GET /api/admin/protokoll (Antwortfeld neben gesamt)	1	Zaehler der Fehler-Eintraege (protokoll.ts zaehle()), nach 6.0 Regel 4 …Count und nicht das Wort als Zahl
fertigAm	finishedAt	api-feld	GET /api/auth/me (export), POST /api/auth/me/export, GET /api/tracker/imports	1	folgt finished_at (Grundstock)
fest	fixed	api-feld	GET /api/admin/benutzer (benutzer[].fest)	1	VORSCHLAG: fixed; per Konfiguration gesetzter Admin, Rolle nicht per DB entziehbar (admin.ts festerAdmin)
filmBisS	filmToS	api-feld	GET /api/tours/:id (audio[].filmBisS)	1	VORSCHLAG: filmToS; bis→to wie in §6.9, filmS-Suffixform bleibt
finaleZiel	finaleTarget	api-feld	PATCH /api/tours/:id, GET /api/tours/:id/editor	1	folgt tours.finale_target (Grundstock)
fotos	photos	api-feld	GET /api/auth/me/speicher (aufteilung.fotos)	1	Speicher-Aufteilung nach Dateiendung: echte Bilddateien, getrennt von videos (server/src/quota.ts artDerDatei). NICHT placedMedia, das zaehlt Fotos UND Videos
fotos	placedMedia	api-feld	GET /api/tours (stats.fotos), GET /api/tours/:id (stats.fotos), GET /api/tracker/imports (tour.fotos)	1	§6.9: stats.fotos und tracker tour.fotos→placedMedia (zaehlt Fotos UND Videos, nie photos); NUR aufteilung.fotos (Speicher, echte Fotodateien)→photos — Fundort dreht die Zielform
frei	free	api-feld	GET /api/auth/me (quota), GET /api/auth/me/speicher	1	VORSCHLAG: free; Quota
fuss	footer	api-feld	PATCH /api/admin/mailvorlagen/:schluessel (bausteine)	1	folgt mail_templates.footer (Grundstock)
geaendertAm	updatedAt	api-feld	GET /api/admin/mailvorlagen (vorlagen[]), GET /api/admin/rueckmeldungen	1	folgt updated_at (Grundstock)
geaendertVon	updatedBy	api-feld	GET /api/admin/mailvorlagen (vorlagen[])	1	folgt updated_by (Grundstock)
gefunden	found	api-feld	POST /api/tracker/:provider/sync	1	VORSCHLAG: found; Zaehler im Sync-Response; Route ohne Aufrufer
geloescht	removed	api-feld	PUT /api/tours/:id/edits (medien{id}.geloescht)	1	§6.9
gemeldetAm	reportedAt	api-feld	GET /api/tracker/imports (importe[])	1	folgt reported_at (Grundstock)
geraet	device	api-feld	POST /api/rueckmeldung (kontext.geraet)	1	§6.2 Geraet→device
geraete	devices	api-feld	GET /api/auth/me/geraete	1	§6.7; Response-Liste
geraetId	deviceId	api-feld	POST /api/push/geraete	1	§6.2 device, mechanisch
gesamt	total	api-feld	GET /api/admin/protokoll, GET /api/admin/statistiken, GET /api/admin/rueckmeldungen (zaehlung.gesamt)	1	VORSCHLAG: total
gesehenAm	seenAt	api-feld	GET /api/tracker/imports (importe[])	1	folgt seen_at (Grundstock)
gestartet	startedAt	api-feld	GET /api/admin/protokoll	1	VORSCHLAG: startedAt; Serverstart-Zeitpunkt
gpsAnker	gpsAnchor	api-feld	GET /api/tours/:id/editor (medien[])	1	anker→anchor (§6.9)
groesse	size	api-feld	GET /api/tours/:id/editor (audio[]), GET /api/audio-bibliothek (dateien[])	1	wie Mail-Platzhalter {{groesse}}→{{size}} (Grundstock)
gueltigTage	validDays	api-feld	POST /api/admin/einladungen, POST /api/admin/warteliste/:id/einladen	1	VORSCHLAG: validDays; Gueltigkeitsdauer in Tagen
heute	today	api-feld	GET /api/admin/statistiken	1	VORSCHLAG: today
hm	elevationGain	api-feld	GET /api/benutzer/:id/profil (kennzahlen.hm)	1	VORSCHLAG: elevationGain; Hoehenmeter-Summe, die Abkuerzung hm ist nur deutsch lesbar
imHintergrund	inBackground	api-feld	POST /api/tracker/:provider/sync	1	VORSCHLAG: inBackground; Zaehler der in den Hintergrund verschobenen Auftraege
importe	imports	api-feld	GET /api/tracker/imports, GET /api/tracker/imports/pending	1	folgt tracker_imports (§6.8); Pfad /api/tracker/imports heisst schon so
ipPraefix	ipPrefix	api-feld	GET /api/auth/me/geraete	1	folgt sessions.ip_prefix (Grundstock)
kamera	camera	api-feld	PUT /api/tours/:id/edits	1	§6.9
kennung	label	api-feld	GET /api/auth/me/geraete	1	VORSCHLAG: label; roher User-Agent bzw. App-Geraetename, die Deutung passiert erst in kontomodell.ts
kennzahlen	stats	api-feld	GET /api/benutzer/:id/profil	1	VORSCHLAG: stats; wie /api/admin/stats (§6.7) und tour.stats
klaenge	audio	api-feld	GET /api/auth/me/speicher (aufteilung)	1	VORSCHLAG: audio; sounds waere ein drittes Wort neben audio/sfx (§6.3a-Linie: kein Synonym-Zoo)
knopf	button	api-feld	PATCH /api/admin/mailvorlagen/:schluessel (bausteine)	1	folgt mail_templates.button (Grundstock)
kontext	context	api-feld	POST /api/rueckmeldung, GET /api/admin/rueckmeldungen	1	folgt feedback.context (Grundstock); saubereKontext bestimmt weiter die erlaubten Schluessel (Datenschutz-Zusage)
laeuftAbAm	expiresAt	api-feld	GET /api/auth/me (export), POST /api/auth/me/export	1	folgt data_exports.expires_at (Grundstock)
lautstaerke	volume	api-feld	PUT /api/tours/:id/edits (audio[])	1	§6.9; im tour.json weiter als gain gerendert (§6.1: volume je Klip, gain gerendert)
letzte7Tage	last7Days	api-feld	GET /api/admin/statistiken	1	VORSCHLAG: last7Days
medien	media	api-feld	GET /api/tours/:id/editor, POST /api/tours/:id/medien (Request und Response), PUT /api/tours/:id/edits (edits.medien)	1	§6.9; gleicht sich an das schon englische media in tour.json/Manifest an
mehr	hasMore	api-feld	GET /api/galerie	1	VORSCHLAG: hasMore; boolean der Paginierung (galerie.ts Z. 91), woertliches more laese sich wie eine Liste
modi	travelModes	api-feld	PUT /api/tours/:id/edits	1	§6.9; Werte walk/bike/… bleiben (§3.4)
modiAutomatisch	travelModesAuto	api-feld	POST /api/tours (Manifest)	1	§6.9
momente	moments	api-feld	PUT /api/tours/:id/edits	1	§6.9; im tour.json schon moments
neu	new	api-feld	POST /api/auth/me/passwort (Request), POST /api/tours/:id/medien (Response), POST /api/tracker/:provider/sync (Response)	1	VORSCHLAG: new; traegt beide Bedeutungen (neues Passwort; Anzahl neu als Zaehler)
notiz	note	api-feld	POST /api/auth/warteliste, GET /api/admin/warteliste (eintraege[].notiz), POST /api/admin/einladungen, GET /api/admin/einladungen, PATCH /api/admin/rueckmeldungen/:id, GET /api/admin/rueckmeldungen	1	§6.7/Grundstock note
nr	no	api-feld	GET /api/admin/protokoll (eintraege[])	1	VORSCHLAG: no; wie die laufende Nummer no der Touren (server/src/ids.ts-Umfeld)
nurFuerDich	ownerOnly	api-feld	GET /api/benutzer/:id/profil	1	VORSCHLAG: ownerOnly; Flag: Profil nicht public, Ansicht nur fuer den Besitzer (galerie.ts Z. 153)
offen	open	api-feld	GET /api/auth/me (registrierung.offen)	1	wie db-wert offen→open (Grundstock/§4.2); der STATUSWERT offen (Rueckmeldungen/Einladungen) ist eine eigene Zeile
ort	location	api-feld	PATCH /api/auth/me/profil, GET /api/auth/me, GET /api/benutzer/:id/profil	1	folgt users.location (Grundstock)
passwort	password	api-feld	POST /api/auth/login, POST /api/auth/register, POST /api/auth/passwort-reset, POST /api/auth/me/email, POST /api/admin/benutzer, PATCH /api/admin/benutzer/:id	1	Request-Feld; Wortform durch §6.7 entschieden (password-reset, me/password)
pfad	path	api-feld	GET /api/admin/statistiken (seiten[].pfad)	1	wie webpfade.ts→web-paths.ts (Grundstock)
pflicht	required	api-feld	POST /api/auth/einladung-pruefen	1	VORSCHLAG: required; Response; analog einladung_pflicht→invitation_required (Grundstock)
plattform	platform	api-feld	POST /api/rueckmeldung (kontext.plattform), POST /api/push/geraete	1	folgt push_devices.platform (Grundstock); war nur Schreibweise
probleme	issues	api-feld	POST /api/admin/mailvorlagen/:schluessel/vorschau, PATCH /api/admin/mailvorlagen/:schluessel (400)	1	VORSCHLAG: issues; Befundliste der Vorlagen-Pruefung
profil	profile	api-feld	GET /api/auth/me	1	§6.7/§6.2; Response-Objekt
quelle	source	api-feld	PUT /api/tours/:id/edits (audio[].quelle), POST /api/tours (media[].quelle), POST /api/tours/:id/medien (medien[].quelle), POST /api/rueckmeldung (Response-frei; Request quelle), GET /api/admin/statistiken (referrer[].quelle)	1	§6.9/Grundstock: als FELDNAME ueberall source; die Werte sind je Fundort verschieden (eigene Zeilen bzw. web/app bleiben, §4.2)
registrierung	registration	api-feld	GET /api/auth/me	1	VORSCHLAG: registration; Response-Objekt, passt zu /api/auth/register; die Newsletter-QUELLE registrierung→signup ist eine andere Stelle (Grundstock)
registrierungOffen	registrationOpen	api-feld	GET /api/admin/einladungen	1	VORSCHLAG: registrationOpen; koppelt an registrierung→registration
reihe	order	api-feld	PUT /api/tours/:id/edits (medien{id}.reihe), GET /api/tours/:id (media[].reihe)	1	§6.9
rolle	role	api-feld	auth/me, Admin	1	§6.7
rolle	role	api-feld	POST /api/auth/login, GET /api/auth/me, POST /api/admin/benutzer, PATCH /api/admin/benutzer/:id, GET /api/admin/benutzer	1	§6.7; Werte nutzer→user, admin bleibt
rueckmeldung	feedback	api-feld	PATCH /api/admin/rueckmeldungen/:id	1	§6.4; Einzelobjekt im PATCH-Response
rueckmeldungen	feedback	api-feld	GET /api/admin/rueckmeldungen	1	§6.4 Rueckmeldung→feedback; Listenfeld, feedback ist unzaehlbar — Einzahl/Mehrzahl fallen zusammen, aber routegetrennt
schirm	screen	api-feld	POST /api/rueckmeldung (kontext.schirm)	1	VORSCHLAG: screen
schluessel	key	api-feld	GET /api/admin/mailvorlagen (vorlagen[].schluessel)	1	§6.7 (:key) und Grundstock key; auch Pfad-Parameter
segmente	segments	api-feld	GET /api/tours/:id/editor	1	Angleichung an das schon englische segments im tour.json
seite	page	api-feld	POST /api/rueckmeldung (kontext.seite)	1	seiten→pages (Grundstock); traegt nur den PFAD, keine Query/Fragmente
seiten	pages	api-feld	GET /api/admin/statistiken	1	seiten→pages wie routes/seiten.ts→routes/pages.ts (Grundstock)
sichtbarkeit	visibility	api-feld	PATCH /api/auth/me/profil, GET /api/auth/me, GET /api/tracker/imports (tour.sichtbarkeit)	1	§6.7; Werte private/public bleiben (schon englisch)
skala	scale	api-feld	PUT /api/tours/:id/edits (kamera[].skala), GET /api/tours/:id (camera[].skala)	1	§6.9
sonstiges	other	api-feld	GET /api/auth/me/speicher (aufteilung)	1	VORSCHLAG: other; Rest-Eimer des Speicherbalkens
speicher	storage	api-feld	GET /api/admin/benutzer (benutzer[].speicher)	1	§6.7
sprache	language	api-feld	POST /api/rueckmeldung (kontext.sprache)	1	VORSCHLAG: language
spur	trackSignature	api-feld	GET /api/tours (stats.spur), GET /api/tours/:id (stats.spur)	1	§6.9: stats.spur→stats.trackSignature; gilt ebenso fuer tours.stats_json (§4.2)
staerke	intensity	api-feld	PUT /api/tours/:id/edits (wetter[].staerke), GET /api/tours/:id/editor (autoWetter[].staerke)	1	§6.9
suchmaschinen	searchIndexing	api-feld	POST /api/auth/me/suchmaschinen, GET /api/auth/me (profil.suchmaschinen)	1	§6.7
titel	title	api-feld	GET /api/audio-bibliothek (verwendetVon[].titel), GET /api/galerie (touren[].titel), GET /api/tracker/imports (tour.titel), PATCH /api/admin/mailvorlagen/:schluessel (bausteine.titel)	1	wie mail_templates.title (Grundstock); ueberall title
titelbild	banner	api-feld	PATCH /api/auth/me/profil, GET /api/auth/me	1	§6.7: Profil-Titelbild→banner; edits.titelbild (Tour)→cover (§6.9) — Fundort dreht die Zielform, zwei englische Woerter fuer ein deutsches (§6.1)
titelbild	cover	api-feld	PUT /api/tours/:id/edits (edits.titelbild)	1	Tour-Titelbild, deshalb cover und nicht banner (6.1); dieselbe Route wie das edits-Feld
titelbildUrl	bannerUrl	api-feld	GET /api/auth/me, PUT /api/auth/me/titelbild, GET /api/benutzer/:id/profil	1	§6.7 (auch titelbildUrl→bannerUrl); war halb deutsch
touren	tours	api-feld	GET /api/galerie, GET /api/benutzer/:id/profil, GET /api/benutzer/:id/profil (kennzahlen.touren), GET /api/admin/benutzer (benutzer[].touren)	1	§6.1 Tour→tour
tourenBleiben	toursKept	api-feld	DELETE /api/tracker/:provider	1	VORSCHLAG: toursKept; Response-Zusage, dass die Touren erhalten bleiben (tracker.ts Z. 153)
typ	type	api-feld	PUT /api/tours/:id/edits (audio[].typ)	1	§6.9; Werte musik→music, sfx bleibt
verbunden	connected	api-feld	GET /api/tracker/providers	1	folgt connected_at (Grundstock); der Redirect-WERT #tracker=verbunden bleibt deutsch (§3.4)
verbundenSeit	connectedAt	api-feld	GET /api/tracker/providers	1	folgt tracker_links.connected_at (Grundstock); woertlich waere connectedSince, das Feld traegt denselben Zeitstempel
verfuegbar	available	api-feld	GET /api/tracker/providers	1	VORSCHLAG: available
verifiziert	verified	api-feld	POST /api/auth/register, GET /api/auth/me, POST /api/admin/benutzer, PATCH /api/admin/benutzer/:id, GET /api/admin/benutzer	1	Request und Response; Wortform durch /api/auth/verify (§6.7) und DB email_verified entschieden
versandRuht	sendingPaused	api-feld	POST /api/auth/me/newsletter	1	VORSCHLAG: sendingPaused; Versand wartet auf bestaetigte Adresse
versatzFilmS	offsetFilmS	api-feld	PUT /api/tours/:id/edits (audio[])	1	§6.9
versuche	attempts	api-feld	GET /api/tracker/imports (importe[])	1	folgt attempts (Grundstock)
verwendetVon	usedBy	api-feld	GET /api/audio-bibliothek (dateien[])	1	VORSCHLAG: usedBy; welche Touren die Bibliotheksdatei nutzen (Loesch-Schutz)
vonS	fromS	api-feld	PUT /api/tours/:id/edits (medien{id}.trim.vonS)	1	§6.9
vorlagen	templates	api-feld	GET/PATCH/DELETE /api/admin/mailvorlagen(:schluessel)	1	folgt mail_templates (§6.8)
warteliste	waitlist	api-feld	GET /api/auth/me (registrierung.warteliste)	1	§6.2/§6.8
wartelisteOffen	waitlistOpen	api-feld	PATCH /api/admin/einstellungen, GET /api/admin/warteliste	1	folgt settings-Schluessel waitlist_open (Grundstock)
wetter	weather	api-feld	PUT /api/tours/:id/edits	1	§6.9; im tour.json schon weather
wiederholbar	retryable	api-feld	GET /api/tracker/imports (importe[])	1	folgt retryable (Grundstock)
wiederverwendet	reused	api-feld	POST /api/tours	1	VORSCHLAG: reused; BOOLEAN, kein Zaehler: idempotenter Upload gibt die vorhandene Tour zurueck (tours.ts Z. 203/223)
wirktRuht	effectPaused	api-feld	POST /api/auth/me/suchmaschinen	1	VORSCHLAG: effectPaused; Schalter gesetzt, wirkt aber erst bei oeffentlichem Profil
zaehlung	counts	api-feld	GET /api/admin/rueckmeldungen	1	VORSCHLAG: counts; Zaehler je Status
zeit	at	api-feld	GET /api/admin/protokoll (eintraege[])	1	VORSCHLAG: at; Zeitstempel wie zeitpunkt→at (Grundstock); der placement-WERT zeit→time ist eine eigene Zeile
ziel	target	api-feld	POST /api/tracker/:provider/connect	1	wie finale_ziel→finale_target (Grundstock); Werte web/app bleiben
zuletztGesehen	lastSeenAt	api-feld	GET /api/auth/me/geraete	1	folgt sessions.last_seen_at (Grundstock)
zuletztSync	lastSyncAt	api-feld	GET /api/tracker/providers	1	folgt last_sync_at (Grundstock); war halb deutsch
zustand	state	api-feld	GET /api/admin/warteliste (eintraege[].zustand), GET /api/admin/einladungen (einladungen[].zustand)	1	wie newsletter_consents.state (Grundstock); die Werte sind eigene Zeilen
/api/admin/benutzer	/api/admin/users	api-pfad	server/src/routes/admin.ts; src/admin/	1	§6.7; inkl. /:id
/api/admin/benutzer	/api/admin/users	api-pfad	server/src/routes/admin.ts; src/admin/api.ts	1	§6.7; auch …/:id
/api/admin/einladungen	/api/admin/invitations	api-pfad	server/src/routes/admin.ts; src/admin/	1	§6.7; inkl. /:code
/api/admin/einladungen	/api/admin/invitations	api-pfad	server/src/routes/admin.ts; src/admin/api.ts	1	§6.7; auch …/:code
/api/admin/einstellungen	/api/admin/settings	api-pfad	server/src/routes/admin.ts; src/admin/	1	§6.7
/api/admin/einstellungen	/api/admin/settings	api-pfad	server/src/routes/admin.ts; src/admin/api.ts	1	§6.7
/api/admin/mailvorlagen	/api/admin/mail-templates	api-pfad	server/src/routes/admin.ts; src/admin/	1	§6.7; inkl. /:schluessel→/:key, /test, /vorschau→/preview
/api/admin/mailvorlagen	/api/admin/mail-templates	api-pfad	server/src/routes/admin.ts; src/admin/api.ts	1	§6.7; auch …/:schluessel→…/:key, …/vorschau→…/preview, …/test bleibt
/api/admin/protokoll	/api/admin/audit-log	api-pfad	server/src/routes/admin.ts; src/admin/	1	§6.7
/api/admin/protokoll	/api/admin/audit-log	api-pfad	server/src/routes/admin.ts; src/admin/api.ts	1	§6.7
/api/admin/rueckmeldungen	/api/admin/feedback	api-pfad	server/src/routes/admin.ts; src/admin/	1	§6.7; inkl. /:id
/api/admin/rueckmeldungen	/api/admin/feedback	api-pfad	server/src/routes/rueckmeldungen.ts; src/admin/api.ts	1	§6.7; auch …/:id
/api/admin/statistiken	/api/admin/stats	api-pfad	server/src/routes/admin.ts; src/admin/	1	§6.7
/api/admin/warteliste	/api/admin/waitlist	api-pfad	server/src/routes/admin.ts; src/admin/	1	§6.7; inkl. /:id/einladen→/:id/invite
/api/admin/warteliste	/api/admin/waitlist	api-pfad	server/src/routes/warteliste.ts; src/admin/api.ts	1	§6.7; auch …/:id und …/:id/einladen→…/:id/invite
/api/audio-bibliothek	/api/audio-library	api-pfad	server/src/routes/bibliothek.ts; src/studio/	1	§6.7; inkl. /:datei→/:file
/api/audio-bibliothek	/api/audio-library	api-pfad	server/src/routes/bibliothek.ts; src/studio/api.ts; src/studio/editor.ts	1	§6.7; auch …/:datei→…/:file (GET/PUT/DELETE)
/api/auth/einladung-pruefen	/api/auth/check-invitation	api-pfad	server/src/routes/auth.ts; src/studio/	1	§6.7
/api/auth/einladung-pruefen	/api/auth/check-invitation	api-pfad	server/src/routes/auth.ts; src/studio/api.ts	1	§6.7
/api/auth/email-bestaetigen	/api/auth/confirm-email	api-pfad	server/src/routes/auth.ts	1	§6.7
/api/auth/email-bestaetigen	/api/auth/confirm-email	api-pfad	server/src/routes/auth.ts; src/konto/konto.ts	1	§6.7; Link-Ziel /konto#email=<token>, der Fragment-Schluessel #email= bleibt (§3.4)
/api/auth/me/geraete	/api/auth/me/devices	api-pfad	server/src/routes/auth.ts; src/konto/	1	§6.7; inkl. /:id
/api/auth/me/geraete	/api/auth/me/devices	api-pfad	server/src/routes/auth.ts; src/konto/konto.ts	1	§6.7; auch DELETE …/devices/:id
/api/auth/me/passwort	/api/auth/me/password	api-pfad	server/src/routes/auth.ts; src/konto/	1	§6.7
/api/auth/me/passwort	/api/auth/me/password	api-pfad	server/src/routes/auth.ts; src/konto/kontodialoge.ts	1	§6.7
/api/auth/me/profil	/api/auth/me/profile	api-pfad	server/src/routes/auth.ts; src/konto/; android	1	§6.7; alte App: 404 im Deploy-Fenster
/api/auth/me/profil	/api/auth/me/profile	api-pfad	server/src/routes/auth.ts; src/konto/konto.ts; src/profil/profilbearbeiten.ts; android ApiClient.kt	1	§6.7; App-Aufrufer: alte App faellt im Deploy-Fenster auf 404
/api/auth/me/speicher	/api/auth/me/storage	api-pfad	server/src/routes/auth.ts; src/konto/	1	§6.7
/api/auth/me/speicher	/api/auth/me/storage	api-pfad	server/src/routes/auth.ts; src/konto/konto.ts	1	§6.7
/api/auth/me/suchmaschinen	/api/auth/me/search-indexing	api-pfad	server/src/routes/auth.ts; src/konto/	1	§6.7
/api/auth/me/suchmaschinen	/api/auth/me/search-indexing	api-pfad	server/src/routes/auth.ts; src/konto/konto.ts	1	§6.7
/api/auth/me/titelbild	/api/auth/me/banner	api-pfad	server/src/routes/auth.ts; src/konto/	1	§6.7
/api/auth/me/titelbild	/api/auth/me/banner	api-pfad	server/src/routes/auth.ts; src/profil/profilbearbeiten.ts	1	§6.7; Profil-Titelbild ist banner, nicht cover (§6.1)
/api/auth/passwort-reset	/api/auth/password-reset	api-pfad	server/src/routes/auth.ts	1	§6.7; inkl. -anfordern→-request
/api/auth/passwort-reset	/api/auth/password-reset	api-pfad	server/src/routes/auth.ts; src/studio/api.ts	1	§6.7
/api/auth/passwort-reset-anfordern	/api/auth/password-reset-request	api-pfad	server/src/routes/auth.ts; src/studio/api.ts	1	§6.7
/api/auth/session-aus-token	/api/auth/session-from-token	api-pfad	server/src/routes/auth.ts; android ApiClient.kt	1	§6.7; App-Release am selben Tag
/api/auth/verifiziere	/api/auth/verify	api-pfad	server/src/routes/auth.ts	1	§6.7
/api/auth/verifiziere	/api/auth/verify	api-pfad	server/src/routes/auth.ts; src/studio/api.ts	1	§6.7
/api/auth/warteliste	/api/auth/waitlist	api-pfad	server/src/routes/warteliste.ts	1	§6.7; /austragen→/leave, /bestaetigen→/confirm
/api/auth/warteliste	/api/auth/waitlist	api-pfad	server/src/routes/warteliste.ts; src/studio/api.ts	1	§6.7
/api/auth/warteliste/austragen	/api/auth/waitlist/leave	api-pfad	server/src/routes/warteliste.ts; src/studio/api.ts	1	§6.7; Mail-Links laufen ueber das Fragment #warteliste-austragen, das bleibt (§3.4) — nur der API-Aufruf dahinter wechselt
/api/auth/warteliste/bestaetigen	/api/auth/waitlist/confirm	api-pfad	server/src/routes/warteliste.ts; src/studio/api.ts	1	§6.7
/api/benutzer/:id/avatar	/api/users/:id/avatar	api-pfad	server/src/routes/	1	§6.7; auch /profil→/profile, /titelbild→/banner
/api/benutzer/:id/avatar	/api/users/:id/avatar	api-pfad	server/src/routes/auth.ts	1	§6.7; nur datengetrieben (avatarUrl); URL steht in tour.json/Galerie, Neu-Render bzw. frische Auslieferung zieht mit
/api/benutzer/:id/profil	/api/users/:id/profile	api-pfad	server/src/routes/galerie.ts; src/profil/profil.ts	1	§6.7
/api/benutzer/:id/titelbild	/api/users/:id/banner	api-pfad	server/src/routes/auth.ts	1	§6.7; nur datengetrieben gerufen (titelbildUrl→bannerUrl aus Antworten)
/api/galerie	/api/gallery	api-pfad	server/src/routes/galerie.ts; src/galerie/	1	§6.7
/api/galerie	/api/gallery	api-pfad	server/src/routes/galerie.ts; src/galerie/galerie.ts	1	§6.7
/api/gesundheit	/api/health	api-pfad	server/src/app.ts	1	§6.7
/api/media/:tourId/:datei	/api/media/:tourId/:file	api-pfad	server/src/routes/	1	§6.7; nur Parametername
/api/newsletter/abmelden	/api/newsletter/unsubscribe	api-pfad	server/src/newsletter.ts bzw. Routen	1	§6.7
/api/newsletter/abmelden	/api/newsletter/unsubscribe	api-pfad	server/src/routes/newsletter.ts; src/konto/konto.ts	1	§6.7
/api/newsletter/ein-klick/:token	/api/newsletter/one-click/:token	api-pfad	server/src/routes/	1	§6.7; Mail-Link, Umstellung ohne laufenden Versand (Teil B nicht live)
/api/newsletter/ein-klick/:token	/api/newsletter/one-click/:token	api-pfad	server/src/routes/newsletter.ts; server/src/newsletter.ts (Mail-Kopfzeilen)	1	§6.7; RFC 8058, kein Client-Code; Umstellung solange kein Versand laeuft
/api/push/geraete	/api/push/devices	api-pfad	server/src/routes/; android ApiClient.kt	1	§6.7; alte App: 404 im Fenster
/api/push/geraete	/api/push/devices	api-pfad	server/src/routes/push.ts; android ApiClient.kt	1	§6.7; alte App: 404 im Deploy-Fenster
/api/rueckmeldung	/api/feedback	api-pfad	server/src/routes/rueckmeldungen.ts; src/feedbackformular.ts	1	§6.7
/api/tours/:id/audio/:datei	/api/tours/:id/audio/:file	api-pfad	server/src/routes/	1	§6.7; Parametername
/api/tours/:id/audio/:datei	/api/tours/:id/audio/:file	api-pfad	server/src/routes/media.ts; src/studio/api.ts	1	§6.7; nur Parametername, Segment audio neutral
/api/tours/:id/bibliothek-audio/:datei	/api/tours/:id/library-audio/:file	api-pfad	server/src/routes/	1	§6.7
/api/tours/:id/bibliothek-audio/:datei	/api/tours/:id/library-audio/:file	api-pfad	server/src/routes/bibliothek.ts; server/src/pipeline/enrich.ts (baut die URL ins tour.json)	1	§6.7; nur datengetrieben (Player); URL steht im tour.json, Neu-Render zieht mit
/api/tours/:id/medien	/api/tours/:id/media	api-pfad	server/src/routes/tours.ts; src/studio/nachreichen.ts; android	1	§6.7; POST (Sammlung); PUT/DELETE …/media/:mid bleiben; gehört zu Welle-1-Schritt 2 (Upload-Vertrag)
/api/tours/:id/medien	/api/tours/:id/media	api-pfad	server/src/routes/media.ts; src/studio/api.ts; android ApiClient.kt	1	§6.7; POST (Sammlung, deutsches Nachreichen); PUT/DELETE …/media/:mid bleiben; gehoert zum Upload-Vertrag (Welle-1-Schritt 2)
/api/tracker/imports/gesehen	/api/tracker/imports/seen	api-pfad	server/src/routes/tracker.ts	1	§6.7
abgelaufen	expired	api-wert	tracker verknuepfung status; einladungen zustand; Redirect #tracker=abgelaufen	1	folgt Grundstock/§4.2 fuer Status und Einladungs-Zustand; der Redirect #tracker=abgelaufen bleibt deutsch (§3.4)
aktiv	active	api-wert	tracker verknuepfung status: GET /api/tracker/providers	1	folgt Grundstock/§4.2
angelegt	created	api-wert	tours.status: GET /api/tours, GET /api/tours/:id, GET /api/tours/:id/editor	1	folgt db-wert created (Grundstock/§4.2)
aufstieg	ascend	api-wert	momente[].art: PUT /api/tours/:id/edits, GET /api/tours/:id	1	§6.9
benutzer	user	api-wert	audio[].quelle: PUT /api/tours/:id/edits	1	§6.9; Pfadsegment /api/benutzer/→/api/users/ und Response-Feld benutzer→user sind eigene Zeilen
bereit	ready	api-wert	tours.status: GET /api/tours, GET /api/tours/:id	1	folgt Grundstock/§4.2; haertester Wert, die App wartet darauf — App-Vergleich im selben Zug
bibliothek	library	api-wert	audio[].quelle: PUT /api/tours/:id/edits	1	§6.9
eingeladen	invited	api-wert	warteliste zustand: GET /api/admin/warteliste	1	folgt invited_at (Grundstock)
eingeloest	redeemed	api-wert	einladungen zustand: GET /api/admin/einladungen	1	folgt redeemed_at/redeemed_by (Grundstock)
email-wechsel	email-change	api-wert	mailvorlagen schluessel	1	folgt Grundstock email-change
erledigt	done	api-wert	rueckmeldungen status: GET/PATCH /api/admin/rueckmeldungen	1	folgt Grundstock/§4.2
fehler	failed	api-wert	protokoll stufe (Query und eintraege[].stufe); tours.status; export.status; tracker import status; Redirect #tracker=fehler	1	§4.2: als STATUS failed (tours/export/tracker); die protokoll-STUFE ist eine Log-Ebene→error; der Redirect #tracker=fehler bleibt deutsch (§3.4) — Fundort dreht die Zielform, derselbe Bezeichner an fuenf Stellen
fertig	done	api-wert	export.status; tracker import status	1	folgt Grundstock/§4.2
getrennt	disconnected	api-wert	tracker verknuepfung status (intern; providers zeigt status)	1	folgt Grundstock/§4.2
in_arbeit	in_progress	api-wert	rueckmeldungen status: GET/PATCH /api/admin/rueckmeldungen	1	folgt Grundstock/§4.2
innehalten	linger	api-wert	momente[].art: PUT /api/tours/:id/edits, GET /api/tours/:id	1	§6.9
laeuft	running	api-wert	export.status (GET /api/auth/me); tracker import status (GET /api/tracker/imports)	1	folgt Grundstock/§4.2; partieller Export-Index entsteht neu mit WHERE status='running'
manuell	manual	api-wert	placement: GET /api/tours/:id, GET /api/tours/:id/editor	1	§6.9; editmodell.ts SCHREIBT den Wert, editor.ts vergleicht und PLACEMENT_NAMEN schlaegt nach — alle drei im selben Zug
mittel	mid	api-wert	kamera[].preset: PUT /api/tours/:id/edits, GET /api/tours/:id	1	§6.9; nicht medium — das ist in §6.1 die einzelne Aufnahme
musik	music	api-wert	audio[].typ: PUT /api/tours/:id/edits	1	§6.9; sfx bleibt
nah	near	api-wert	kamera[].preset: PUT /api/tours/:id/edits, GET /api/tours/:id (camera[].preset)	1	§6.9; PRESETS-Schluessel in src/tour.ts im selben Commit (Naht §3.3)
nutzer	user	api-wert	rolle: Login/me/admin-Routen	1	folgt Grundstock/§4.2; Rollen-Werte user/admin (§6.2)
offen	open	api-wert	rueckmeldungen status (POST /api/rueckmeldung Default, GET/PATCH /api/admin/rueckmeldungen); einladungen zustand (GET /api/admin/einladungen)	1	folgt db-wert open (Grundstock/§4.2); gilt fuer beide Fundorte
sitzung	session	api-wert	geraete[].art und id-Praefix sitzung:… — GET /api/auth/me/geraete, DELETE /api/auth/me/geraete/:id	1	§6.2 Sitzung→session; auch ID-Praefix sitzung:→session:, app: bleibt
standard	default	api-wert	kamera[].preset: PUT /api/tours/:id/edits	1	§6.9; obwohl englisch lesbar entschieden default; steht nicht in PRESETS, main.ts faengt ihn ab (Naht §3.3)
uebersprungen	skipped	api-wert	tracker import status: GET /api/tracker/imports	1	folgt Grundstock/§4.2; bleibt bernstein in der Chronik, nicht rot
umkreisen	orbit	api-wert	momente[].art: PUT /api/tours/:id/edits, GET /api/tours/:id (moments[].art)	1	§6.9
unbestaetigt	unconfirmed	api-wert	warteliste zustand: GET /api/admin/warteliste	1	mechanisch zu confirmed (Grundstock confirmed_at)
unplatziert	unplaced	api-wert	placement: GET /api/tours/:id, GET /api/tours/:id/editor	1	§6.9; gps bleibt
verarbeitung	processing	api-wert	tours.status: POST /api/tours/:id/finalize, POST /api/tours/:id/reprocess, PUT /api/tours/:id/edits, GET /api/tours	1	folgt Grundstock/§4.2; laeuft durch API und App-Vergleiche
verifikation	verification	api-wert	mailvorlagen schluessel (Pfadwert /api/admin/mailvorlagen/verifikation)	1	folgt mail_templates-Schluessel verification (Grundstock); Pfadwert wandert mit /api/admin/mail-templates/
warnung	warning	api-wert	protokoll stufe: GET /api/admin/protokoll	1	VORSCHLAG: warning; Log-Ebene neben error
warteliste	waitlist	api-wert	mailvorlagen schluessel	1	folgt Grundstock waitlist; auch warteliste-einladung→waitlist-invitation
wartend	pending	api-wert	warteliste zustand: GET /api/admin/warteliste	1	wie tracker-Status wartet→pending (Grundstock); nicht waiting, ein Wort je Begriff
wartet	pending	api-wert	tracker import status: GET /api/tracker/imports	1	folgt Grundstock/§4.2; Pfad /imports/pending heisst schon so
weit	far	api-wert	kamera[].preset: PUT /api/tours/:id/edits, GET /api/tours/:id	1	§6.9
zeit	time	api-wert	placement: GET /api/tours/:id (media[].placement), GET /api/tours/:id/editor (medien[].placement)	1	§6.9: placement gps/time/manual/unplaced; Typ ist blankes string, der Compiler sieht nichts
abgelaufen	expired	api-wert-vergleich	android/app/src/main/java/app/maptale/upload/ApiClient.kt	1	Grundstock (tracker_verknuepfungen.status abgelaufen→expired); TrackerProvider.expired vergleicht darauf.
bereit	ready	api-wert-vergleich	android/app/src/main/java/app/maptale/ui/TourenScreen.kt	1	Grundstock §4.2; Tour-Status vom Server.
bereit	ready	api-wert-vergleich	android/app/src/main/java/app/maptale/ui/ImportViewModel.kt	1	Grundstock §4.2; Poll-Ende des GPX-Imports.
bereit	ready	api-wert-vergleich	android/app/src/main/java/app/maptale/upload/UploadWorker.kt	1	Grundstock §4.2; auch ServerTour.spielbar/playable vergleicht darauf.
fehler	failed	api-wert-vergleich	android/app/src/main/java/app/maptale/ui/TourenScreen.kt	1	Grundstock §4.2; Statuswert failed, nicht error (§6.1).
fehler	failed	api-wert-vergleich	android/app/src/main/java/app/maptale/ui/ImportViewModel.kt	1	Grundstock §4.2; Poll-Abbruch mit Nutzer-Meldung.
fehler	failed	api-wert-vergleich	android/app/src/main/java/app/maptale/upload/UploadWorker.kt	1	Grundstock §4.2.
fertig	done	api-wert-vergleich	android/app/src/main/java/app/maptale/tracker/TrackerModell.kt	1	Grundstock (tracker_importe.status fertig→done); auch Importmeldung.kt und FotoNachzugWorker.kt.
import-fertig	import-finished	api-wert-vergleich	android/app/src/main/java/app/maptale/push/MaptalePushDienst.kt	1	Grundstock (dort VORSCHLAG); Naht §3.3, Server und App in einem Deploy-Fenster, sonst kommt keine Import-Meldung mehr an.
verarbeitung	processing	api-wert-vergleich	android/app/src/main/java/app/maptale/upload/UploadWorker.kt	1	Grundstock §4.2; 409-Auflösung und Poll.
MODI	TRAVEL_MODES	bezeichner	server/src/schema/upload.ts (Quelle); src/studio/	1	§5-Tabelle; Single Source der Modi-Liste, Werte walk/bike/… bleiben
STUDIO_PEGEL	STUDIO_GAIN	bezeichner	server/src/schema/edits.ts; Studio-Spiegel	1	§6.1; Server-Spiegel ohne Import (Naht §3.3)
verarbeite	processTour	bezeichner	server/src/routes/tours.ts	1	§6.4; heute nicht exportiert, Start-Migration braucht sie (Naht §3.3): Welle 1 exportiert oder verschiebt sie
anreicherung.json	enrichment.json	datei	Datenordner je Tour; server/src/pipeline/anreicherung.ts	1	auf Platte in Welle 1 per Start-Migration, das Modul erst Welle 2 (§6.6)
einladung_pflicht	invitation_required	db-schluesselzeile	einstellungen.schluessel; server/src/db.ts	1	VORSCHLAG (Zielform nicht in §6); ohne UPDATE fällt der Schalter still auf die Vorgabe (§4.2)
einladung_pflicht	invitation_required	db-schluesselzeile	einstellungen.schluessel; server/src/auth/einladungen.ts	1	aus Grundstock; ohne UPDATE fällt der Schalter still auf die Vorgabe (§4.2)
email-wechsel	email-change	db-schluesselzeile	mailvorlagen.schluessel; server/src/mailvorlagen.ts	1	VORSCHLAG; §4.2
verifikation	verification	db-schluesselzeile	mailvorlagen.schluessel; server/src/mailvorlagen.ts	1	VORSCHLAG; ohne UPDATE greift die Admin-Abweichung nicht mehr (§4.2)
warteliste	waitlist	db-schluesselzeile	mailvorlagen.schluessel; server/src/mailvorlagen.ts	1	VORSCHLAG; §4.2
warteliste_offen	waitlist_open	db-schluesselzeile	einstellungen.schluessel; server/src/db.ts	1	VORSCHLAG; §4.2
warteliste_offen	waitlist_open	db-schluesselzeile	einstellungen.schluessel; server/src/auth/warteliste.ts	1	aus Grundstock; §4.2
warteliste-einladung	waitlist-invitation	db-schluesselzeile	mailvorlagen.schluessel; server/src/mailvorlagen.ts	1	VORSCHLAG; §4.2
ablauf	expires_at	db-spalte	einladungen; server/src/db.ts	1	§6.8
anbieter	provider	db-spalte	tracker_importe; server/src/db.ts	1	§6.8
anbieter	provider	db-spalte	tracker_verknuepfungen; server/src/db.ts	1	§6.8
angefordert_am	requested_at	db-spalte	exporte; server/src/db.ts	1	§6.8
angelegt_am	created_at	db-spalte	push_geraete; server/src/db.ts	1	§6.8
angelegt_am	created_at	db-spalte	rueckmeldungen; server/src/db.ts	1	§6.8
anzeigename	display_name	db-spalte	users; server/src/db.ts	1	§6.8
benutzer_id	user_id	db-spalte	exporte; server/src/db.ts	1	§6.8
benutzer_id	user_id	db-spalte	newsletter_einwilligungen; server/src/db.ts	1	§6.8
benutzer_id	user_id	db-spalte	push_geraete; server/src/db.ts	1	§6.8
benutzer_id	user_id	db-spalte	rueckmeldungen; server/src/db.ts	1	§6.8
benutzer_id	user_id	db-spalte	tracker_importe; server/src/db.ts	1	§6.8
benutzer_id	user_id	db-spalte	tracker_verknuepfungen; server/src/db.ts	1	§6.8
bestaetigt_am	confirmed_at	db-spalte	warteliste; server/src/db.ts	1	§6.8
bestaetigt_ip	confirmed_ip	db-spalte	warteliste; server/src/db.ts	1	§6.8
betreff	subject	db-spalte	mailvorlagen; server/src/db.ts	1	§6.8; Inhalt bleibt deutsch
dachzeile	kicker	db-spalte	tours; server/src/db.ts	1	§6.8
dateien	file_count	db-spalte	exporte; server/src/db.ts	1	§6.8; Zähler heißt …_count (§6.0)
eingeladen_am	invited_at	db-spalte	warteliste; server/src/db.ts	1	§6.8
eingeladen_code	invited_code	db-spalte	warteliste; server/src/db.ts	1	§6.8
eingeloest_am	redeemed_at	db-spalte	einladungen; server/src/db.ts	1	§6.8
eingeloest_von	redeemed_by	db-spalte	einladungen; server/src/db.ts	1	§6.8
eingetragen_am	joined_at	db-spalte	warteliste; server/src/db.ts	1	§6.8
eingetragen_ip	joined_ip	db-spalte	warteliste; server/src/db.ts	1	§6.8
erstellt_am	created_at	db-spalte	einladungen; server/src/db.ts	1	§6.8
erstellt_von	created_by	db-spalte	einladungen; server/src/db.ts	1	§6.8
externe_id	external_id	db-spalte	tracker_importe; server/src/db.ts	1	§6.8
externer_nutzer	external_user	db-spalte	tracker_verknuepfungen; server/src/db.ts	1	§6.8
fehler	error	db-spalte	tours; server/src/db.ts	1	§6.8
fehler	error	db-spalte	exporte; server/src/db.ts	1	§6.8
fehler	error	db-spalte	tracker_importe; server/src/db.ts	1	§6.8
fertig_am	finished_at	db-spalte	exporte; server/src/db.ts	1	§6.8
fertig_am	finished_at	db-spalte	tracker_importe; server/src/db.ts	1	§6.8
finale_ziel	finale_target	db-spalte	tours; server/src/db.ts	1	§6.8
frei_ab	free_from	db-spalte	handles_reserviert; server/src/db.ts	1	§6.8
fuss	footer	db-spalte	mailvorlagen; server/src/db.ts	1	§6.8
geaendert_am	updated_at	db-spalte	mailvorlagen; server/src/db.ts	1	§6.8
geaendert_am	updated_at	db-spalte	rueckmeldungen; server/src/db.ts	1	§6.8
geaendert_von	updated_by	db-spalte	mailvorlagen; server/src/db.ts	1	§6.8
gemeldet_am	reported_at	db-spalte	tracker_importe; server/src/db.ts	1	§6.8
gesehen_am	seen_at	db-spalte	tracker_importe; server/src/db.ts	1	§6.8
handle_geaendert_am	handle_changed_at	db-spalte	users; server/src/db.ts	1	§6.8
ip_praefix	ip_prefix	db-spalte	sessions; server/src/db.ts	1	§6.8
knopf	button	db-spalte	mailvorlagen; server/src/db.ts	1	§6.8
kontext	context	db-spalte	rueckmeldungen; server/src/db.ts	1	§6.8; JSON-Blob, innere Schlüssel gehen per UPDATE mit (§4.2)
laeuft_ab_am	expires_at	db-spalte	exporte; server/src/db.ts	1	§6.8
laeuft_ab_am	expires_at	db-spalte	tracker_verknuepfungen; server/src/db.ts	1	§6.8
letzter_fehler	last_error	db-spalte	tracker_verknuepfungen; server/src/db.ts	1	§6.8
notiz	note	db-spalte	einladungen; server/src/db.ts	1	§6.8
notiz	note	db-spalte	rueckmeldungen; server/src/db.ts	1	§6.8
notiz	note	db-spalte	warteliste; server/src/db.ts	1	§6.8
nutzlast	payload	db-spalte	mail_tokens; server/src/db.ts	1	§6.8; Inhalt ist roher String, kein JSON (§4.2)
ort	location	db-spalte	users; server/src/db.ts	1	§6.8
plattform	platform	db-spalte	push_geraete; server/src/db.ts	1	§6.8
profil_sichtbarkeit	profile_visibility	db-spalte	users; server/src/db.ts	1	§6.8
quelle	source	db-spalte	newsletter_einwilligungen; server/src/db.ts	1	§6.8; Werte wandern (§4.2)
quelle	source	db-spalte	rueckmeldungen; server/src/db.ts	1	§6.8; Werte web/app bleiben
rolle	role	db-spalte	users; server/src/db.ts	1	§6.8
schluessel	key	db-spalte	einstellungen; server/src/db.ts	1	§6.8; Zeilenwerte gehen mit (db-schluesselzeile)
schluessel	key	db-spalte	mailvorlagen; server/src/db.ts	1	§6.8; Zeilenwerte gehen mit (db-schluesselzeile)
suchmaschinen	search_indexing	db-spalte	users; server/src/db.ts	1	§6.8
text	body	db-spalte	mailvorlagen; server/src/db.ts	1	§6.8
textfassung	text_version	db-spalte	newsletter_einwilligungen; server/src/db.ts	1	§6.8; Inhalt bleibt deutsch
titel	title	db-spalte	mailvorlagen; server/src/db.ts	1	§6.8
titelbild	banner	db-spalte	users; server/src/db.ts	1	§6.8; Wert ist Pfad, Benutzer-Ordner titelbild/ wird mit umbenannt (§4.2)
verbunden_am	connected_at	db-spalte	tracker_verknuepfungen; server/src/db.ts	1	§6.8
versuche	attempts	db-spalte	tracker_importe; server/src/db.ts	1	§6.8
wert	value	db-spalte	einstellungen; server/src/db.ts	1	§6.8
wiederholbar	retryable	db-spalte	tracker_importe; server/src/db.ts	1	§6.8
zeitpunkt	at	db-spalte	newsletter_einwilligungen; server/src/db.ts	1	§6.8
zuletzt_gesehen	last_seen_at	db-spalte	sessions; server/src/db.ts	1	§6.8
zuletzt_gesehen_am	last_seen_at	db-spalte	push_geraete; server/src/db.ts	1	§6.8
zuletzt_sync_am	last_sync_at	db-spalte	tracker_verknuepfungen; server/src/db.ts	1	§6.8
zustand	state	db-spalte	newsletter_einwilligungen; server/src/db.ts	1	§6.8
zweck	purpose	db-spalte	mail_tokens; server/src/db.ts	1	§6.8; Werte verify/reset/email bleiben
einladungen	invitations	db-tabelle	server/src/db.ts	1	§6.8
einstellungen	settings	db-tabelle	server/src/db.ts	1	§6.8
exporte	data_exports	db-tabelle	server/src/db.ts	1	§6.8
handles_reserviert	reserved_handles	db-tabelle	server/src/db.ts	1	§6.8
mailvorlagen	mail_templates	db-tabelle	server/src/db.ts	1	§6.8
newsletter_einwilligungen	newsletter_consents	db-tabelle	server/src/db.ts	1	§6.8
push_geraete	push_devices	db-tabelle	server/src/db.ts	1	§6.8
rueckmeldungen	feedback	db-tabelle	server/src/db.ts	1	§6.8
tracker_importe	tracker_imports	db-tabelle	server/src/db.ts	1	§6.8
tracker_verknuepfungen	tracker_links	db-tabelle	server/src/db.ts	1	§6.8
warteliste	waitlist	db-tabelle	server/src/db.ts	1	§6.8
abgelaufen	expired	db-wert	tracker_verknuepfungen.status; server/src/db.ts	1	§4.2
abgelaufen	expired	db-wert	tracker_verknuepfungen.status; server/src/db.ts, server/src/tracker/tracker.ts, server/src/tracker/importlauf.ts, server/src/routes/tracker-webhooks.ts	1	§4.2; sichtbar anders als unverbunden (Knopf Neu verbinden)
abmeldelink	unsubscribe_link	db-wert	newsletter_einwilligungen.quelle; server/src/db.ts	1	§4.2
abmeldelink	unsubscribe_link	db-wert	newsletter_einwilligungen.quelle; server/src/db.ts, server/src/newsletter.ts, server/src/routes/newsletter.ts	1	§4.2
aktiv	active	db-wert	tracker_verknuepfungen.status; server/src/db.ts	1	§4.2
aktiv	active	db-wert	tracker_verknuepfungen.status; server/src/db.ts, server/src/tracker/tracker.ts, server/src/routes/tracker.ts, server/src/routes/tracker-webhooks.ts	1	§4.2
an	on	db-wert	newsletter_einwilligungen.zustand; server/src/db.ts	1	§4.2
an	on	db-wert	newsletter_einwilligungen.zustand; server/src/db.ts, server/src/newsletter.ts	1	§4.2; Einwilligung erteilt
angelegt	created	db-wert	tours.status; server/src/db.ts	1	§4.2; Tabellen-Neubau mit CASE
angelegt	created	db-wert	tours.status; server/src/db.ts, server/src/routes/tours.ts	1	§4.2; Tabellen-Neubau mit CASE
aus	off	db-wert	newsletter_einwilligungen.zustand; server/src/db.ts	1	§4.2
aus	off	db-wert	newsletter_einwilligungen.zustand; server/src/db.ts, server/src/newsletter.ts	1	§4.2; widerrufen
bereit	ready	db-wert	tours.status; server/src/db.ts	1	§4.2; härtester Wert: Galerie/Profil/Sitemap filtern darauf
bereit	ready	db-wert	tours.status; server/src/db.ts, server/src/routes/tours.ts, server/src/routes/media.ts, server/src/routes/galerie.ts, server/src/routes/seiten.ts, server/src/auth/auth.ts, server/src/pipeline/cover.ts, server/src/pipeline/bildnachtrag.ts, server/src/pipeline/enrich.ts	1	§4.2; härtester Wert: Galerie/Profil/Sitemap filtern darauf; steht auch als status IM tour.json
erledigt	done	db-wert	rueckmeldungen.status; server/src/db.ts	1	§4.2
erledigt	done	db-wert	rueckmeldungen.status; server/src/db.ts, server/src/rueckmeldungen.ts, server/src/routes/rueckmeldungen.ts	1	§4.2; kürzere Löschfrist
fehler	failed	db-wert	tours.status; server/src/db.ts	1	§4.2; als Status failed, als Feldname error (§6.1)
fehler	failed	db-wert	exporte.status; server/src/db.ts	1	§4.2
fehler	failed	db-wert	tracker_importe.status; server/src/db.ts	1	§4.2
fehler	failed	db-wert	tours.status, exporte.status, tracker_importe.status; server/src/db.ts, server/src/app.ts, server/src/routes/tours.ts, server/src/export.ts, server/src/tracker/tracker.ts, server/src/tracker/importlauf.ts	1	§4.2; als Status failed, als Feldname error (§6.1); derselbe Wert in drei Tabellen
fertig	done	db-wert	exporte.status; server/src/db.ts	1	§4.2
fertig	done	db-wert	tracker_importe.status; server/src/db.ts	1	§4.2
fertig	done	db-wert	exporte.status, tracker_importe.status; server/src/db.ts, server/src/export.ts, server/src/tracker/tracker.ts, server/src/tracker/importlauf.ts	1	§4.2
getrennt	disconnected	db-wert	tracker_verknuepfungen.status; server/src/db.ts	1	§4.2
getrennt	disconnected	db-wert	tracker_verknuepfungen.status; server/src/db.ts, server/src/tracker/tracker.ts	1	§4.2
in_arbeit	in_progress	db-wert	rueckmeldungen.status; server/src/db.ts	1	§4.2
in_arbeit	in_progress	db-wert	rueckmeldungen.status; server/src/db.ts, server/src/rueckmeldungen.ts, server/src/routes/rueckmeldungen.ts	1	§4.2
konto	account	db-wert	newsletter_einwilligungen.quelle; server/src/db.ts	1	§4.2
konto	account	db-wert	newsletter_einwilligungen.quelle; server/src/db.ts, server/src/newsletter.ts, server/src/routes/auth.ts	1	§4.2
laeuft	running	db-wert	exporte.status; server/src/db.ts	1	§4.2; partieller Index idx_exporte_laufend entsteht neu mit WHERE status='running'
laeuft	running	db-wert	tracker_importe.status; server/src/db.ts	1	§4.2
laeuft	running	db-wert	exporte.status, tracker_importe.status; server/src/db.ts, server/src/export.ts, server/src/tracker/tracker.ts	1	§4.2; partieller Index idx_exporte_laufend entsteht neu mit WHERE status='running'
nutzer	user	db-wert	users.rolle; server/src/db.ts	1	§4.2
nutzer	user	db-wert	users.rolle; server/src/db.ts, server/src/auth/auth.ts, server/src/routes/admin.ts	1	§4.2 (admin bleibt)
offen	open	db-wert	rueckmeldungen.status; server/src/db.ts	1	§4.2
offen	open	db-wert	rueckmeldungen.status; server/src/db.ts, server/src/rueckmeldungen.ts, server/src/routes/rueckmeldungen.ts	1	§4.2
registrierung	signup	db-wert	newsletter_einwilligungen.quelle; server/src/db.ts	1	§4.2
registrierung	signup	db-wert	newsletter_einwilligungen.quelle; server/src/db.ts, server/src/newsletter.ts, server/src/routes/auth.ts	1	§4.2
uebersprungen	skipped	db-wert	tracker_importe.status; server/src/db.ts	1	§4.2
uebersprungen	skipped	db-wert	tracker_importe.status; server/src/db.ts, server/src/tracker/tracker.ts, server/src/tracker/importlauf.ts	1	§4.2; kein Fehler (ohne GPS, zu kurz, Speicher voll)
verarbeitung	processing	db-wert	tours.status; server/src/db.ts	1	§4.2; läuft auch durch API und App-Vergleiche
verarbeitung	processing	db-wert	tours.status; server/src/db.ts, server/src/app.ts, server/src/routes/tours.ts, server/src/routes/media.ts	1	§4.2; läuft auch durch API und App-Vergleiche
wartet	pending	db-wert	tracker_importe.status; server/src/db.ts	1	§4.2
wartet	pending	db-wert	tracker_importe.status; server/src/db.ts, server/src/tracker/tracker.ts	1	§4.2
AUFNAHME	RECORDING	enum-speicherwert	android TourStatus; LuhamboDb.kt EnumKonverter	1	§6.5/§4.4; Room v4 destruktiv
AUFNAHME	RECORDING	enum-speicherwert	android/app/src/main/java/app/maptale/daten/Entities.kt	1	Grundstock/§6.5; Room v4 destruktiv (§4.4).
ENTWURF	DRAFT	enum-speicherwert	android TourStatus	1	§6.5
ENTWURF	DRAFT	enum-speicherwert	android/app/src/main/java/app/maptale/daten/Entities.kt	1	Grundstock/§6.5.
FEHLER	FAILED	enum-speicherwert	android TourStatus	1	§6.5
FEHLER	FAILED	enum-speicherwert	android/app/src/main/java/app/maptale/daten/Entities.kt	1	Grundstock/§6.5; Status failed, nicht error (§6.1).
HOCHGELADEN	UPLOADED	enum-speicherwert	android TourStatus; MediumUploadStatus	1	§6.5
HOCHGELADEN	UPLOADED	enum-speicherwert	android/app/src/main/java/app/maptale/daten/Entities.kt	1	Grundstock/§6.5; Wert beider Enums (touren.status und medien.uploadStatus).
LAEDT_HOCH	UPLOADING	enum-speicherwert	android TourStatus	1	§6.5
LAEDT_HOCH	UPLOADING	enum-speicherwert	android/app/src/main/java/app/maptale/daten/Entities.kt	1	Grundstock/§6.5.
LOKAL	LOCAL	enum-speicherwert	android MediumUploadStatus	1	§6.5
LOKAL	LOCAL	enum-speicherwert	android/app/src/main/java/app/maptale/daten/Entities.kt	1	Grundstock/§6.5.
bestaetigeWarteliste	confirmWaitlist	export-funktion	src/studio/api.ts	1	§6.7 /waitlist/confirm; Wartelisten-Mail bestaetigen (DOI)
editorDaten	loadEditorPayload	export-funktion	src/studio/api.ts	1	VORSCHLAG: verb-first load (vom Server holen); Editor-Daten laden
finalisiere	finalize	export-funktion	src/studio/api.ts	1	API-Pfad /finalize bleibt; Upload abschliessen (Anreicherung starten)
ladeAudio	uploadAudio	export-funktion	src/studio/api.ts	1	upload, nicht load; Audiodatei hochladen
ladeBibliotheksAudio	uploadLibraryAudio	export-funktion	src/studio/api.ts	1	upload; Audio in die Bibliothek hochladen
ladeMedium	uploadMedium	export-funktion	src/studio/api.ts	1	upload; medium §6.1; Foto/Video hochladen
ladeTrack	uploadTrack	export-funktion	src/studio/api.ts	1	lade (hochladen)→upload, NICHT load (load ist Lesen, §6.0 Regel 3); GPX-Track hochladen
legeTourAn	createTour	export-funktion	src/studio/api.ts	1	lege an→create; neue Tour anlegen
listeBibliothek	listLibrary	export-funktion	src/studio/api.ts	1	list + library; Audiobibliothek auflisten
listeTouren	listTours	export-funktion	src/studio/api.ts	1	liste→list; eigene Touren auflisten
loescheAudio	deleteAudio	export-funktion	src/studio/api.ts	1	delete; Audiodatei loeschen
loescheBibliotheksAudio	deleteLibraryAudio	export-funktion	src/studio/api.ts	1	delete; Bibliotheks-Audio loeschen
loescheKonto	deleteAccount	export-funktion	src/studio/api.ts	1	loesche→delete; account §6.2; eigenes Konto loeschen
loescheMedium	deleteMedium	export-funktion	src/studio/api.ts	1	delete; medium §6.1
loescheTour	deleteTour	export-funktion	src/studio/api.ts	1	delete; Tour loeschen
passwortReset	resetPassword	export-funktion	src/studio/api.ts	1	§6.7 password-reset; verb-first; neues Passwort mit Token setzen
passwortResetAnfordern	requestPasswordReset	export-funktion	src/studio/api.ts	1	§6.7 password-reset-request; Reset-Mail anfordern
pruefeEinladung	checkInvitation	export-funktion	src/studio/api.ts	1	§6.7 check-invitation; Einladungscode pruefen
registriere	register	export-funktion	src/studio/api.ts	1	wie API-Pfad /api/auth/register; Konto registrieren
reicheMedienNach	addMedia	export-funktion	src/studio/api.ts	1	§6.3 addMedia; Route POST /api/tours/:id/media; Medien nachreichen
speichereEdits	saveEdits	export-funktion	src/studio/api.ts	1	speichere→save; Edit-Overlay speichern
trageAusWarteliste	leaveWaitlist	export-funktion	src/studio/api.ts	1	§6.7 /waitlist/leave; aus der Warteliste austragen
trageInWarteliste	joinWaitlist	export-funktion	src/studio/api.ts	1	VORSCHLAG: join (wie joined_at §6.8); waitlist §6.2; in die Warteliste eintragen
verifiziereEmail	verifyEmail	export-funktion	src/studio/api.ts	1	§6.7 /verify; E-Mail-Adresse bestaetigen
ApiFehler	ApiError	export-klasse	src/admin/api.ts, src/studio/api.ts	1	§6.1 error als Feldname; studio/api.ts ist Welle-1-Datei, beide Definitionen zusammen
MODI	TRAVEL_MODES	export-konstante	server/src/schema/upload.ts	1	aus Grundstock (Single Source der Modi; Werte walk/bike/… bleiben)
MODI	TRAVEL_MODES	export-konstante	src/studio/editmodell.ts	1	Grundstock/§5-Tabelle; Single Source in schema/upload.ts, Werte walk/bike/… bleiben; grenzfall
STUDIO_PEGEL	STUDIO_GAIN	export-konstante	server/src/schema/edits.ts	1	aus Grundstock (§6.1); Server-Spiegel-Naht (§3.3)
AdminStatistiken	AdminStats	export-typ	src/admin/api.ts	1	API-Typ; Pfad wird /api/admin/stats (§6.7)
AnbieterStand	ProviderState	export-typ	src/konto/trackermodell.ts	1	VORSCHLAG: §6.8 anbieter→provider, Stand→State; API-Typ
Benutzer	User	export-typ	src/studio/api.ts	1	§6.2 user; Benutzerdaten aus /auth/me
BibliotheksDatei	LibraryFile	export-typ	src/studio/api.ts	1	library §6.7, file; Datei der Benutzer-Audiobibliothek
EditorDaten	EditorPayload	export-typ	src/studio/api.ts	1	VORSCHLAG: Daten ist Fuellwort (§6.0 Regel 6), Payload traegt Rohdaten und Overlay
EinladungsStand	InvitationsState	export-typ	src/admin/api.ts	1	VORSCHLAG: Stand (Server-Stand samt Zaehlern)→State; API-Typ
Einstellungen	Settings	export-typ	src/admin/api.ts	1	§6.4 setting; API-Typ (Pfad /api/admin/settings)
GalerieAntwort	GalleryResponse	export-typ	src/galerie/galeriemodell.ts	1	VORSCHLAG: Antwort→Response; API-Typ
GalerieTour	GalleryTour	export-typ	src/galerie/galeriemodell.ts	1	API-Typ von /api/gallery (Welle-1-Schnitt: Web-Leser, nur API-Typen)
Geraet	Device	export-typ	src/konto/kontomodell.ts	1	§6.2 device; API-Typ von /api/auth/me/devices
ImportStand	TrackerImport	export-typ	src/konto/trackermodell.ts	1	VORSCHLAG: Eintrag der Import-Chronik; API-Typ zu tracker_imports
ImportStatus	TrackerImportStatus	export-typ	src/konto/trackermodell.ts	1	§6.8 tracker_imports; Statuswerte gehen in Welle 1 (§4.2); grenzfall
KontoFelder	AccountFields	export-typ	src/admin/api.ts	1	API-Request-Felder (Konto anlegen/aendern), deshalb Welle 1
NachreichEingabe	AddMediaInput	export-typ	src/studio/api.ts	1	Nachreichen→addMedia (§6.3); Eingabe→Input; nachgereichte Medien
Profil	Profile	export-typ	src/studio/api.ts	1	§6.2 profile; grenzfall aus der Inventur; Profildaten des Benutzers
ProtokollAntwort	AuditLogResponse	export-typ	src/admin/api.ts	1	VORSCHLAG: Antwort→Response; Antwortform des Protokoll-Endpunkts
RueckmeldungsStand	FeedbackState	export-typ	src/admin/api.ts	1	VORSCHLAG: Stand→State; API-Typ
Sitzung	Session	export-typ	src/admin/api.ts, src/studio/api.ts	1	§6.2 session; API-Typ aus /auth/me
SpeicherAufteilung	StorageBreakdown	export-typ	src/konto/kontomodell.ts	1	VORSCHLAG: Aufteilung→breakdown; API-Typ von /api/auth/me/storage
SpeicherStand	StorageUsage	export-typ	src/konto/kontomodell.ts	1	VORSCHLAG: belegter Speicher und Limit; API-Typ
TourJsonAntwort	TourJsonResponse	export-typ	src/remote.ts	1	Antwort→Response; Vertragstyp des Tour-JSON, Felder gehen in W1 mit (§6.9)
TourKurz	TourSummary	export-typ	src/konto/trackermodell.ts	1	VORSCHLAG: Kurzform einer importierten Tour; API-Typ
TourListe	TourListItem	export-typ	src/studio/api.ts	1	VORSCHLAG: Element Singular (§6.0 Regel 4); Eintrag der Bibliotheksliste, nicht die Liste
VerknuepfungsStatus	TrackerLinkStatus	export-typ	src/konto/trackermodell.ts	1	§6.8 tracker_links; Statuswerte aktiv/abgelaufen/getrennt sind Vertragswerte (§4.2)
VorlagenStand	MailTemplateStatus	export-typ	src/admin/api.ts	1	ENTSCHIEDEN 2026-08-20 (Abnahme): Stand→State; Mail- vorangestellt wie MailTemplate
VorschauAntwort	PreviewResponse	export-typ	src/admin/api.ts	1	VORSCHLAG: Antwort→Response; Server-Vorschau einer Mail
WartelistenStand	WaitlistState	export-typ	src/admin/api.ts	1	VORSCHLAG: Stand→State; API-Typ; Abgrenzung zu WaitlistStatus (adminmodell)
kontext: geraet	device	json-blob-schluessel	rueckmeldungen.kontext; server/src/routes/rueckmeldungen.ts	1	§4.2; App-Rückmeldungen
kontext: plattform	platform	json-blob-schluessel	rueckmeldungen.kontext; server/src/routes/rueckmeldungen.ts	1	§4.2
kontext: schirm	screen	json-blob-schluessel	rueckmeldungen.kontext; server/src/routes/rueckmeldungen.ts	1	Bildschirmgröße; §4.2
kontext: seite	page	json-blob-schluessel	rueckmeldungen.kontext; server/src/routes/rueckmeldungen.ts	1	Pfad der Seite; Blob per UPDATE (§4.2)
kontext: sprache	language	json-blob-schluessel	rueckmeldungen.kontext; server/src/routes/rueckmeldungen.ts	1	§4.2
stats_json: fotos	placedMedia	json-blob-schluessel	tours.stats_json; server/src/pipeline/enrich.ts, server/src/pipeline/geo.ts	1	aus Grundstock (§6.9): zählt Fotos UND Videos, deshalb nicht photos; DB-Blob per UPDATE (§4.2)
stats_json: spur	trackSignature	json-blob-schluessel	tours.stats_json; server/src/pipeline/enrich.ts, server/src/pipeline/geo.ts, server/src/pipeline/signatur.ts	1	aus Grundstock (§6.9); SVG-Miniatur für Kacheln
stats_json: spur.ende	end	json-blob-schluessel	tours.stats_json; server/src/pipeline/signatur.ts	1	ende→end (§6.9); Unterobjekt neben englischem d und start
ab	from	json-feld	edits.json modi[]	1	§6.9
ab	from	json-feld	edits.json audio[]	1	§6.9
anker	anchor	json-feld	edits.json audio[]	1	§6.9
anzeigename	displayName	json-feld	tour.json autor; API-Antworten	1	§6.7/§6.9
art	kind	json-feld	edits.json momente[]; tour.json moments[]	1	§6.9; kind statt type: type ist die Gattung eines Dings (§6.0)
autor	author	json-feld	tour.json; GET /api/tours/:id	1	§6.9; wird bei Auslieferung frisch eingesetzt
befunde	findings	json-feld	anreicherung.json (enrichment@2)	1	§6.9
bis	to	json-feld	edits.json audio[]	1	§6.9
bisS	toS	json-feld	edits.json medien[].trim	1	§6.9
datei	file	json-feld	edits.json audio[]	1	§6.9
dauerFilmS	durationFilmS	json-feld	edits.json audio[]	1	§6.9
dauerS	durationS	json-feld	edits.json momente[]; tour.json moments[]	1	§6.9
einstiegS	startS	json-feld	edits.json audio[]	1	§6.9; so heißt es im Tour-JSON schon
ende	end	json-feld	edits.json trim	1	§6.9; trim.start bleibt
entfernt	removed	json-feld	original/manifest.json (upload@2)	1	§6.9
fehler	error	json-feld	tour.json; API-Antworten	1	§6.9; Feldname error, Statuswert failed
fotos	placedMedia	json-feld	tour.json stats; tours.stats_json	1	§6.9; zählt Fotos UND Videos, deshalb NICHT photos
geloescht	removed	json-feld	edits.json medien[]	1	§6.9
kamera	camera	json-feld	edits.json (edits@2)	1	§6.9
lautstaerke	volume	json-feld	edits.json audio[]	1	§6.9; Pegel-Wörter: volume je Klip, gain gerendert, masterGain (§6.1)
medien	media	json-feld	edits.json (edits@2); server/src/schema/edits.ts	1	§6.9; auch Android EditsFortschreibung.kt (Naht §3.3)
modi	travelModes	json-feld	edits.json (edits@2)	1	§6.9
modiAutomatisch	travelModesAuto	json-feld	original/manifest.json (upload@2); server/src/schema/upload.ts	1	§6.9
momente	moments	json-feld	edits.json (edits@2)	1	§6.9
orte	places	json-feld	anreicherung.json (enrichment@2)	1	§6.9
quelle	source	json-feld	original/manifest.json (upload@2)	1	§6.9
quelle	source	json-feld	edits.json audio[]	1	§6.9
reihe	order	json-feld	edits.json medien[]; tour.json	1	§6.9
skala	scale	json-feld	edits.json kamera[]; tour.json camera[]	1	§6.9
spur	trackSignature	json-feld	tour.json stats; tours.stats_json	1	§6.9; stats.spur
staerke	intensity	json-feld	edits.json wetter[]	1	§6.9
titelbild	cover	json-feld	edits.json (edits@2)	1	§6.9; Tour-Titelbild ist cover, Profil-Titelbild ist banner (§6.1)
trimSignatur	trimSignature	json-feld	anreicherung.json (enrichment@2)	1	§6.9; Signaturen werden NEU BERECHNET, nicht abgebildet (§4.3)
versatzFilmS	offsetFilmS	json-feld	edits.json audio[]	1	§6.9
videoSchnittSignatur	videoCutSignature	json-feld	anreicherung.json (enrichment@2)	1	§6.9; dito
vonS	fromS	json-feld	edits.json medien[].trim	1	§6.9
wetter	weather	json-feld	edits.json (edits@2)	1	§6.9
wetterRoh	weatherRaw	json-feld	anreicherung.json (enrichment@2)	1	§6.9
medien	media	json-schluessel	android/app/src/main/java/app/maptale/upload/EditsFortschreibung.kt	1	Grundstock/§6.9 (edits@2); Naht §3.3 mit dem Server-Schema.
medien	media	json-schluessel	android/app/src/main/java/app/maptale/upload/ApiClient.kt	1	Grundstock; wandert mit der Route POST /api/tours/:id/media; Antwort ebenso.
quelle	source	json-schluessel	android/app/src/main/java/app/maptale/upload/ApiClient.kt	1	§6.9; nur der Schlüssel. Der WERT galerie:<MediaStore-ID> bleibt, sonst kippt der Dedup-Riegel gegen Bestandsdaten.
titelbild	cover	json-schluessel	android/app/src/main/java/app/maptale/upload/EditsFortschreibung.kt	1	Grundstock/§6.9 titelbild→cover (Tour-Titelbild, nicht banner).
typ	type	json-schluessel	android/app/src/main/java/app/maptale/push/MaptalePushDienst.kt	1	Grundstock (push-schluessel); Naht §3.3 mit server/src/push.ts.
aufstieg	ascend	json-wert	edits.json momente[].art; tour.json moments[].kind	1	§6.9
benutzer	user	json-wert	edits.json audio[].quelle	1	§6.9
bibliothek	library	json-wert	edits.json audio[].quelle	1	§6.9
innehalten	linger	json-wert	edits.json momente[].art; tour.json moments[].kind	1	§6.9
manuell	manual	json-wert	tour.json media[].placement; src/studio/editmodell.ts (Schreiber); src/studio/editor.ts (Vergleich, PLACEMENT_NAMEN)	1	§6.9
mittel	mid	json-wert	edits.json kamera[].preset; tour.json camera[].preset; PRESETS in src/tour.ts	1	§6.9; nicht medium: das ist die einzelne Aufnahme
musik	music	json-wert	edits.json audio[].typ; tour.json audio[].type	1	§6.9; sfx bleibt
nah	near	json-wert	edits.json kamera[].preset; tour.json camera[].preset; PRESETS in src/tour.ts	1	§6.9; PRESETS-Schlüssel und main.ts-Vergleich im selben Commit (Naht §3.3)
standard	default	json-wert	edits.json kamera[].preset; src/main.ts (kamFolger)	1	§6.9; standard steht NICHT in PRESETS, wird in main.ts abgefangen (Naht §3.3)
umkreisen	orbit	json-wert	edits.json momente[].art; tour.json moments[].kind	1	§6.9
unplatziert	unplaced	json-wert	tour.json media[].placement	1	§6.9; gps bleibt
weit	far	json-wert	edits.json kamera[].preset; tour.json camera[].preset; PRESETS in src/tour.ts	1	§6.9
zeit	time	json-wert	tour.json media[].placement; server/src/pipeline/placement.ts; src/studio/editmodell.ts	1	§6.9; Typ ist blankes string, Compiler sieht nichts
{{austragenLink}}	{{leaveLink}}	mail-platzhalter	server/src/mailvorlagen.ts; mailvorlagen-Zeilen	1	VORSCHLAG; passend zu /api/auth/waitlist/leave (§6.7)
{{austragenLink}}	{{leaveLink}}	mail-platzhalter	server/src/mailvorlagen.ts, server/src/maillayout.ts	1	aus Grundstock; Code UND gespeicherte Vorlagen-Zeilen im selben UPDATE (§4.2)
{{frist}}	{{deadline}}	mail-platzhalter	server/src/mailvorlagen.ts; mailvorlagen-Zeilen (gespeicherter Text)	1	VORSCHLAG; Code UND gespeicherte Vorlagen im selben UPDATE (§4.2)
{{frist}}	{{deadline}}	mail-platzhalter	server/src/mailvorlagen.ts	1	aus Grundstock; §4.2 ({{name}}, {{link}}, {{code}} bleiben)
{{groesse}}	{{size}}	mail-platzhalter	server/src/mailvorlagen.ts; mailvorlagen-Zeilen	1	VORSCHLAG; §4.2
{{groesse}}	{{size}}	mail-platzhalter	server/src/mailvorlagen.ts	1	aus Grundstock; §4.2
modiAutomatisch	travelModesAuto	manifest-schluessel	android/app/src/main/java/app/maptale/upload/Manifest.kt	1	Grundstock/§6.9; der einzige deutsche Manifest-Schlüssel (upload@2).
erledigt	done	objekt-schluessel	src/admin/adminmodell.ts	1	Statuswert-Spiegel §4.2
in_arbeit	in_progress	objekt-schluessel	src/admin/adminmodell.ts	1	Statuswert-Spiegel §4.2
manuell	manual	objekt-schluessel	src/studio/editor.ts	1	Grundstock: placement-Wert; Schreiber, Vergleich und Tabelle im selben Zug
mittel	mid	objekt-schluessel	src/tour.ts	1	Grundstock/§6.9; nicht medium, das ist die einzelne Aufnahme
nah	near	objekt-schluessel	src/tour.ts	1	Grundstock/§6.9: PRESETS-Schluessel ist Vertragswert, Welle 1
offen	open	objekt-schluessel	src/admin/adminmodell.ts	1	Statuswert-Spiegel (rueckmeldungen.status §4.2); Vertragswert, deshalb Welle 1
unplatziert	unplaced	objekt-schluessel	src/studio/editor.ts	1	Grundstock: placement-Wert; gps bleibt
weit	far	objekt-schluessel	src/tour.ts	1	Grundstock/§6.9
zeit	time	objekt-schluessel	src/studio/editor.ts	1	Grundstock: placement-Werte sind Vertragswerte und gehen in W1 (PLACEMENT_NAMEN-Schluessel)
typ	type	push-schluessel	server/src/push.ts; android MaptalePushDienst.kt	1	Naht §3.3; Leser liegen in Welle 2 und 7, deshalb Welle 1
typ	type	push-schluessel	server/src/push.ts, server/src/fcm.ts	1	"aus Grundstock; App liest data[""typ""] wörtlich — Naht §3.3, App-Release am selben Tag"
import-fertig	import-finished	push-wert	server/src/push.ts; android MaptalePushDienst.kt	1	VORSCHLAG; Naht §3.3, sonst kommt keine Import-fertig-Meldung mehr an
import-fertig	import-finished	push-wert	server/src/push.ts, server/src/fcm.ts	1	aus Grundstock (dort VORSCHLAG); wörtlicher Vergleich in der App — Naht §3.3
gesehen	seen	query-parameter	GET /api/tracker/imports/pending; android ApiClient.kt; server/src/routes/tracker.ts	1	§6.7; ?gesehen=1→?seen=1
gesehen	seen	query-parameter	GET /api/tracker/imports/pending; android ApiClient.kt	1	§6.7; ?gesehen=1→?seen=1, Wert 1 quittiert alles Offene; App und Server im selben Zug
seit	since	query-parameter	GET /api/admin/protokoll; src/admin/api.ts	1	VORSCHLAG: since; Zeitfilter des Protokolls
stufe	level	query-parameter	GET /api/admin/protokoll	1	VORSCHLAG: level; registriert, vom Web nie gesetzt; Werte fehler/warnung→error/warning (Log-Ebene, NICHT Status failed)
ankerLat	anchorLat	room-spalte	android/app/src/main/java/app/maptale/daten/Entities.kt	1	Anker→anchor (§6.1).
ankerLng	anchorLng	room-spalte	android/app/src/main/java/app/maptale/daten/Entities.kt	1	Anker→anchor (§6.1).
aufgenommenMs	takenAtMs	room-spalte	android/app/src/main/java/app/maptale/daten/Entities.kt	1	Zeitstempel …At plus Einheit (§6.0 Regel 1); Manifest-Schlüssel heißt schon takenAt.
beschreibung	description	room-spalte	android/app/src/main/java/app/maptale/daten/Entities.kt	1	§4.4.
datei	file	room-spalte	android/app/src/main/java/app/maptale/daten/Entities.kt	1	§4.4.
distanzM	distanceM	room-spalte	android/app/src/main/java/app/maptale/daten/Entities.kt	1	§4.4; Einheit bleibt im Namen (§6.0 Regel 1).
endeMs	endMs	room-spalte	android/app/src/main/java/app/maptale/daten/Entities.kt	1	§4.4; Room-Spalten bleiben camelCase wie der englische Bestand (tOffsetS, caption).
fehler	error	room-spalte	android/app/src/main/java/app/maptale/daten/Entities.kt	1	Feldname error, nicht failed (§6.1); letzter Fehlertext.
genauigkeitM	accuracyM	room-spalte	android/app/src/main/java/app/maptale/daten/Entities.kt	1	§4.4.
modus	travelMode	room-spalte	android/app/src/main/java/app/maptale/daten/Entities.kt	1	Spaltenname; der gespeicherte schluessel-String (walk/…) bleibt.
modusAutomatisch	travelModeAuto	room-spalte	android/app/src/main/java/app/maptale/daten/Entities.kt	1	VORSCHLAG: Bool je Tour; das Manifest-Feld travelModesAuto ist dagegen die Liste.
titel	title	room-spalte	android/app/src/main/java/app/maptale/daten/Entities.kt	1	§4.4.
typ	type	room-spalte	android/app/src/main/java/app/maptale/daten/Entities.kt	1	§4.4; Werte photo|video bleiben.
medien	media	room-tabelle	android/app/src/main/java/app/maptale/daten/Entities.kt	1	§6.1 medien→media; Verbund-Schlüssel (tourId, id) bleibt.
moduswechsel	travel_mode_changes	room-tabelle	android/app/src/main/java/app/maptale/daten/Entities.kt	1	VORSCHLAG: travelMode-Familie; snake_case, Plural.
touren	tours	room-tabelle	android/app/src/main/java/app/maptale/daten/Entities.kt	1	§4.4; destruktive Room-v4-Migration.
trackpunkte	track_points	room-tabelle	android/app/src/main/java/app/maptale/daten/Entities.kt	1	VORSCHLAG: snake_case nach §6.0 SQLite.
luhambo/edits@1	entfällt	schema-kennung	server/src/schema/edits.ts	1	Alt-Alias (§4.1)
luhambo/tour@1	entfällt	schema-kennung	src/remote.ts	1	Alt-Alias (§4.1)
luhambo/upload@1	entfällt	schema-kennung	server/src/schema/upload.ts	1	Alt-Alias; Start-Migration erkennt ihn, neuer Code nicht mehr (§4.1)
maptale/anreicherung@1	maptale/enrichment@2	schema-kennung	anreicherung.json; server/src/pipeline/anreicherung.ts	1	Datei wird zugleich zu enrichment.json (§4.3)
maptale/edits@1	maptale/edits@2	schema-kennung	edits.json; server/src/schema/edits.ts	1	§4.1
maptale/tour@1	maptale/tour@2	schema-kennung	tour.json; src/remote.ts	1	nicht migriert sondern neu gerendert (§4.3)
maptale/upload@1	maptale/upload@2	schema-kennung	original/manifest.json; server/src/schema/upload.ts	1	kein Leser für @1; alte App bekommt 400 mit Klartext (§4.1)
aufstieg	ascend	union-wert	server/src/schema/edits.ts	1	§6.9
benutzer	user	union-wert	server/src/schema/edits.ts	1	§6.9; eigener Upload
bibliothek	library	union-wert	server/src/schema/edits.ts	1	§6.9; kuratierter Effekt
innehalten	linger	union-wert	server/src/schema/edits.ts	1	§6.9
manuell	manual	union-wert	server/src/pipeline/placement.ts	1	§6.9; Schreiber editmodell.ts und Vergleich editor.ts (PLACEMENT_NAMEN) im selben Zug
mittel	mid	union-wert	server/src/schema/edits.ts	1	§6.9; nicht medium (das ist die einzelne Aufnahme)
musik	music	union-wert	server/src/schema/edits.ts	1	§6.9; sfx bleibt; steuert auch den Loop-Default
nah	near	union-wert	server/src/schema/edits.ts	1	§6.9 (Grundstock); PRESETS-Schlüssel und main.ts im selben Commit (Naht §3.3)
umkreisen	orbit	union-wert	server/src/schema/edits.ts	1	§6.9
unplatziert	unplaced	union-wert	server/src/pipeline/placement.ts	1	§6.9; gps bleibt
weit	far	union-wert	server/src/schema/edits.ts	1	§6.9 (standard→default daneben, Grundstock)
zeit	time	union-wert	server/src/pipeline/placement.ts	1	§6.9; landet als placement im Tour-JSON; Typ ist blankes string, Compiler sieht nichts
darfSehen	canView	bezeichner	server/src/	2	§6.4
kollabierePausen	collapsePauses	bezeichner	server/src/pipeline/	2	§6.4
nurOwner	requireOwner	bezeichner	server/src/	2	§6.4
raffePausen	compressPauses	bezeichner	server/src/pipeline/	2	§6.4
server/src/auth/einladungen.ts	server/src/auth/invitations.ts	datei	server/src/auth/einladungen.ts	2	§6.6
server/src/auth/passwort.ts	server/src/auth/password.ts	datei	server/src/auth/passwort.ts	2	§6.6
server/src/auth/warteliste.ts	server/src/auth/waitlist.ts	datei	server/src/auth/warteliste.ts	2	§6.6
server/src/bremse.ts	server/src/rate-limit.ts	datei	server/src/bremse.ts	2	§6.6
server/src/export.ts	server/src/data-export.ts	datei	server/src/export.ts	2	§6.6
server/src/exportinhalt.ts	server/src/data-export-content.ts	datei	server/src/exportinhalt.ts	2	§6.6
server/src/exportlauf.ts	server/src/data-export-run.ts	datei	server/src/exportlauf.ts	2	§6.6
server/src/maillayout.ts	server/src/mail-layout.ts	datei	server/src/maillayout.ts	2	§6.6
server/src/mailvorlagen.ts	server/src/mail-templates.ts	datei	server/src/mailvorlagen.ts	2	§6.6
server/src/manifestsperre.ts	server/src/manifest-lock.ts	datei	server/src/manifestsperre.ts	2	§6.6
server/src/pipeline/anreicherung.ts	server/src/pipeline/enrichment.ts	datei	server/src/pipeline/anreicherung.ts	2	§6.6
server/src/pipeline/bild.ts	server/src/pipeline/image.ts	datei	server/src/pipeline/bild.ts	2	§6.6
server/src/pipeline/bildnachtrag.ts	server/src/pipeline/image-addendum.ts	datei	server/src/pipeline/bildnachtrag.ts	2	§6.6
server/src/pipeline/filmachse.ts	server/src/pipeline/film-axis.ts	datei	server/src/pipeline/filmachse.ts	2	§6.6
server/src/pipeline/filmtempo.ts	server/src/pipeline/film-tempo.ts	datei	server/src/pipeline/filmtempo.ts	2	§6.6
server/src/pipeline/musikwahl.ts	server/src/pipeline/music-choice.ts	datei	server/src/pipeline/musikwahl.ts	2	§6.6
server/src/pipeline/schienen.ts	server/src/pipeline/rails.ts	datei	server/src/pipeline/schienen.ts	2	§6.6
server/src/pipeline/signatur.ts	server/src/pipeline/signature.ts	datei	server/src/pipeline/signatur.ts	2	§6.6
server/src/pipeline/zeit.ts	server/src/pipeline/time.ts	datei	server/src/pipeline/zeit.ts	2	§6.6
server/src/profilfelder.ts	server/src/profile-fields.ts	datei	server/src/profilfelder.ts	2	§6.6
server/src/protokoll.ts	server/src/audit-log.ts	datei	server/src/protokoll.ts	2	§6.6
server/src/routes/bibliothek.ts	server/src/routes/audio-library.ts	datei	server/src/routes/bibliothek.ts	2	§6.6
server/src/routes/galerie.ts	server/src/routes/gallery.ts	datei	server/src/routes/galerie.ts	2	§6.6
server/src/routes/rueckmeldungen.ts	server/src/routes/feedback.ts	datei	server/src/routes/rueckmeldungen.ts	2	§6.6
server/src/routes/seiten.ts	server/src/routes/pages.ts	datei	server/src/routes/seiten.ts	2	§6.6
server/src/routes/warteliste.ts	server/src/routes/waitlist.ts	datei	server/src/routes/warteliste.ts	2	§6.6
server/src/rueckmeldungen.ts	server/src/feedback.ts	datei	server/src/rueckmeldungen.ts	2	§6.6
server/src/seiten.ts	server/src/page-meta.ts	datei	server/src/seiten.ts	2	§6.6; bewusst anders als routes/pages.ts
server/src/titelbilder.ts	server/src/profile-banners.ts	datei	server/src/titelbilder.ts	2	§6.6
server/src/tracker/importlauf.ts	server/src/tracker/import-run.ts	datei	server/src/tracker/importlauf.ts	2	§6.6
server/src/tracker/krypto.ts	server/src/tracker/crypto.ts	datei	server/src/tracker/krypto.ts	2	§6.6
server/src/tracker/normalisierer.ts	server/src/tracker/normalizer.ts	datei	server/src/tracker/normalisierer.ts	2	§6.6
server/src/tracker/testprovider.ts	server/src/tracker/test-provider.ts	datei	server/src/tracker/testprovider.ts	2	§6.6
server/src/tracker/touranleger.ts	server/src/tracker/tour-creator.ts	datei	server/src/tracker/touranleger.ts	2	§6.6
server/src/tracker/vertrag.ts	server/src/tracker/contract.ts	datei	server/src/tracker/vertrag.ts	2	§6.6
server/src/webpfade.ts	server/src/web-paths.ts	datei	server/src/webpfade.ts	2	§6.6; Drift-Wächter test/routen.test.ts liest den Namen
abmeldeToken	unsubscribeToken	export-funktion	server/src/newsletter.ts	2	abmelden→unsubscribe (§6.7); signiert, ohne Frist
abmeldeUrl	unsubscribeUrl	export-funktion	server/src/newsletter.ts	2	Abmeldelink für die Seite
alsAttribut	escapeAttribute	export-funktion	server/src/seiten.ts	2	VORSCHLAG: verb-first nach Wirkung (HTML-Attribut-Escaping)
alsBeschreibung	buildDescription	export-funktion	server/src/seiten.ts	2	VORSCHLAG: verb-first; kürzt Rohtext zur Meta-Beschreibung
alsGroesse	formatSize	export-funktion	server/src/routes/export.ts	2	VORSCHLAG: verb-first nach Wirkung; menschenlesbar für die Export-Mail
anteilZurUhrzeit	clockTimeAtFraction	export-funktion	server/src/pipeline/zeit.ts	2	VORSCHLAG: Ergebnis-zuerst-Muster (wie distanceAtFilmTime); Uhrzeit→clockTime
anzeigeDateiname	displayFilename	export-funktion	server/src/pipeline/bild.ts	2	mN.w1920.jpg
artDerDatei	fileType	export-funktion	server/src/quota.ts	2	VORSCHLAG: §6.0 Regel 8 type vor kind (keine Kollision); Zuordnung nach Endung
aufnahmeHaltS	mediumHoldS	export-funktion	server/src/pipeline/filmtempo.ts	2	Aufnahme (einzelnes Foto/Video)→medium (§6.1); holdS Glossar-Kopf
baueAchsenHalte	buildAxisStops	export-funktion	server/src/pipeline/filmachse.ts	2	Halte aus platzierten Medien
baueApp	buildApp	export-funktion	server/src/app.ts	2	baue→build (§6.3)
baueArchiv	buildArchive	export-funktion	server/src/export.ts	2	baut den ZIP-Stream
baueBenennung	buildNaming	export-funktion	server/src/pipeline/naming.ts	2	Titel und Stationen aus den Ortsnamen
baueBremse	buildRateLimit	export-funktion	server/src/bremse.ts	2	Bremse→rateLimit (§6.4); baue→build
baueFilmAchse	buildFilmAxis	export-funktion	server/src/pipeline/filmachse.ts	2	baut die Achse aus Segmenten und Halten
baueMeta	buildMeta	export-funktion	server/src/seiten.ts	2	og:, twitter:, robots
baueMomentHalte	buildMomentStops	export-funktion	server/src/pipeline/filmachse.ts	2	Halte der Kamera-Momente
baueSegmentAusGpx	buildSegmentFromGpx	export-funktion	server/src/pipeline/gpx.ts	2	Upload-Segment aus GPX-Punkten
baueSignatur	buildSignature	export-funktion	server/src/pipeline/signatur.ts	2	verdichtet Wegpunkte zur Signatur
baueUndLege	buildAndStore	export-funktion	server/src/exportlauf.ts	2	VORSCHLAG: ablegen→store; führt den Export-Lauf aus
baueZeitreihe	buildTimeSeries	export-funktion	server/src/pipeline/zeit.ts	2	aus den Segmenten
beispielRohTrack	exampleRawTrack	export-funktion	server/src/tracker/testprovider.ts	2	Fixture-Track für Tests
beispielWerte	exampleValues	export-funktion	server/src/mailvorlagen.ts	2	Beispielbelegung für Vorschau und Testmail
benenneTour	nameTour	export-funktion	server/src/pipeline/naming.ts	2	kompletter Benennungslauf
benutzteBytes	usedBytes	export-funktion	server/src/quota.ts	2	Summe je Konto
berechneRohAnreicherung	computeRawEnrichment	export-funktion	server/src/pipeline/anreicherung.ts	2	berechne→compute (einheitlich); roh→raw
berechneStats	computeStats	export-funktion	server/src/pipeline/geo.ts	2	berechne→compute; km und Höhenmeter
berechneWetter	computeWeather	export-funktion	server/src/pipeline/weather.ts	2	berechne→compute; Auto-Wetter-Timeline
bereiteFotosAuf	preparePhotos	export-funktion	server/src/pipeline/bild.ts	2	VORSCHLAG: aufbereiten→prepare (processTour ist verarbeiten, §6.4)
bereiteVideosAuf	prepareVideos	export-funktion	server/src/pipeline/video.ts	2	VORSCHLAG: prepare wie preparePhotos; transkodiert/remuxt, erzeugt Poster
bestimmeCover	chooseCover	export-funktion	server/src/pipeline/enrich.ts	2	VORSCHLAG: bestimme/wähle→choose (ein Verb je Bedeutung)
bildBefundZuWetter	imageFindingToWeather	export-funktion	server/src/pipeline/vision.ts	2	Befund→Wettermodus und Stärke
brauchtTranskodierung	needsTranscoding	export-funktion	server/src/pipeline/video.ts	2	Boolean-Regel; web-untauglich kodiert
darfSehen	canView	export-funktion	server/src/routes/tours.ts	2	§6.4
dauerZuSekunden	durationToSeconds	export-funktion	server/src/tracker/provider/polar.ts	2	ISO-8601-Dauer
destilliereTimeline	distillTimeline	export-funktion	server/src/pipeline/zeit.ts	2	verdichtet zur Tour-JSON-timeline
distanzM	distanceM	export-funktion	server/src/pipeline/geo.ts	2	Haversine
ebenenAusAdresse	levelsFromAddress	export-funktion	server/src/pipeline/naming.ts	2	Adress-Ebenen→levels; Dachzeilen-Vorschläge
einKlickUrl	oneClickUrl	export-funktion	server/src/newsletter.ts	2	wie /api/newsletter/one-click (§6.7); RFC 8058
entschluessele	decrypt	export-funktion	server/src/tracker/krypto.ts	2	Gegenstück
erfordereAdmin	requireAdmin	export-funktion	server/src/app.ts	2	Guard 403; dito
erfordereBenutzer	requireUser	export-funktion	server/src/app.ts	2	Guard 401; require-Muster aus nurOwner→requireOwner (§6.4)
filmBeiZeit	filmTimeAtRecordingTime	export-funktion	server/src/pipeline/filmachse.ts	2	ENTSCHIEDEN 2026-08-20 (Abnahme): Muster distanceAtFilmTime (§6.3a); Aufnahmezeit→recordingTime (§6.1)
filmsekunden	filmSeconds	export-funktion	server/src/pipeline/filmtempo.ts	2	Filmsekunden für n Meter
finalisiereTour	finalizeTour	export-funktion	server/src/routes/tours.ts	2	Route /finalize heißt schon so
findePausen	findPauses	export-funktion	server/src/pipeline/zeit.ts	2	Pausen in der Zeitreihe
findePlatzhalter	findPlaceholders	export-funktion	server/src/maillayout.ts	2	findet alle {{...}}-Platzhalter
freierHandle	findFreeHandle	export-funktion	server/src/handle.ts	2	VORSCHLAG: verb-first (§6.0); findet unbelegten Handle mit Suffix
fuehreImportAus	runImport	export-funktion	server/src/tracker/importlauf.ts	2	Lauf/ausführen→run (import-run.ts); Download, Pipeline, Push
fuehreImporteAus	runImports	export-funktion	server/src/tracker/importlauf.ts	2	Stapel-Lauf mit Cursor
geocodiereEndpunkte	geocodeEndpoints	export-funktion	server/src/pipeline/naming.ts	2	Reverse-Geocoding
glaette	smooth	export-funktion	server/src/pipeline/geo.ts	2	gleitender Mittelwert
glaetteSamples	smoothSamples	export-funktion	server/src/pipeline/weather.ts	2	glättet die Wetter-Samples
gleichSicher	timingSafeEquals	export-funktion	server/src/tracker/krypto.ts	2	VORSCHLAG: Node-Begriff timingSafeEqual
handleAusEmail	handleFromEmail	export-funktion	server/src/handle.ts	2	aus→from
hashePasswort	hashPassword	export-funktion	server/src/auth/passwort.ts	2	passwort→password (§6.6)
hatFaststart	hasFaststart	export-funktion	server/src/pipeline/video.ts	2	moov-Atom vorn
hebeSchienenAbschnitte	promoteRailSegments	export-funktion	server/src/pipeline/schienen.ts	2	VORSCHLAG: heben auf tram→promote
ipPraefix	ipPrefix	export-funktion	server/src/auth/auth.ts	2	wie ip_prefix (§6.8); Datenschutz-Zusage unverändert
istAbgemeldet	isUnregistered	export-funktion	server/src/fcm.ts	2	nach FCM-Antwort UNREGISTERED; Boolean-Regel
istAudioDatei	isAudioFile	export-funktion	server/src/schema/edits.ts	2	prüft gegen das Pattern
istAufzeichnung	isRecording	export-funktion	server/src/pipeline/tempo.ts	2	recording (§6.1/§6.5); dichte Zeitreihe
istGepackt	isCompressed	export-funktion	server/src/exportinhalt.ts	2	Boolean-Regel; entscheidet STORE statt Deflate
istKachelbild	isTiledImage	export-funktion	server/src/pipeline/bild.ts	2	gekacheltes HEIC→tiled; NICHT thumbnail und nicht tile (§6.3a)
istTitelbildVorschlag	isBannerSuggestion	export-funktion	server/src/profilfelder.ts	2	VORSCHLAG: Vorschlag→suggestion; Profil-Titelbild→banner (§6.1); die vier mitgelieferten
istVorlagenSchluessel	isTemplateKey	export-funktion	server/src/mailvorlagen.ts	2	Type-Guard
klemmeSchnitt	clampCut	export-funktion	server/src/pipeline/video.ts	2	klemmt auf Materiallänge
kollabierePausen	collapsePauses	export-funktion	server/src/pipeline/zeit.ts	2	§6.4; GPS-Drift auf den Schwerpunkt
konfigAusEnv	configFromEnv	export-funktion	server/src/config.ts	2	aus→from
ladeTour	loadTour	export-funktion	server/src/routes/tours.ts	2	load (§6.4)
legeTourAn	createTour	export-funktion	server/src/routes/tours.ts	2	anlegen→create (wie created/tour-creator); geteilt mit Tracker-Anleger
legeTourAusTrackAn	createTourFromTrack	export-funktion	server/src/tracker/touranleger.ts	2	geteilter Pfad mit dem Upload
leseDienstkonto	parseServiceAccount	export-funktion	server/src/fcm.ts	2	VORSCHLAG: Wirkung ist Parsen (verb-first §6.0); Dienstkonto→serviceAccount (FCM-Begriff)
liesExifBlock	readExifBlock	export-funktion	server/src/pipeline/bild.ts	2	read für Byte-Ebene; load bleibt DB/Datei
liesmich	buildReadme	export-funktion	server/src/exportinhalt.ts	2	VORSCHLAG: verb-first; die erzeugte LIESMICH.txt ist Produkttext und bleibt deutsch (§3.4)
liesOrientierung	readOrientation	export-funktion	server/src/pipeline/bild.ts	2	EXIF-Drehung
loopAktiv	loopEnabled	export-funktion	server/src/schema/edits.ts	2	ENTSCHIEDEN 2026-08-20 (Abnahme): enabled (Schalter, §6.7); Default Musik ja
mapZuRecord	mapToRecord	export-funktion	server/src/pipeline/anreicherung.ts	2	fürs JSON-Serialisieren
mediumDateiKandidaten	mediumFileCandidates	export-funktion	server/src/routes/tours.ts	2	Original und Fassungen
mediumDateiname	mediumFilename	export-funktion	server/src/schema/upload.ts	2	kanonischer Original-Dateiname
mediumVorhanden	mediumExists	export-funktion	server/src/routes/tours.ts	2	Boolean-Regel
meterFuerFilmsekunden	metersForFilmSeconds	export-funktion	server/src/pipeline/filmtempo.ts	2	amerikanisch meters (§6.0)
mitExif	withExif	export-funktion	server/src/pipeline/bild.ts	2	mit→with
mitManifestSperre	withManifestLock	export-funktion	server/src/manifestsperre.ts	2	manifestLock (§6.4); mit→with; Mutex je Tour
modusAusSportart	travelModeFromSport	export-funktion	server/src/tracker/touranleger.ts	2	VORSCHLAG: Sportart→sport (Anbieter-Begriff sport type)
modusAusTempo	travelModeFromSpeed	export-funktion	server/src/pipeline/gpx.ts	2	VORSCHLAG: Tempo ist hier reales Durchschnittstempo→speed, nicht Film-tempo
momentHaltS	momentHoldS	export-funktion	server/src/pipeline/filmtempo.ts	2	Standzeit eines Kamera-Moments
mussWebKonvertiert	needsWebConversion	export-funktion	server/src/pipeline/video.ts	2	muss→needs (Boolean-Regel)
nacktesInstagram	normalizeInstagram	export-funktion	server/src/profilfelder.ts	2	VORSCHLAG: dito
nacktesWeb	normalizeWebsite	export-funktion	server/src/profilfelder.ts	2	VORSCHLAG: verb-first nach Wirkung statt wörtlich bareWeb
nameAusEmail	nameFromEmail	export-funktion	server/src/auth/auth.ts	2	aus→from (wie session-from-token)
nassAnteil	wetFraction	export-funktion	server/src/pipeline/musikwahl.ts	2	Anteil→fraction; Regen/Schnee-Anteil der Wetter-Timeline
neueExportId	newDataExportId	export-funktion	server/src/ids.ts	2	VORSCHLAG: Data eingefügt (dataExport §6.1, Tabelle data_exports)
neueMediumId	newMediumId	export-funktion	server/src/ids.ts	2	Medium bleibt Singular (§6.1 medium)
neuerEinladungsCode	newInvitationCode	export-funktion	server/src/ids.ts	2	invitation §6.2
neueSessionId	newSessionId	export-funktion	server/src/ids.ts	2	Sitzungs-ID s_…
neuesTokenSecret	newTokenSecret	export-funktion	server/src/ids.ts	2	Präfix lhb_ ist Datenbestand, bleibt
neueTourId	newTourId	export-funktion	server/src/ids.ts	2	Präfix t_ bleibt (§3.4)
neueUserId	newUserId	export-funktion	server/src/ids.ts	2	Benutzer-ID u_…
newsletterKopfzeilen	newsletterHeaders	export-funktion	server/src/newsletter.ts	2	List-Unsubscribe-Kopfzeilen
oeffneDb	openDb	export-funktion	server/src/db.ts	2	öffnen→open; fährt die Migrationsleiter hoch
ohneOrientierung	withoutOrientation	export-funktion	server/src/pipeline/bild.ts	2	ohne→without; setzt Drehung auf 1
platziereMedien	placeMedia	export-funktion	server/src/pipeline/placement.ts	2	GPS, Zeit oder Hand
positionZurZeit	positionAtTime	export-funktion	server/src/pipeline/zeit.ts	2	VORSCHLAG: liefert Streckenanteil f zum Zeitstempel (Ergebnis zuerst)
posterDateiname	posterFilename	export-funktion	server/src/pipeline/video.ts	2	Dateiname des Video-Posters
posterZeitpunkt	posterTime	export-funktion	server/src/pipeline/video.ts	2	Zeitpunkt des Poster-Frames
projiziereAufReihe	projectOntoTimeSeries	export-funktion	server/src/pipeline/filmachse.ts	2	Reihe = Zeitreihe→TimeSeries; Muster projectOntoTrack (Grundstock)
protokollZiel	auditLogTarget	export-funktion	server/src/protokoll.ts	2	Pino-Transportziel
pruefeAbmeldeToken	checkUnsubscribeToken	export-funktion	server/src/newsletter.ts	2	prüfe→check; gibt Benutzer-ID zurück
pruefeBausteine	validateParts	export-funktion	server/src/mailvorlagen.ts	2	VORSCHLAG: parts wie MailParts; prüfe→validate (Pflicht-Platzhalter)
pruefeEditsSemantik	validateEditsSemantics	export-funktion	server/src/schema/edits.ts	2	prüfe→validate; über das JSON-Schema hinaus
pruefeHandleForm	validateHandleForm	export-funktion	server/src/handle.ts	2	ENTSCHIEDEN 2026-08-20 (Abnahme): prüfe→validate (§6.3); Formprüfung
pruefePasswort	checkPassword	export-funktion	server/src/auth/passwort.ts	2	prüfe→check (§6.3); Prüfung gegen den Hash
pruefeQuota	checkQuota	export-funktion	server/src/quota.ts	2	prüfe→check; wirft/meldet am Limit
pseudoZeiten	pseudoTimes	export-funktion	server/src/pipeline/zeit.ts	2	Basis der timeline
punkteZuGpx	pointsToGpx	export-funktion	server/src/tracker/normalisierer.ts	2	Rohpunkte→GPX-Text
quotaStand	quotaStatus	export-funktion	server/src/quota.ts	2	VORSCHLAG: wie QuotaStatus
raffePausen	compressPauses	export-funktion	server/src/pipeline/zeit.ts	2	§6.4; Pseudo-Zeiten mit Zeitraffer
recordZuMap	recordToMap	export-funktion	server/src/pipeline/anreicherung.ts	2	beim Laden des Caches
registriereAdminRouten	registerAdminRoutes	export-funktion	server/src/routes/admin.ts	2	§6.4
registriereAuthRouten	registerAuthRoutes	export-funktion	server/src/routes/auth.ts	2	§6.4
registriereBibliotheksRouten	registerAudioLibraryRoutes	export-funktion	server/src/routes/bibliothek.ts	2	audioLibrary (§6.3; Datei routes/audio-library.ts)
registriereExportRouten	registerDataExportRoutes	export-funktion	server/src/routes/export.ts	2	dataExport (§6.1)
registriereGalerieRouten	registerGalleryRoutes	export-funktion	server/src/routes/galerie.ts	2	§6.4; gallery (§6.7)
registriereMediaRouten	registerMediaRoutes	export-funktion	server/src/routes/media.ts	2	§6.4
registriereNewsletterRouten	registerNewsletterRoutes	export-funktion	server/src/routes/newsletter.ts	2	§6.4
registrierePushRouten	registerPushRoutes	export-funktion	server/src/routes/push.ts	2	§6.4
registriereRueckmeldungsRouten	registerFeedbackRoutes	export-funktion	server/src/routes/rueckmeldungen.ts	2	feedback (§6.4)
registriereSeitenRouten	registerPageRoutes	export-funktion	server/src/routes/seiten.ts	2	Datei routes/pages.ts (§6.6); /@handle, /tour/:id, Sitemaps
registriereTourRouten	registerTourRoutes	export-funktion	server/src/routes/tours.ts	2	§6.4
registriereTrackerRouten	registerTrackerRoutes	export-funktion	server/src/routes/tracker.ts	2	§6.4
registriereTrackerWebhookRouten	registerTrackerWebhookRoutes	export-funktion	server/src/routes/tracker-webhooks.ts	2	§6.4; anmeldefreie Webhooks
registriereWartelistenRouten	registerWaitlistRoutes	export-funktion	server/src/routes/warteliste.ts	2	§6.4
reichereAn	enrichTour	export-funktion	server/src/pipeline/enrich.ts	2	VORSCHLAG: Objekt im Namen wie processTour; der Render Rohdaten+Overlay→Tour-JSON
rendereMail	renderMail	export-funktion	server/src/maillayout.ts	2	rendert zur multipart-Mail
rueckkehrUrl	returnUrl	export-funktion	server/src/routes/tracker.ts	2	OAuth-Redirect-URL
sammleEintraege	collectEntries	export-funktion	server/src/exportlauf.ts	2	alle ZIP-Einträge (Daten + Medien)
sammleKonto	collectAccount	export-funktion	server/src/exportlauf.ts	2	sammle→collect
sammleTouren	collectTours	export-funktion	server/src/exportlauf.ts	2	dito
saubereKontext	cleanContext	export-funktion	server/src/routes/rueckmeldungen.ts	2	Whitelist-Filter; kontext→context
schnittVideoDateiname	cutVideoFilename	export-funktion	server/src/pipeline/video.ts	2	Schnitt→cut (wie videoCutSignature)
setzeMeta	setMeta	export-funktion	server/src/seiten.ts	2	ersetzt den Block zwischen den Markern
setzeWerteEin	fillPlaceholders	export-funktion	server/src/maillayout.ts	2	VORSCHLAG: nach Wirkung; Paar zu findPlaceholders
speicherAufteilung	storageBreakdown	export-funktion	server/src/quota.ts	2	VORSCHLAG: dito; eigene Route, nicht /auth/me
standardTitelbild	defaultBanner	export-funktion	server/src/titelbilder.ts	2	deterministisch aus dem Handle
starteVerarbeitung	startProcessing	export-funktion	server/src/routes/tours.ts	2	processing (§4.2); stößt Re-Render an
startZeitpunkt	startTime	export-funktion	server/src/tracker/provider/polar.ts	2	Polar-Lokalzeit + Versatz→ISO
tempoVerlaufKmh	speedProfileKmh	export-funktion	server/src/pipeline/tempo.ts	2	VORSCHLAG: reales Tempo→speed; Verlauf→profile; Rolling-Median je Punkt
testRaster	testGrid	export-funktion	server/src/pipeline/weather.ts	2	VORSCHLAG: grid wie HourlyGrid; Hilfsraster für Tests
testSignatur	testSignature	export-funktion	server/src/tracker/testprovider.ts	2	Webhook-Signatur des Test-Anbieters
thumbDateiname	thumbFilename	export-funktion	server/src/pipeline/bild.ts	2	mN.t480.jpg
titelbildUrl	bannerUrl	export-funktion	server/src/profilfelder.ts	2	§6.7 (Grundstock api-feld titelbildUrl→bannerUrl)
titleZuHtml	titleToHtml	export-funktion	server/src/pipeline/naming.ts	2	zu→to
tourOrdner	tourFolder	export-funktion	server/src/exportinhalt.ts	2	Ordner→folder (einheitlich); Ordnername im ZIP
trageBildfassungenNach	backfillImageVariants	export-funktion	server/src/pipeline/bildnachtrag.ts	2	VORSCHLAG: backfill; imageVariant (§6.4); Start-Durchlauf für Alttouren
trageTitelbilderNach	backfillCovers	export-funktion	server/src/pipeline/cover.ts	2	VORSCHLAG: backfill; Tour-Titelbild→cover (§6.1)
trenneGehabschnitte	splitWalkSegments	export-funktion	server/src/pipeline/tempo.ts	2	walkSegment (§6.4); trenne→split (wie splitForDisplay)
trenneGehabschnitteInSegmenten	splitWalkSegmentsInSegments	export-funktion	server/src/pipeline/tempo.ts	2	VORSCHLAG: Name doppelt Segment, ggf. splitWalkSegmentsAll; dasselbe über alle Segmente
trimSignatur	trimSignature	export-funktion	server/src/pipeline/anreicherung.ts	2	wie JSON-Feld (Grundstock, Welle 1); Signaturen werden neu berechnet (§4.3)
umgebungsBox	boundingBox	export-funktion	server/src/pipeline/schienen.ts	2	VORSCHLAG: Zweck (Bounding-Box der Tour) statt wörtlich surroundingBox
vereinfacheIndizes	simplifyIndices	export-funktion	server/src/pipeline/geo.ts	2	zu behaltende Punkt-Indizes
vereinfacheSegment	simplifySegment	export-funktion	server/src/pipeline/geo.ts	2	Douglas-Peucker
verfeinereWetterMitFotos	refineWeatherWithPhotos	export-funktion	server/src/pipeline/vision.ts	2	Wetter-Verfeinerung per Fotoanalyse
verfuegbareMedien	availableMedia	export-funktion	server/src/routes/tours.ts	2	DIE Filterstelle (Tombstones, Angekündigtes)
vergibFehlendeHandles	assignMissingHandles	export-funktion	server/src/db.ts	2	VORSCHLAG: vergeben→assign; Migrationshelfer für Altkonten
verschluessele	encrypt	export-funktion	server/src/tracker/krypto.ts	2	AES-256-GCM der Provider-Tokens
videoSchnittSignatur	videoCutSignature	export-funktion	server/src/pipeline/anreicherung.ts	2	dito; Schnitt→cut
vorlage	getTemplate	export-funktion	server/src/mailvorlagen.ts	2	VORSCHLAG: verb-first; get für In-Memory-Katalog, load bleibt DB/Datei (§6.0)
waehleMusik	chooseMusic	export-funktion	server/src/pipeline/musikwahl.ts	2	VORSCHLAG: choose (wie chooseCover)
wartelisteAngeboten	waitlistOffered	export-funktion	server/src/auth/warteliste.ts	2	waitlist §6.2; entscheidet aus drei Schaltern
webVideoDateiname	webVideoFilename	export-funktion	server/src/pipeline/video.ts	2	mN.web.mp4
weichtAb	differs	export-funktion	server/src/mailvorlagen.ts	2	VORSCHLAG: Boolean-Verbform; ob zwei Fassungen inhaltlich verschieden sind
wendeEditsAufSegmenteAn	applyEditsToSegments	export-funktion	server/src/pipeline/edits.ts	2	Trim + Modi in einem Schritt
wendeMedienEditsAn	applyMediaEdits	export-funktion	server/src/pipeline/edits.ts	2	Titel, Anker, Löschung
wendeModiAn	applyTravelModes	export-funktion	server/src/pipeline/edits.ts	2	travelMode (§6.1); Modus-Grenzen des Overlays
wendeTrimAn	applyTourTrim	export-funktion	server/src/pipeline/edits.ts	2	anwenden→apply; tourTrim (§6.3, Strecken-Trim des Overlays)
wetterAusOverlay	weatherFromOverlay	export-funktion	server/src/pipeline/weather.ts	2	edits.wetter statt Auto-Wetter
wetterZuGrenzen	weatherToBoundaries	export-funktion	server/src/pipeline/weather.ts	2	Grenze→boundary (Grundstock); Keyframes→Grenzen fürs Studio
wmoZuWetter	wmoToWeather	export-funktion	server/src/pipeline/weather.ts	2	WMO-Code→Modus und Stärke
zeitBeiFilm	recordingTimeAtFilmTime	export-funktion	server/src/pipeline/filmachse.ts	2	ENTSCHIEDEN 2026-08-20 (Abnahme): Gegenstück, dito
zeitZurPosition	timeAtPosition	export-funktion	server/src/pipeline/zeit.ts	2	VORSCHLAG: Gegenstück
zuGpx	toGpx	export-funktion	server/src/tracker/normalisierer.ts	2	RohTrack→GPX-Text
zuHandle	toHandle	export-funktion	server/src/handle.ts	2	zu→to (wie offsetToIso, Grundstock)
AuthDienst	AuthService	export-klasse	server/src/auth/auth.ts	2	VORSCHLAG: Dienst→Service (projektweit einheitlich)
EinladungsDienst	InvitationService	export-klasse	server/src/auth/einladungen.ts	2	VORSCHLAG: Dienst→Service
EmailVergebenFehler	EmailTakenError	export-klasse	server/src/auth/auth.ts	2	VORSCHLAG: vergeben→taken; Fehlerklasse→Error
ExportDienst	DataExportService	export-klasse	server/src/export.ts	2	VORSCHLAG: Dienst→Service; dataExport (§6.1, Datei data-export.ts)
FakeBildWerkzeug	FakeImageTool	export-klasse	server/src/pipeline/bild.ts	2	Test-Fassung ohne ffmpeg
FakeVideoWerkzeug	FakeVideoTool	export-klasse	server/src/pipeline/video.ts	2	Test-Fassung ohne ffmpeg
FesterGeocoder	FixedGeocoder	export-klasse	server/src/pipeline/naming.ts	2	fest→fixed (alle Test-Fassungen einheitlich)
FesterKlassifikator	FixedClassifier	export-klasse	server/src/pipeline/vision.ts	2	fest→fixed; Test-Fassung mit festen Befunden
FesteSchienen	FixedRails	export-klasse	server/src/pipeline/schienen.ts	2	fest→fixed; Test-Fassung
FesteWetterQuelle	FixedWeatherSource	export-klasse	server/src/pipeline/weather.ts	2	Test-Fassung mit festem Wetter
FfmpegBildWerkzeug	FfmpegImageTool	export-klasse	server/src/pipeline/bild.ts	2	echte Bildverarbeitung über ffmpeg
FfmpegWerkzeug	FfmpegVideoTool	export-klasse	server/src/pipeline/video.ts	2	VORSCHLAG: Video eingefügt zur Abgrenzung von FfmpegImageTool
KonsoleMail	ConsoleMail	export-klasse	server/src/mail.ts	2	Dev-Versand ins Log
KonsolePush	ConsolePush	export-klasse	server/src/push.ts	2	Dev-Versand loggt
MailVorlagenDienst	MailTemplateService	export-klasse	server/src/mailvorlagen.ts	2	VORSCHLAG: Dienst→Service
NewsletterDienst	NewsletterService	export-klasse	server/src/newsletter.ts	2	VORSCHLAG: Dienst→Service
OhneRouteFehler	NoRouteError	export-klasse	server/src/tracker/vertrag.ts, server/src/tracker/touranleger.ts	2	Aktivität ohne GPS; Re-Export im Touranleger geht mit
OpenMeteoQuelle	OpenMeteoSource	export-klasse	server/src/pipeline/weather.ts	2	echte Archiv-Abfrage
OpenRouterKlassifikator	OpenRouterClassifier	export-klasse	server/src/pipeline/vision.ts	2	echte Bildanalyse über OpenRouter
OverpassSchienen	OverpassRails	export-klasse	server/src/pipeline/schienen.ts	2	echte Gleis-Abfrage via Overpass/OSM
Protokoll	AuditLog	export-klasse	server/src/protokoll.ts	2	Ringpuffer für die Verwaltung
PushDienst	PushService	export-klasse	server/src/push.ts	2	VORSCHLAG: Dienst→Service
QuotaFehler	QuotaError	export-klasse	server/src/tracker/touranleger.ts	2	Speicher des Kontos voll
RueckmeldungsDienst	FeedbackService	export-klasse	server/src/rueckmeldungen.ts	2	VORSCHLAG: Dienst→Service
SeitenQuelle	PageSource	export-klasse	server/src/seiten.ts	2	holt gebaute Seiten über Nginx, 5 min Cache
TokensUngueltigFehler	InvalidTokensError	export-klasse	server/src/tracker/vertrag.ts	2	VORSCHLAG: Adjektiv voran (englische Wortstellung)
TrackerDienst	TrackerService	export-klasse	server/src/tracker/tracker.ts	2	VORSCHLAG: Dienst→Service
WartelistenDienst	WaitlistService	export-klasse	server/src/auth/warteliste.ts	2	VORSCHLAG: Dienst→Service
ZuGrossFehler	TooLargeError	export-klasse	server/src/storage.ts	2	Upload über Limit
ZuKleinFehler	TooSmallError	export-klasse	server/src/tracker/vertrag.ts, server/src/tracker/touranleger.ts	2	unter den Mindestschwellen; Re-Export geht mit
ANBIETER	PROVIDERS	export-konstante	server/src/tracker/vertrag.ts	2	Werte bleiben englisch
ANBIETER_NAMEN	PROVIDER_NAMES	export-konstante	server/src/tracker/vertrag.ts	2	Anzeigenamen sind Produkttext und bleiben
ANREICHERUNG_PFAD	ENRICHMENT_PATH	export-konstante	server/src/routes/tours.ts	2	Datei anreicherung.json→enrichment.json in Welle 1 (Grundstock)
ANREICHERUNG_SCHEMA_ID	ENRICHMENT_SCHEMA_ID	export-konstante	server/src/pipeline/anreicherung.ts	2	enrichment (§6.4); der WERT wird maptale/enrichment@2 in Welle 1 (Grundstock)
ANZEIGE_KANTE	DISPLAY_EDGE	export-konstante	server/src/pipeline/bild.ts	2	Anzeige→display (wie DisplaySegment); längste Kante 1920
ARCHIV_DATEI	ARCHIVE_FILE	export-konstante	server/src/export.ts	2	Dateiname des Export-ZIPs
AUDIO_DATEI_PATTERN	AUDIO_FILE_PATTERN	export-konstante	server/src/schema/edits.ts	2	Datei→file
AUTO_MUSIK	AUTO_MUSIC	export-konstante	server/src/pipeline/musikwahl.ts	2	Katalog der Auto-Musik; Dateinamen mus-* bleiben (§3.4)
BASIS_TEMPO_MS	BASE_TEMPO_MS	export-konstante	server/src/pipeline/filmtempo.ts	2	basis→base; welle unsicher: Spiegel-Konstante des Web-Zwillings, ggf. Welle 5 wie TRAVEL_MODE_TEMPO (Grundstock)
BIBLIOTHEK_ORDNER	LIBRARY_FOLDER	export-konstante	server/src/routes/bibliothek.ts	2	Bezeichner; der Ordnername auf Platte ist Datenbestand und wandert nur mit einer Migration
EDITS_PFAD	EDITS_PATH	export-konstante	server/src/routes/tours.ts	2	edits.json
EINWILLIGUNGSTEXTE	CONSENT_TEXTS	export-konstante	server/src/newsletter.ts	2	Wortlaut bleibt deutsch; Drift-Wächter zur UI liest mit
FRIST_EINGELADEN_TAGE	INVITED_RETENTION_DAYS	export-konstante	server/src/auth/warteliste.ts	2	VORSCHLAG: retention wie oben; Frist nach Code-Versand
FRIST_ERLEDIGT_TAGE	DONE_RETENTION_DAYS	export-konstante	server/src/rueckmeldungen.ts	2	VORSCHLAG: Löschfrist→retention; erledigt→done (§4.2); 180 Tage
FRIST_OFFEN_TAGE	OPEN_RETENTION_DAYS	export-konstante	server/src/rueckmeldungen.ts	2	VORSCHLAG: dito; 540 Tage
FRIST_STUNDEN	EXPIRY_HOURS	export-konstante	server/src/export.ts	2	VORSCHLAG: Linkgültigkeit→expiry (expiresAt-Muster §6.2); Mail-Platzhalter {{frist}}→{{deadline}} ist eigene Zeile
FRIST_UNBESTAETIGT_TAGE	UNCONFIRMED_RETENTION_DAYS	export-konstante	server/src/auth/warteliste.ts	2	VORSCHLAG: Löschfrist→retention (deadline ist die Mail-Frist, Grundstock)
FRIST_WARTEND_TAGE	PENDING_RETENTION_DAYS	export-konstante	server/src/auth/warteliste.ts	2	VORSCHLAG: wartend→pending wie §4.2
GUELTIG_TAGE_STANDARD	DEFAULT_VALID_DAYS	export-konstante	server/src/auth/einladungen.ts	2	VORSCHLAG: standard→default (§6.9), vorangestellt; Standard-Gültigkeit eines Codes
HALT_AUSBLEND_S	STOP_FADE_OUT_S	export-konstante	server/src/pipeline/filmtempo.ts	2	ENTSCHIEDEN 2026-08-20 (Abnahme): Ausblenden→fade; welle unsicher wie BASE_TEMPO_MS
HALT_ENGINE_S	STOP_ENGINE_S	export-konstante	server/src/pipeline/filmtempo.ts	2	Halt→stop; inhaltlich eine Standzeit (holdS-Umfeld); welle unsicher wie BASE_TEMPO_MS
HANDLE_REGELN	HANDLE_PATTERN	export-konstante	server/src/handle.ts	2	VORSCHLAG: Regex→PATTERN (wie AUDIO_DATEI_PATTERN); Spiegel src/handle.ts muss wortgleich mit (Welle 6)
HANDLE_TEXTE	HANDLE_ERROR_TEXTS	export-konstante	server/src/handle.ts	2	ENTSCHIEDEN 2026-08-20 (Abnahme): Fehlertexte bleiben deutsch (Produkttext)
ISO_ZEIT_MAXLAENGE	ISO_TIME_MAX_LENGTH	export-konstante	server/src/schema/upload.ts	2	Maximallänge Zeitstempel
ISO_ZEIT_PATTERN	ISO_TIME_PATTERN	export-konstante	server/src/schema/upload.ts	2	Regex im Schema
KOLLAPS_MIN_REST_M	COLLAPSE_MIN_REMAINDER_M	export-konstante	server/src/pipeline/zeit.ts	2	VORSCHLAG: Rest→remainder (REST läse sich als Ruhe); Mindest-Reststrecke
MANIFEST_PFAD	MANIFEST_PATH	export-konstante	server/src/routes/tours.ts	2	original/manifest.json
MARKE_AUF	MARKER_OPEN	export-konstante	server/src/seiten.ts	2	öffnender Meta-Marker; der Marker-TEXT in den gebauten Seiten ist eigener Vertrag
MARKE_ZU	MARKER_CLOSE	export-konstante	server/src/seiten.ts	2	schließender Meta-Marker
MAX_MEDIEN_PRO_TOUR	MAX_MEDIA_PER_TOUR	export-konstante	server/src/schema/upload.ts	2	Obergrenze 500
MAX_PUNKTE	MAX_POINTS	export-konstante	server/src/tracker/normalisierer.ts	2	Obergrenze Trackpunkte eines Imports
MAX_VERSUCHE	MAX_ATTEMPTS	export-konstante	server/src/tracker/tracker.ts	2	versuche→attempts (§6.8); Deckel 3
MIN_DAUER_S	MIN_DURATION_S	export-konstante	server/src/tracker/touranleger.ts	2	120 s
MIN_STRECKE_M	MIN_DISTANCE_M	export-konstante	server/src/tracker/touranleger.ts	2	Strecke→distance (§6.3a); 100 m
MOMENT_ARTEN	CAMERA_MOMENT_KINDS	export-konstante	server/src/schema/edits.ts	2	nach CameraMomentKind (Grundstock); Werte orbit/ascend/linger gehen in Welle 1
nachreichenJsonSchema	addMediaJsonSchema	export-konstante	server/src/schema/upload.ts	2	addMedia (§6.3)
NAHE_M	NEAR_M	export-konstante	server/src/pipeline/filmtempo.ts	2	nah→near (§6.9); Gruppierabstand 120 m; welle unsicher wie BASE_TEMPO_MS
RAMPE_MAX_FILM_S	RAMP_MAX_FILM_S	export-konstante	server/src/pipeline/zeit.ts	2	dito; Obergrenze
RAMPE_MIN_FILM_S	RAMP_MIN_FILM_S	export-konstante	server/src/pipeline/zeit.ts	2	RAMP (§6.3a); Untergrenze Zeitraffer-Fenster
RESERVIERTE_HANDLES	RESERVED_HANDLES	export-konstante	server/src/handle.ts	2	wie reserved_handles (§6.8)
SESSION_HINWEIS_COOKIE	SESSION_NOTICE_COOKIE	export-konstante	server/src/app.ts	2	Hinweis-Cookie; notice wie session-notice.ts (Grundstock); Wert maptale_dabei ist eigene Grundstock-Zeile (Welle 6)
THUMB_KANTE	THUMB_EDGE	export-konstante	server/src/pipeline/bild.ts	2	Kante der Kachel-Fassung 480
TITELBILD_DATEIEN	BANNER_FILES	export-konstante	server/src/titelbilder.ts	2	Profil-Titelbild→banner (§6.1); Dateinamen serpentinen.jpg usw. bleiben (§3.4)
TOURJSON_PFAD	TOUR_JSON_PATH	export-konstante	server/src/routes/tours.ts	2	tour.json
TRACK_PFAD	TRACK_PATH	export-konstante	server/src/routes/tours.ts	2	original/track.gpx
VISION_MODELL_DEFAULT	VISION_MODEL_DEFAULT	export-konstante	server/src/pipeline/vision.ts	2	Standard-Modell der Bildanalyse
VORLAGEN	TEMPLATES	export-konstante	server/src/mailvorlagen.ts	2	Katalog der sechs System-Mails; Standardtexte bleiben deutsch
WEB_PFADE	WEB_PATHS	export-konstante	server/src/webpfade.ts	2	Datei web-paths.ts (§6.6); Drift-Wächter test/routen.test.ts liest mit
WETTER_MODI	WEATHER_MODES	export-konstante	server/src/pipeline/weather.ts	2	wie Grundstock (Studio-Zwilling); Werte off/clouds/… schon englisch
WETTER_STANDARD_K	WEATHER_DEFAULT_K	export-konstante	server/src/pipeline/weather.ts	2	standard→default; Standard-Stärke
AchsenHalt	AxisStop	export-typ	server/src/pipeline/filmachse.ts	2	Halt→stop (Glossar-Kopf)
AdminStatistiken	AdminStats	export-typ	server/src/routes/admin.ts	2	wie /api/admin/stats (§6.7)
AnbieterZugang	ProviderCredentials	export-typ	server/src/config.ts	2	VORSCHLAG: Zugang→credentials (OAuth-Zugangsdaten); anbieter→provider (§6.8)
AnlageErgebnis	CreationResult	export-typ	server/src/tracker/touranleger.ts	2	VORSCHLAG: dito
AnlageQuelle	CreationSource	export-typ	server/src/tracker/touranleger.ts	2	VORSCHLAG: Anlage→creation (tour-creator §6.6); Herkunftsangaben
AnreicherungsCache	EnrichmentCache	export-typ	server/src/pipeline/anreicherung.ts	2	Datei anreicherung.json→enrichment.json in Welle 1
AppAbhaengigkeiten	AppDependencies	export-typ	server/src/app.ts	2	Abhängigkeiten-Objekt zum Bau der Fastify-App
ArchivEintrag	ArchiveEntry	export-typ	server/src/export.ts	2	ein Eintrag im ZIP
Benennung	Naming	export-typ	server/src/pipeline/naming.ts	2	naming (§6.4); Titel und Stationen
Benutzer	User	export-typ	server/src/auth/auth.ts	2	§6.2
BenutzerZeile	UserRow	export-typ	server/src/auth/auth.ts	2	Zeile→row (DB-Zeile)
BildBefund	ImageFinding	export-typ	server/src/pipeline/vision.ts	2	Befund (Bildanalyse)→finding (§6.1); Wetterdeutung
BildKlassifikator	ImageClassifier	export-typ	server/src/pipeline/vision.ts	2	Interface der Bildanalyse
BildSpeicher	ImageStorage	export-typ	server/src/pipeline/bild.ts	2	Speicher→storage (§6.2); Storage-Ausschnitt
BildWerkzeug	ImageTool	export-typ	server/src/pipeline/bild.ts	2	Werkzeug→tool (toolkit ist nur das CSS-Blatt); Interface fürs Skalieren
DateiInfo	FileStat	export-typ	server/src/storage.ts	2	VORSCHLAG: info verboten (§6.0); Name + Größe wie fs-Stat
Einladung	Invitation	export-typ	server/src/auth/einladungen.ts	2	§6.2
EinladungsFehler	InvitationError	export-typ	server/src/auth/einladungen.ts	2	Prüfergebnis-Union eines Codes
EinladungsZustand	InvitationStatus	export-typ	server/src/auth/einladungen.ts	2	ENTSCHIEDEN 2026-08-20 (Abnahme): zustand→state (§6.8); berechnete Werte gehen mit dem Typ
Eintragung	JoinResult	export-typ	server/src/auth/warteliste.ts	2	VORSCHLAG: nach joined_at (§6.8); Ergebnis des Eintragens mit Mail-Token
Einwilligung	Consent	export-typ	server/src/newsletter.ts	2	Protokollzeile (Art. 7 DSGVO)
EinwilligungsQuelle	ConsentSource	export-typ	server/src/newsletter.ts	2	consent (§6.2); Werte signup/account/unsubscribe_link (§4.2, Welle 1)
Empfaenger	Recipient	export-typ	server/src/newsletter.ts	2	nur bestätigte Adressen
Endpunkte	Endpoints	export-typ	server/src/pipeline/naming.ts	2	geocodierte Start-/End-Orte
EnrichEingabe	EnrichmentInput	export-typ	server/src/pipeline/enrich.ts	2	Gesamteingabe des Renders
ExportStand	DataExportStatus	export-typ	server/src/export.ts	2	ENTSCHIEDEN 2026-08-20 (Abnahme): Stand→status; Datenexport→dataExport (§6.1)
FilmAchse	FilmAxis	export-typ	server/src/pipeline/filmachse.ts	2	§6.3a; Server-Zwilling von src/filmachse.ts
FotoEingabe	PhotoInput	export-typ	server/src/pipeline/bild.ts	2	Eingabe→input
FotoMeta	PhotoMeta	export-typ	server/src/pipeline/bild.ts	2	Metadaten der Fassungen
Geraet	Device	export-typ	server/src/auth/auth.ts	2	§6.2; Liste angemeldeter Geräte
GerenderteMail	RenderedMail	export-typ	server/src/maillayout.ts	2	fertige Mail (Betreff, HTML, Text)
GpxPunkt	GpxPoint	export-typ	server/src/pipeline/gpx.ts	2	Trackpunkt aus einer GPX-Datei
GpxSegmentErgebnis	GpxSegmentResult	export-typ	server/src/pipeline/gpx.ts	2	Segment + geratener Modus
HandleFehler	HandleError	export-typ	server/src/handle.ts	2	Fehler-Union der Handle-Prüfung
HolFunktion	FetchFunction	export-typ	server/src/fcm.ts, server/src/tracker/provider/polar.ts	2	VORSCHLAG: umschließt fetch (HTTP), kein load-Fall (§6.4); zweimal gleichnamig definiert, beide Stellen
ImportAuftrag	ImportJob	export-typ	server/src/tracker/importlauf.ts	2	VORSCHLAG: Auftrag→job
ImportZeile	ImportRow	export-typ	server/src/tracker/tracker.ts	2	Zeile→row
KameraGrenze	CameraBoundary	export-typ	server/src/schema/edits.ts	2	aus Grundstock; gilt-ab-Grenze
KameraMoment	CameraMoment	export-typ	server/src/schema/edits.ts	2	aus Grundstock; Art, Anker, Dauer
Konfig	Config	export-typ	server/src/config.ts	2	etablierte Abkürzung (§6.0)
KontoAenderung	AccountUpdate	export-typ	server/src/auth/auth.ts	2	VORSCHLAG: Aenderung→update (Patch-Objekt); Konto→account (§6.2)
KontoAngaben	AccountDetails	export-typ	server/src/exportinhalt.ts	2	VORSCHLAG: Angaben→details (data/info verboten, §6.0); Konto-Teil des Datenexports
LaufAbhaengigkeiten	RunDependencies	export-typ	server/src/exportlauf.ts	2	Lauf→run (data-export-run.ts, Grundstock)
LayoutKontext	LayoutContext	export-typ	server/src/maillayout.ts	2	kontext→context (§6.8)
MailBausteine	MailParts	export-typ	server/src/maillayout.ts	2	VORSCHLAG: Bausteine→parts (die fünf editierbaren Textteile)
MailNachricht	MailMessage	export-typ	server/src/mail.ts	2	zu versendende Mail
MailVersand	MailTransport	export-typ	server/src/mail.ts	2	VORSCHLAG: Versand→transport (Interface des Versandwegs, Nodemailer-Begriff)
MailZweck	MailPurpose	export-typ	server/src/auth/auth.ts	2	zweck→purpose (§6.8); Werte verify/reset/email bleiben
MediumEdit	MediaEdit	export-typ	server/src/schema/edits.ts	2	aus Grundstock (Studio-Zwilling Welle 3)
Metablock	MetaBlock	export-typ	server/src/seiten.ts	2	inhaltlich englisch; nur PascalCase-Binnenmajuskel (§6.0)
Modus	TravelMode	export-typ	server/src/schema/upload.ts	2	aus Grundstock; die Konstante MODI selbst geht in Welle 1
ModusGrenze	TravelModeBoundary	export-typ	server/src/schema/edits.ts	2	aus Grundstock
MomentArt	CameraMomentKind	export-typ	server/src/schema/edits.ts	2	aus Grundstock
MusikEingabe	MusicInput	export-typ	server/src/pipeline/musikwahl.ts	2	Eingaben der Auto-Musikwahl
NachreichMedium	AddedMedium	export-typ	server/src/schema/upload.ts	2	VORSCHLAG: nach addMedia (§6.3); nachgereichtes Medium ohne ID/Tombstone
NachtragErgebnis	BackfillResult	export-typ	server/src/pipeline/bildnachtrag.ts	2	VORSCHLAG: Nachtrag im Code→backfill (wie photo-backfill, Grundstock); Datei bleibt image-addendum.ts (§6.6)
Plattform	Platform	export-typ	server/src/push.ts	2	Werte android/ios bleiben
PlatzhalterInfo	PlaceholderDescription	export-typ	server/src/mailvorlagen.ts	2	VORSCHLAG: info verboten (§6.0 Füllwörter); Beschreibung für die Verwaltung
PlatziertesMedium	PlacedMedium	export-typ	server/src/pipeline/placement.ts	2	wie stats.placedMedia (§6.9)
Platzierung	Placement	export-typ	server/src/pipeline/placement.ts	2	Werte gps/time/manual/unplaced gehen in Welle 1 (§6.9)
Profil	Profile	export-typ	server/src/auth/auth.ts	2	§6.2; öffentliche Profildaten
ProfilAenderung	ProfileUpdate	export-typ	server/src/auth/auth.ts	2	VORSCHLAG: wie AccountUpdate
ProtokollEintrag	AuditLogEntry	export-typ	server/src/protokoll.ts	2	In-Memory-Fehlerprotokoll
ProtokollStufe	AuditLogLevel	export-typ	server/src/protokoll.ts	2	auditLog (§6.4); Werte warnung/fehler sind In-Memory und gehen mit dem Typ (warning/error)
PushGeraet	PushDevice	export-typ	server/src/push.ts	2	wie push_devices (§6.8)
PushNachricht	PushMessage	export-typ	server/src/push.ts	2	Nutzlast-Schlüssel typ→type ist Welle 1 (Grundstock)
PushVersand	PushTransport	export-typ	server/src/push.ts	2	VORSCHLAG: Versand→transport wie MailTransport
QuotaStand	QuotaStatus	export-typ	server/src/quota.ts	2	VORSCHLAG: Stand→status; Belegt/Limit
RohPunkt	RawPoint	export-typ	server/src/tracker/vertrag.ts	2	roh→raw
RohTrack	RawTrack	export-typ	server/src/tracker/vertrag.ts	2	kompletter Track vom Anbieter
Rolle	Role	export-typ	server/src/auth/auth.ts	2	§6.2; Werte user/admin (§4.2, Welle 1)
RoutenSignatur	TrackSignature	export-typ	server/src/pipeline/signatur.ts	2	VORSCHLAG: deckungsgleich mit stats.trackSignature (Grundstock) statt wörtlich RouteSignature; SVG-Miniatur
Rueckmeldung	Feedback	export-typ	server/src/rueckmeldungen.ts	2	§6.4
RueckmeldungKontext	FeedbackContext	export-typ	server/src/rueckmeldungen.ts	2	Blob-Spalte kontext→context (Welle 1)
RueckmeldungQuelle	FeedbackSource	export-typ	server/src/rueckmeldungen.ts	2	Werte web/app bleiben
RueckmeldungStatus	FeedbackStatus	export-typ	server/src/rueckmeldungen.ts	2	Werte open/in_progress/done gehen in Welle 1 (§4.2)
SchienenQuelle	RailSource	export-typ	server/src/pipeline/schienen.ts	2	Quelle→source; Overpass oder fest
Schienenweg	RailPath	export-typ	server/src/pipeline/schienen.ts	2	VORSCHLAG: Weg→path; Schienen→rails (§6.6 rails.ts); Polylinie eines Gleises
SitzungsKennzeichen	SessionFingerprint	export-typ	server/src/auth/auth.ts	2	VORSCHLAG: Kennzeichen→fingerprint (User-Agent + IP-Präfix zum Wiedererkennen)
SpeicherAufteilung	StorageBreakdown	export-typ	server/src/quota.ts	2	VORSCHLAG: Aufteilung→breakdown; Antwort-Feldnamen (fotos/videos/sonstiges) sind API-Felder und gehen in Welle 1
StundenRaster	HourlyGrid	export-typ	server/src/pipeline/weather.ts	2	VORSCHLAG: Raster→grid; stündliches Wetterraster
TestProviderOptionen	TestProviderOptions	export-typ	server/src/tracker/testprovider.ts	2	Konfiguration des Test-Anbieters
Titelbild	Cover	export-typ	server/src/pipeline/enrich.ts	2	Tour-Titelbild→cover (§6.1; Profil wäre banner)
TourAngaben	TourDetails	export-typ	server/src/exportinhalt.ts	2	VORSCHLAG: dito; Tour-Teil des Datenexports
TourKurz	TourSummary	export-typ	server/src/tracker/tracker.ts	2	VORSCHLAG: Kurzinfo→summary; Import-Chronik
TourZeile	TourRow	export-typ	server/src/routes/tours.ts	2	Zeile→row
TrackerAnbieter	TrackerProvider	export-typ	server/src/tracker/vertrag.ts	2	Union der Anbieter-Kennungen
TrackerEreignis	TrackerEvent	export-typ	server/src/tracker/vertrag.ts	2	Webhook-Meldung
UploadPunkt	UploadPoint	export-typ	server/src/schema/upload.ts	2	[lng, lat, ele, t]
Verknuepfung	TrackerLink	export-typ	server/src/tracker/tracker.ts	2	VORSCHLAG: blankes Link wäre zu generisch; Zeile fürs Frontend
VerknuepfungsStatus	TrackerLinkStatus	export-typ	server/src/tracker/tracker.ts	2	VORSCHLAG: nach tracker_links (§6.8); Werte active/expired/disconnected gehen in Welle 1
VideoSchnitt	VideoCut	export-typ	server/src/pipeline/video.ts	2	Schnittfenster; Felder vonS/bisS→fromS/toS gehen in Welle 1 (§6.9)
VideoSpeicher	VideoStorage	export-typ	server/src/pipeline/video.ts	2	Storage-Ausschnitt (§6.2)
VideoWerkzeug	VideoTool	export-typ	server/src/pipeline/video.ts	2	Werkzeug→tool; Interface der Videoverarbeitung (ffmpeg oder Fake)
VorlagenEintrag	TemplateEntry	export-typ	server/src/mailvorlagen.ts	2	Katalogeintrag einer System-Mail
VorlagenSchluessel	TemplateKey	export-typ	server/src/mailvorlagen.ts	2	Vorlage→template (mail_templates §6.8); schluessel→key
VorlagenStand	MailTemplateStatus	export-typ	server/src/mailvorlagen.ts	2	ENTSCHIEDEN 2026-08-20 (Abnahme): Stand→status (wie DataExportStatus); Katalogeintrag plus Anpassungsstand
WartelistenEintrag	WaitlistEntry	export-typ	server/src/auth/warteliste.ts	2	Eintrag→entry (wie AudioEntry, Grundstock)
WartelistenZustand	WaitlistStatus	export-typ	server/src/auth/warteliste.ts	2	ENTSCHIEDEN 2026-08-20 (Abnahme): zustand→state; berechnete Werte gehen mit dem Typ
WebhookAnfrage	WebhookRequest	export-typ	server/src/tracker/vertrag.ts	2	rohe Anfrage zur Signaturprüfung
WetterGrenze	WeatherBoundary	export-typ	server/src/schema/edits.ts	2	aus Grundstock
WetterKeyframe	WeatherKeyframe	export-typ	server/src/pipeline/weather.ts	2	Keyframe der Timeline im Tour-JSON
WetterModus	WeatherMode	export-typ	server/src/pipeline/weather.ts	2	aus Grundstock
WetterQuelle	WeatherSource	export-typ	server/src/pipeline/weather.ts	2	Interface der Wetterabfrage (Open-Meteo oder fest)
WetterStunde	WeatherHour	export-typ	server/src/pipeline/weather.ts	2	Stunde aus dem Open-Meteo-Archiv
ZeitPunkt	TimePoint	export-typ	server/src/pipeline/zeit.ts	2	t + Meterstand
Zeitreihe	TimeSeries	export-typ	server/src/pipeline/zeit.ts	2	rohe Wegpunkte + Zeiten
Zustellung	Delivery	export-typ	server/src/push.ts	2	Versandergebnis je Gerät
AchsenKurve	AxisCurve	bezeichner	src/studio/zeitleiste.ts	3	§6.3
AnzeigeAbschnitt	DisplaySegment	bezeichner	src/studio/editmodell.ts	3	§5-Tabelle
AudioEintrag	AudioEntry	bezeichner	src/studio/editmodell.ts	3	§5-Tabelle
effektiveMedien	effectiveMedia	bezeichner	src/studio/editmodell.ts	3	§5-Tabelle
erfasseUndo	recordUndo	bezeichner	src/studio/editmodell.ts	3	§5-Tabelle
haltedauerS	holdS	bezeichner	src/studio/zeitleiste.ts; src/studio/editor.ts	3	Glossar-Kopf; Feld heißt in den Verträgen schon holdS
KameraGrenze	CameraBoundary	bezeichner	src/studio/editmodell.ts	3	§5-Tabelle
KameraMoment	CameraMoment	bezeichner	src/studio/editmodell.ts	3	§5-Tabelle
KameraPreset	CameraPreset	bezeichner	src/studio/editmodell.ts	3	§5-Tabelle
LEERES_OVERLAY	EMPTY_OVERLAY	bezeichner	src/studio/editmodell.ts	3	§5-Tabelle; auch HISTORIE_MAX→HISTORY_MAX
materialisiereModi	materializeTravelModes	bezeichner	src/studio/editmodell.ts	3	§5-Tabelle
MediumAnzeige	MediaView	bezeichner	src/studio/editmodell.ts	3	§5-Tabelle
MediumBasis	MediaBase	bezeichner	src/studio/editmodell.ts	3	§5-Tabelle
MediumEdit	MediaEdit	bezeichner	src/studio/editmodell.ts	3	§5-Tabelle; auch MediumEditPatch→MediaEditPatch
miniaturQuelle	thumbnailSource	bezeichner	src/studio/editmodell.ts	3	§5-Tabelle
mitAudioEintrag	withAudioEntry	bezeichner	src/studio/editmodell.ts	3	§5-Tabelle; auch ohneAudioEintrag→withoutAudioEntry
mitKameraGrenze	withCameraBoundary	bezeichner	src/studio/editmodell.ts	3	§5-Tabelle; auch ohneKameraGrenze→withoutCameraBoundary
mitMedienEdit	withMediaEdit	bezeichner	src/studio/editmodell.ts	3	§5-Tabelle
mitModusGrenze	withTravelModeBoundary	bezeichner	src/studio/editmodell.ts	3	§5-Tabelle; auch ohneModusGrenze→withoutTravelModeBoundary
mitMoment	withCameraMoment	bezeichner	src/studio/editmodell.ts	3	§5-Tabelle; auch ohneMoment→withoutCameraMoment
mitTrim	withTourTrim	bezeichner	src/studio/editmodell.ts	3	§5-Tabelle
mitWetterGrenze	withWeatherBoundary	bezeichner	src/studio/editmodell.ts	3	§5-Tabelle; auch ohneWetterGrenze→withoutWeatherBoundary
Modus	TravelMode	bezeichner	src/studio/editmodell.ts	3	§5-Tabelle
ModusGrenze	TravelModeBoundary	bezeichner	src/studio/editmodell.ts	3	§5-Tabelle
MomentArt	CameraMomentKind	bezeichner	src/studio/editmodell.ts	3	§5-Tabelle
naechsterPunktIndex	nearestPointIndex	bezeichner	src/studio/editmodell.ts	3	§5-Tabelle
offsetZuIso	offsetToIso	bezeichner	src/studio/editmodell.ts	3	§5-Tabelle; auch isoZuOffset→isoToOffset
projiziereAufTrack	projectOntoTrack	bezeichner	src/studio/editmodell.ts	3	§5-Tabelle
pruefeOverlay	validateOverlay	bezeichner	src/studio/editmodell.ts	3	§5-Tabelle
punktZuOffset	pointAtOffset	bezeichner	src/studio/editmodell.ts	3	§5-Tabelle; liefert den Punkt zu einem Offset
TrackProjektion	TrackProjection	bezeichner	src/studio/editmodell.ts	3	§5-Tabelle
TrackPunkt	TrackPoint	bezeichner	src/studio/editmodell.ts	3	§5-Tabelle
UndoStapel	UndoStack	bezeichner	src/studio/editmodell.ts	3	§5-Tabelle
WETTER_MODI	WEATHER_MODES	bezeichner	src/studio/editmodell.ts	3	§5-Tabelle
WetterGrenze	WeatherBoundary	bezeichner	src/studio/editmodell.ts	3	§5-Tabelle
WetterModus	WeatherMode	bezeichner	src/studio/editmodell.ts	3	§5-Tabelle
zerlegeFuerAnzeige	splitForDisplay	bezeichner	src/studio/editmodell.ts	3	§5-Tabelle
ankerScroll	scrollAnchor	export-funktion	src/studio/zeitleiste.ts	3	anchor §6.1; VORSCHLAG Wortfolge scrollAnchor; Scroll-Anker beim Zoomen halten
anteilBei	fractionAt	export-funktion	src/studio/zeitleiste.ts	3	wie fraction; Anteil an einer Filmsekunde
anteilZuFilm	fractionToFilm	export-funktion	src/studio/zeitleiste.ts	3	wie fraction; Anteil in Filmsekunde
anteilZuOffset	fractionToOffset	export-funktion	src/studio/zeitleiste.ts	3	VORSCHLAG: Anteil→fraction ausgeschrieben (frac-Kuerzel nicht in §6.0 Regel 7, im Player aber etabliert; vereinheitlichen)
audioWirdVerworfen	audioWouldBeDropped	export-funktion	src/studio/zeitleiste.ts	3	VORSCHLAG: dropped wie droppedFrames (§6.3a); ob ein Ton-Klip beim Rendern entfiele
aufnahmeHaltS	mediumHoldS	export-funktion	src/studio/zeitleiste.ts	3	VORSCHLAG: Aufnahme→medium (§6.1); Standzeit einer einzelnen Aufnahme
baueAchse	buildFilmAxis	export-funktion	src/studio/zeitleiste.ts	3	wie Achse→FilmAxis; Kollision mit einem Player-Bauer (W5) beim Umbau pruefen
baueAudioBalken	buildAudioBars	export-funktion	src/studio/zeitleiste.ts	3	Sammlung Plural (§6.0 Regel 4); Ton-Balken bauen
baueBaender	buildBands	export-funktion	src/studio/zeitleiste.ts	3	baue→build; Baender der Zeitleiste bauen
baueFilmMassband	buildFilmRuler	export-funktion	src/studio/zeitleiste.ts	3	VORSCHLAG: wie ruler; Massband der Zeitleiste bauen
baueFotoSegmente	buildPhotoSegments	export-funktion	src/studio/pruefung.ts	3	VORSCHLAG: photo pruefen; sind Videos dabei, besser buildMediaSegments (§6.1 medium)
baueGrenzKurve	buildBoundaryCurve	export-funktion	src/studio/zeitleiste.ts	3	Grenze→boundary; Kurve fuer eine verschobene Grenze
baueMedienDots	buildMediaDots	export-funktion	src/studio/zeitleiste.ts	3	baue→build
baueSkala	buildScale	export-funktion	src/studio/zeitleiste.ts	3	baue→build; Zeitleisten-Skala bauen
baueSpielKurve	buildPlaybackCurve	export-funktion	src/studio/zeitleiste.ts	3	playback wie abspielen.ts; Wiedergabe-Kurve fuer den Abspieler
baueSzenenKlips	buildSceneClips	export-funktion	src/studio/zeitleiste.ts	3	baue→build
baueTrimGriffe	buildTrimHandles	export-funktion	src/studio/zeitleiste.ts	3	VORSCHLAG: Griff→handle; Trim-Griffe eines Klips bauen
baueZustandsBaender	buildStateBands	export-funktion	src/studio/zeitleiste.ts	3	baue→build
beschreibeHaltStand	describeStopState	export-funktion	src/studio/zeitleiste.ts	3	describe + StopState; Halt-Zustand als Text
distanzM	distanceM	export-funktion	src/studio/pruefung.ts	3	distance, Einheit M bleibt; Distanz zweier Punkte
effektiveMedien	effectiveMedia	export-funktion	src/studio/editmodell.ts	3	§5-Tabelle; Medien nach Overlay-Anwendung
endgueltigZuLoeschen	idsToDelete	export-funktion	src/studio/editmodell.ts	3	VORSCHLAG: endgueltig loeschen (Server) = delete, Overlay-geloescht = removed (§6.1); zu loeschende Medien-IDs
erfasseUndo	recordUndo	export-funktion	src/studio/editmodell.ts	3	§5-Tabelle; Overlay-Stand fuer Undo erfassen
filmBei	filmAt	export-funktion	src/studio/zeitleiste.ts	3	bei→at; Filmsekunde an einem Zeit-Offset
filmBeiZeit	filmTimeAtRecordingTime	export-funktion	src/studio/zeitleiste.ts	3	ENTSCHIEDEN 2026-08-20 (Abnahme): Gegenrichtung zu timeAtFilm
filmDauerBeiGrenze	filmDurationAtBoundary	export-funktion	src/studio/zeitleiste.ts	3	duration + at + boundary; Filmdauer bei verschobener Grenze
filmZuAnteil	filmToFraction	export-funktion	src/studio/zeitleiste.ts	3	wie fraction; Filmsekunde in Anteil
filmZuOffset	filmToOffset	export-funktion	src/studio/zeitleiste.ts	3	zu→to; Filmsekunde in Zeit-Offset
formatiereAbstand	formatDistance	export-funktion	src/studio/pruefung.ts	3	format + distance; Abstand menschenlesbar
formatiereDauer	formatDuration	export-funktion	src/studio/zeitleiste.ts	3	format; Dauer als kurze Anzeige
formatiereFilmzeit	formatFilmTime	export-funktion	src/studio/zeitleiste.ts	3	filmTime §6.1; fuer das Massband formatieren
formatiereSekunden	formatSeconds	export-funktion	src/studio/zeitleiste.ts	3	format; Sekunden formatieren
gpxPunkte	gpxPoints	export-funktion	src/studio/pruefung.ts	3	Punkte aus GPX-Text lesen
haltBeiFilmS	stopAtFilmS	export-funktion	src/studio/zeitleiste.ts	3	stop + at + filmS; Halt-Zustand zu einer Filmsekunde
haltedauerS	holdS	export-funktion	src/studio/zeitleiste.ts	3	Grundstock/Glossar-Kopf: haltedauerS→holdS; Gesamt-Standzeit eines Halts
haltInnenBei	stopInnerAt	export-funktion	src/studio/zeitleiste.ts	3	VORSCHLAG: Innenposition→inner; Innenposition in einem Halt
isoZuOffset	isoToOffset	export-funktion	src/studio/editmodell.ts	3	§5-Tabelle
istBrauchbar	isUsable	export-funktion	src/studio/pruefung.ts	3	Boolean is… (§6.0 Regel 2); ob die Aufnahme hochladbar ist
klemmeFilmS	clampFilmS	export-funktion	src/studio/zeitleiste.ts	3	klemme→clamp; Filmsekunde in die Achse klemmen
klemmeGrenze	clampBoundary	export-funktion	src/studio/zeitleiste.ts	3	VORSCHLAG: klemme→clamp (ueberall gleich); Grenze→boundary (§5-Tabelle); Grenze zwischen Nachbarn halten
klemmeMomentDauer	clampMomentDuration	export-funktion	src/studio/zeitleiste.ts	3	klemme→clamp; Dauer wie moments durationS (§6.9)
klemmeStandzeit	clampHoldS	export-funktion	src/studio/zeitleiste.ts	3	klemme→clamp, holdS (Glossar); Standzeit in die Grenzen klemmen
klemmeVideoTrim	clampMediaTrim	export-funktion	src/studio/zeitleiste.ts	3	Video-Trim = mediaTrim (§6.3); klemme→clamp; in erlaubte Grenzen klemmen
kumMeter	cumMeters	export-funktion	src/studio/zeitleiste.ts	3	VORSCHLAG: kum→cum (route.cum ist etabliert); kumulierte Meter des Tracks
loeseFokusAuf	resolveSelection	export-funktion	src/studio/zeitleiste.ts	3	aufloesen→resolve; Fokus in konkrete Objekte aufloesen
loeseTonKlips	resolveAudioClips	export-funktion	src/studio/tonklip.ts	3	VORSCHLAG: aufloesen→resolve; Ton-Klips aus dem Overlay aufloesen
loopNachRollenwechsel	loopAfterRoleChange	export-funktion	src/studio/tonklip.ts	3	VORSCHLAG: Rollenwechsel→roleChange; Loop-Zustand danach bestimmen
materialisiereModi	materializeTravelModes	export-funktion	src/studio/editmodell.ts	3	§5-Tabelle; erkannte Modi als Grenzen festschreiben
medienAusBefund	mediaFromReport	export-funktion	src/studio/pruefung.ts	3	aus→from; Upload-Medien aus dem Befund ableiten
meterZuOffset	metersToOffset	export-funktion	src/studio/zeitleiste.ts	3	zu→to; Meterstand in Zeit-Offset
miniaturQuelle	thumbnailSource	export-funktion	src/studio/editmodell.ts	3	§5-Tabelle; Miniatur = thumbnail (§6.3a, nicht tile)
mitAudioEintrag	withAudioEntry	export-funktion	src/studio/editmodell.ts	3	§5-Tabelle
mitAudioPatch	withAudioPatch	export-funktion	src/studio/editmodell.ts	3	with-Muster; Overlay mit geaendertem Ton-Eintrag
mitKameraGrenze	withCameraBoundary	export-funktion	src/studio/editmodell.ts	3	§5-Tabelle
mitMedienEdit	withMediaEdit	export-funktion	src/studio/editmodell.ts	3	§5-Tabelle; Overlay mit Medium-Edit (immutabel)
mitModusGrenze	withTravelModeBoundary	export-funktion	src/studio/editmodell.ts	3	§5-Tabelle
mitMoment	withCameraMoment	export-funktion	src/studio/editmodell.ts	3	§5-Tabelle
mitTrim	withTourTrim	export-funktion	src/studio/editmodell.ts	3	§5-Tabelle; Overlay mit Track-Trim
mitWetterGrenze	withWeatherBoundary	export-funktion	src/studio/editmodell.ts	3	§5-Tabelle
musikLanes	musicLanes	export-funktion	src/studio/zeitleiste.ts	3	music + lane (§6.1); Musik-Klips auf Lanes verteilen
naechsterPunktIndex	nearestPointIndex	export-funktion	src/studio/editmodell.ts	3	§5-Tabelle
offsetBeiMeter	offsetAtMeters	export-funktion	src/studio/zeitleiste.ts	3	bei→at; Zeit-Offset zu einem Meterstand
offsetZuAnteil	offsetToFraction	export-funktion	src/studio/zeitleiste.ts	3	wie fraction; Zeit-Offset in Anteil
offsetZuIso	offsetToIso	export-funktion	src/studio/editmodell.ts	3	§5-Tabelle
ohneAudioEintrag	withoutAudioEntry	export-funktion	src/studio/editmodell.ts	3	§5-Tabelle
ohneKameraGrenze	withoutCameraBoundary	export-funktion	src/studio/editmodell.ts	3	§5-Tabelle
ohneMedien	withoutMedia	export-funktion	src/studio/editmodell.ts	3	with/without-Muster (§6.3); Overlay ohne bestimmte Medien
ohneModusGrenze	withoutTravelModeBoundary	export-funktion	src/studio/editmodell.ts	3	§5-Tabelle
ohneMoment	withoutCameraMoment	export-funktion	src/studio/editmodell.ts	3	§5-Tabelle
ohneWetterGrenze	withoutWeatherBoundary	export-funktion	src/studio/editmodell.ts	3	§5-Tabelle
parseUhrMinuten	parseClockMinutes	export-funktion	src/studio/zeitleiste.ts	3	VORSCHLAG: Uhr(zeit)→clock (wie uhr→clock, Grundstock); Uhrzeit-Eingabe in Minuten parsen
platzInKette	slotInChain	export-funktion	src/studio/zeitleiste.ts	3	VORSCHLAG: wie ChainSlot; Platz eines Klips bestimmen
projiziereAufTrack	projectOntoTrack	export-funktion	src/studio/editmodell.ts	3	§5-Tabelle
projiziereVorschau	projectPreview	export-funktion	src/studio/pruefung.ts	3	projiziere→project (§5-Tabelle), Vorschau→preview (§6.7); Track fuer die Vorschau projizieren
pruefe	validate	export-funktion	src/studio/pruefung.ts	3	§6.3 pruefe→validate; Datei wird import-validation.ts; GPX und Medien vor dem Upload pruefen
pruefeOverlay	validateOverlay	export-funktion	src/studio/editmodell.ts	3	§5-Tabelle; Overlay auf Konsistenz pruefen
punktZuOffset	pointAtOffset	export-funktion	src/studio/editmodell.ts	3	§5-Tabelle; liefert den Punkt zu einem Offset
punktZuZeit	pointAtTime	export-funktion	src/studio/pruefung.ts	3	Muster pointAtOffset (§5-Tabelle); Trackpunkt zu einem Zeitpunkt
rasteAnHalt	snapToStop	export-funktion	src/studio/zeitleiste.ts	3	VORSCHLAG: wie snap; an einem Halt einrasten
schaetzeAnimationsdauer	estimateAnimationDuration	export-funktion	src/studio/zeitleiste.ts	3	schaetze→estimate; Dauer der Halt-Animation schaetzen
schaetzeFahrtS	estimateRideS	export-funktion	src/studio/pruefung.ts	3	VORSCHLAG: Fahrt→ride; Fahrtdauer der Tour schaetzen
schreibeTonFest	commitAudioClip	export-funktion	src/studio/tonklip.ts	3	VORSCHLAG: festschreiben→commit; Klip-Aenderung ins Overlay schreiben
schrittFilmS	stepFilmS	export-funktion	src/studio/zeitleiste.ts	3	Schrittweite→step; Pfeiltasten-Sprung
setzeLoop	setLoop	export-funktion	src/studio/tonklip.ts	3	setze→set (§6.3); Loop eines Klips setzen
tonLanes	audioLanes	export-funktion	src/studio/tonklip.ts	3	lane §6.1 (Bahn der Zeitleiste); ueberlappende Klips verteilen
trimmeLinks	trimLeft	export-funktion	src/studio/tonklip.ts	3	trimme→trim; Klip am linken Griff trimmen
trimmeRechts	trimRight	export-funktion	src/studio/tonklip.ts	3	trimme→trim; Klip am rechten Griff trimmen
uhrDiffZuOffset	clockDiffToOffset	export-funktion	src/studio/zeitleiste.ts	3	wie clock; Uhrzeit-Differenz in Zeit-Offset
verankere	anchorClips	export-funktion	src/studio/tonklip.ts	3	VORSCHLAG: anchor als Verb (§6.1); Ton-Klips an der Aufnahmezeit verankern
verschiebeTon	moveAudioClip	export-funktion	src/studio/tonklip.ts	3	VORSCHLAG: verschiebe→move; Ton-Klip verschieben
waehleFilmStufe	chooseFilmStep	export-funktion	src/studio/zeitleiste.ts	3	VORSCHLAG: waehle→choose, Massband-Stufe→step; Stufe zum Massstab waehlen
wellenLage	waveformPosition	export-funktion	src/studio/tonklip.ts	3	VORSCHLAG: Wellenform→waveform; Lage der Wellenform im Klip
wetterBeiZeit	weatherAtTime	export-funktion	src/studio/editmodell.ts	3	bei→at; Wetter an einem Zeitpunkt aus dem Overlay
zeitBeiFilm	recordingTimeAtFilmTime	export-funktion	src/studio/zeitleiste.ts	3	ENTSCHIEDEN 2026-08-20 (Abnahme): Muster …At… (§6.3a); Aufnahmezeit-Offset zu einer Filmsekunde
zerlegeFuerAnzeige	splitForDisplay	export-funktion	src/studio/editmodell.ts	3	§5-Tabelle
HALT_AUSBLEND_S	STOP_FADE_OUT_S	export-konstante	src/studio/zeitleiste.ts	3	ENTSCHIEDEN 2026-08-20 (Abnahme): Ausblenden→fadeOut (wie fadeStep); Ausblend-Anteil der Halt-Animation
HALT_ENGINE_S	STOP_ENGINE_S	export-konstante	src/studio/zeitleiste.ts	3	Halt→stop; Engine-Anteil der Halt-Animation
HALTEDAUER_DEFAULT_S	HOLD_DEFAULT_S	export-konstante	src/studio/zeitleiste.ts	3	Standzeit→hold (Glossar-Kopf); Familie mit HOLD_MIN_S/HOLD_MAX_S; Vorgabe-Standzeit
HISTORIE_MAX	HISTORY_MAX	export-konstante	src/studio/editmodell.ts	3	§5-Tabelle; maximale Undo-Tiefe
LEERES_OVERLAY	EMPTY_OVERLAY	export-konstante	src/studio/editmodell.ts	3	§5-Tabelle
RAST_HINTER_S	SNAP_BEHIND_S	export-konstante	src/studio/zeitleiste.ts	3	VORSCHLAG: wie snap; Einrast-Versatz hinter einem Halt
RAST_TOLERANZ_S	SNAP_TOLERANCE_S	export-konstante	src/studio/zeitleiste.ts	3	VORSCHLAG: Rast→snap (snapZiel heisst schon snap); Einrast-Toleranz an Halten
STANDZEIT_MAX_S	HOLD_MAX_S	export-konstante	src/studio/zeitleiste.ts	3	Standzeit→hold; Obergrenze
STANDZEIT_MIN_S	HOLD_MIN_S	export-konstante	src/studio/zeitleiste.ts	3	Standzeit→hold (Glossar-Kopf); Untergrenze
TON_MIN_S	AUDIO_MIN_S	export-konstante	src/studio/tonklip.ts	3	VORSCHLAG: Ton→audio (§6.1 audioClip); Mindestlaenge eines Ton-Klips; Datei wird audio-clip.ts (W4)
WETTER_MODI	WEATHER_MODES	export-konstante	src/studio/editmodell.ts	3	§5-Tabelle; Liste der Wettermodi
Achse	FilmAxis	export-typ	src/studio/zeitleiste.ts	3	Filmachse→filmAxis (§6.3a); Editor-Typ; Namensgleichheit mit dem Player-Modul (W5) beim Umbau pruefen
AchsenHalt	AxisStop	export-typ	src/studio/zeitleiste.ts	3	VORSCHLAG: AxisStop; Halt in Achsen-Koordinaten
AchsenHaltM	AxisStopM	export-typ	src/studio/zeitleiste.ts	3	VORSCHLAG: wie AxisStop, Einheit M bleibt; Halt mit Meterstand
AchsenKurve	AxisCurve	export-typ	src/studio/zeitleiste.ts	3	§6.3 AxisCurve; Zeit-zu-Strecke-Adapter der Achse
AnzeigeAbschnitt	DisplaySegment	export-typ	src/studio/editmodell.ts	3	§5-Tabelle; Modus-Abschnitt fuer die Anzeige
AudioBalken	AudioBar	export-typ	src/studio/zeitleiste.ts	3	VORSCHLAG: Balken→bar; Ton-Balken auf der Zeitleiste
AudioEintrag	AudioEntry	export-typ	src/studio/editmodell.ts	3	§5-Tabelle; Ton-Eintrag im Edit-Overlay
AufnahmeBefund	MediumReport	export-typ	src/studio/pruefung.ts	3	VORSCHLAG: Befund je Aufnahme→MediumReport (der Gesamtbefund ist ImportReport §6.1)
Filmkurve	FilmCurve	export-typ	src/studio/zeitleiste.ts	3	VORSCHLAG: FilmCurve; stueckweise Kurve Zeit zu Filmzeit
Fokus	Selection	export-typ	src/studio/zeitleiste.ts	3	§6.3 Fokus (Auswahl) = selection; Achtung Kollision mit lib.dom Selection, ggf. EditorSelection und Glossar ergaenzen
FokusZiel	SelectionTarget	export-typ	src/studio/zeitleiste.ts	3	§6.3 selection; Art des fokussierten Elements
GpxPunkt	GpxPoint	export-typ	src/studio/pruefung.ts	3	Punkt→Point; Punkt aus der GPX-Datei
HaltStand	StopState	export-typ	src/studio/zeitleiste.ts	3	VORSCHLAG: Stand→state; Zustand innerhalb eines Halts
HaltStueck	StopItem	export-typ	src/studio/zeitleiste.ts	3	§6.1 Halt-Stueck = stopItem; Teilstueck eines Halts auf der Achse
KameraGrenze	CameraBoundary	export-typ	src/studio/editmodell.ts	3	§5-Tabelle; Kamera-Wechselgrenze
KameraMoment	CameraMoment	export-typ	src/studio/editmodell.ts, src/tour.ts	3	§5-Tabelle; tour.ts-Definition geht mit Welle 5
KameraPreset	CameraPreset	export-typ	src/studio/editmodell.ts	3	§5-Tabelle; Kameradistanz-Voreinstellung
KettenPlatz	ChainSlot	export-typ	src/studio/zeitleiste.ts	3	VORSCHLAG: Kette→chain, Platz→slot; Platz eines Klips in der Kette
Massbandmarke	RulerMark	export-typ	src/studio/zeitleiste.ts	3	VORSCHLAG: Massband→ruler; Marke des Filmzeit-Massbands
MedienDot	MediaDot	export-typ	src/studio/zeitleiste.ts	3	media §6.1; Medien-Punkt auf der Zeitleiste
MediumAnzeige	MediaView	export-typ	src/studio/editmodell.ts	3	§5-Tabelle; Medium mit angewandten Edits
MediumBasis	MediaBase	export-typ	src/studio/editmodell.ts	3	§5-Tabelle; gemeinsame Felder eines Mediums; grenzfall
MediumEdit	MediaEdit	export-typ	src/studio/editmodell.ts	3	§5-Tabelle (auch MediumEditPatch→MediaEditPatch); grenzfall
Meldung	Message	export-typ	src/studio/pruefung.ts	3	VORSCHLAG: Meldung→Message; Meldung des Upload-Befunds
MeldungArt	MessageType	export-typ	src/studio/pruefung.ts	3	VORSCHLAG: Meldung→message; type vor kind (§6.0 Regel 8, keine Kollision)
Modus	TravelMode	export-typ	src/studio/editmodell.ts, src/tours.ts	3	§5-Tabelle; zweite Definition in tours.ts geht mit Welle 5
ModusGrenze	TravelModeBoundary	export-typ	src/studio/editmodell.ts, src/tour.ts	3	§5-Tabelle; tour.ts-Definition geht mit Welle 5
MomentArt	CameraMomentKind	export-typ	src/studio/editmodell.ts	3	§5-Tabelle; kind, nicht type (§6.0 Regel 8)
Pruefbefund	ImportReport	export-typ	src/studio/pruefung.ts	3	§6.1 Befund (Upload-Pruefung) = importReport; Gesamtbefund
Rastung	SnapResult	export-typ	src/studio/zeitleiste.ts	3	VORSCHLAG: SnapResult; Einrast-Ergebnis beim Ziehen
SzenenKlip	SceneClip	export-typ	src/studio/zeitleiste.ts	3	§6.3 sceneClip; Szenen-Klip der Klip-Kette
TonKlip	AudioClip	export-typ	src/studio/tonklip.ts	3	§6.3 audioClip; Ton-Klip auf der Zeitleiste
TonPatch	AudioClipPatch	export-typ	src/studio/tonklip.ts	3	VORSCHLAG: AudioClipPatch; beim Umbau gegen withAudioPatch (wirkt auf AudioEntry) abgrenzen
TrackProjektion	TrackProjection	export-typ	src/studio/editmodell.ts	3	§5-Tabelle; Projektion eines Punkts auf den Track
TrackPunkt	TrackPoint	export-typ	src/studio/editmodell.ts	3	§5-Tabelle; Punkt der rohen Aufzeichnung
TrimErgebnis	TrimResult	export-typ	src/studio/tonklip.ts	3	Ergebnis→Result; Ergebnis eines Trim-Griffs
UndoStapel	UndoStack	export-typ	src/studio/editmodell.ts	3	§5-Tabelle
WetterGrenze	WeatherBoundary	export-typ	src/studio/editmodell.ts	3	§5-Tabelle; Wetter-Wechselgrenze im Overlay
WetterModus	WeatherMode	export-typ	src/autoweather.ts, src/studio/editmodell.ts	3	§5-Tabelle/Grundstock; zweimal definiert, die autoweather-Kopie geht in Welle 5 mit
ZeitBand	TimeBand	export-typ	src/studio/zeitleiste.ts	3	Band→band (§6.3 stateBand); Band auf der Zeitleiste
ZeitSkala	TimeScale	export-typ	src/studio/zeitleiste.ts	3	VORSCHLAG: TimeScale (px je Sekunde); Skala→scale (§6.9)
ZustandsBand	StateBand	export-typ	src/studio/zeitleiste.ts	3	§6.3 stateBand; Modus/Wetter/Kamera
ab	from	css-klasse	src/studio/editor.ts	4	Grundstock: ab zu from (gilt-ab-Grenze, wie edits.json modi[].ab); Studio; wächter: studio-baukasten.test.ts+studio-inspektor.test.ts
ablage	tray	css-klasse	studio.html	4	VORSCHLAG: Ablage = Medien-Ablage im Editor, englisch tray; Studio; wächter: studio-nachreichen.test.ts
ablage-knopf	tray-button	css-klasse	studio.html	4	VORSCHLAG: Familie Ablage zu tray; Knopf zu button (Grundstock); Studio
ablage-raster	tray-grid	css-klasse	src/studio/editor.ts,studio.html	4	VORSCHLAG: Familie Ablage zu tray; Raster zu grid; Studio
ablege-marke	drop-marker	css-klasse	src/studio/editor.ts,studio.html	4	VORSCHLAG: Ablege-Marke beim Ziehen = drop marker; Studio
achse	axis	css-klasse	src/studio/editor.ts,src/studio/studio.ts,studio.html	4	Glossar 6.3a: Achse = axis (filmAxis); Studio
ahnung	ghost-timeline	css-klasse	src/studio/studio.ts,studio.html	4	VORSCHLAG: angedeutete Geister-Zeitleiste im Leerzustand des Upload-Dialogs (vier Platzhalter plus Achse); Studio
akt	action	css-klasse	src/studio/studio.ts,studio.html	4	VORSCHLAG: Aktions-Knopf der Bibliothekskarte (Abspielen/Video/Bearbeiten/Loeschen); Studio
alt	old	css-klasse	src/studio/editor.ts,studio.html	4	VORSCHLAG: alt/neu-Paar (Legende im Nachreichen-Dialog u.a.); Studio
am-anfang	at-start	css-klasse	studio.html	4	VORSCHLAG: am Anfang der Kette, Gegenstueck at-end; Studio
am-ende	at-end	css-klasse	studio.html	4	VORSCHLAG: am Ende der Kette, Gegenstueck at-start; Studio
an	on	css-klasse	src/studio/editor.ts,studio.html	4	Grundstock: an zu on (Schaltzustand 4.2); Studio
anfang	start	css-klasse	src/studio/studio.ts,studio.html	4	Grundstock: trim.start bleibt start (6.9), Anfang folgt; Studio; wächter: studio-baukasten.test.ts
angelegt	created	css-klasse	studio.html	4	Grundstock: angelegt zu created (Statuswert 4.2); Studio
ansicht-schalter	view-toggle	css-klasse	studio.html	4	VORSCHLAG: Ansicht-Umschalter (Raster/Liste); Studio
arbeitet	working	css-klasse	studio.html	4	VORSCHLAG: Verarbeitungs-Zustand der Bibliothekskarte; Studio
ausserhalb	outside	css-klasse	src/studio/studio.ts,studio.html	4	VORSCHLAG: Aufnahme liegt ausserhalb der Tour-Zeitspanne; Studio; wächter: studio-pruefung.test.ts
auth-rechtstexte	auth-legal	css-klasse	studio.html	4	VORSCHLAG: Rechtstexte zu legal (kurz, wie legal-text.css im Grundstock); Studio
auth-wechsel	auth-switch	css-klasse	studio.html	4	VORSCHLAG: Wechsel zwischen Anmelden und Registrieren; Studio
bahn	lane	css-klasse	src/studio/studio.ts,studio.html	4	Glossar 6.1: Bahn der Zeitleiste = lane; Achtung Doppelnutzung: auch der Ring der Bibliothekskarte nutzt .bahn (dort Kreisbahn), ggf. dort eigener Name; Studio
band-reihe	band-row	css-klasse	studio.html	4	VORSCHLAG: Reihe der Zustandsbaender; Studio
bereit	ready	css-klasse	studio.html	4	Grundstock: bereit zu ready (haertester Statuswert 4.2); Studio; wächter: konto-tracker.test.ts+studio-pruefung.test.ts
bib-kopf	library-header	css-klasse	studio.html	4	VORSCHLAG: bib = Bibliothek zu library (wie audio-library 6.7); Studio
bis	to	css-klasse	studio.html	4	Grundstock: bis zu to (6.9); Studio; wächter: studio-baukasten.test.ts
blaettern	browse	css-klasse	src/studio/editor.ts,studio.html	4	VORSCHLAG: Blaettern-Knoepfe der Gross-Ansicht; Studio
code-eingabe	code-input	css-klasse	studio.html	4	VORSCHLAG: Einladungscode-Eingabe; Studio
daemmerung	dusk	css-klasse	src/studio/editor.ts,studio.html	4	VORSCHLAG: Kartenstimmung Daemmerung = dusk; Studio
dauer-blase	duration-bubble	css-klasse	src/studio/editor.ts,studio.html	4	VORSCHLAG: Blase zu bubble, Dauer zu duration; Studio
defekt	broken	css-klasse	studio.html	4	VORSCHLAG: defektes Medium = broken; Studio
ebenen-wahl	layer-picker	css-klasse	studio.html	4	VORSCHLAG: Karten-Ebenen-Wahl; Wahl einheitlich zu picker; Studio
editor-kopf	editor-header	css-klasse	studio.html	4	VORSCHLAG: Kopf zu header; Studio-Editor
editor-links	editor-left	css-klasse	studio.html	4	VORSCHLAG: links = linke Spalte; Studio-Editor
editor-rumpf	editor-body	css-klasse	studio.html	4	VORSCHLAG: Rumpf zu body; Studio-Editor
editor-seite	editor-page	css-klasse	studio.html	4	VORSCHLAG: Seite zu page; Studio-Editor
editor-titel	editor-title	css-klasse	studio.html	4	Titel zu title (Grundstock); Studio-Editor
effekt	sfx	css-klasse	studio.html	4	VORSCHLAG: Audio-Typ heisst im Vertrag sfx (6.9), die Klasse folgt dem Wert; sfx ist etablierte Abkuerzung (6.0); Studio; wächter: studio-baukasten.test.ts
eingerueckt	indented	css-klasse	studio.html	4	VORSCHLAG: eingerueckte Zeile; Studio
einwilligung	consent	css-klasse	studio.html	4	Glossar 6.2: Einwilligung = consent; Studio
ende	end	css-klasse	src/studio/exportblatt.ts,src/studio/studio.ts,studio.html	4	Grundstock: ende zu end (6.9); Studio; wächter: studio-abspielen.test.ts+studio-baukasten.test.ts+studio-editor.test.ts
export-balken	film-export-bar	css-klasse	src/studio/exportblatt.ts,studio.html	4	VORSCHLAG: Video-Export = filmExport, nicht bloss export (Glossar 6.1); Balken zu bar; Video-Export
export-balken-fuell	film-export-bar-fill	css-klasse	src/studio/exportblatt.ts,studio.html	4	VORSCHLAG: Familie film-export; Fuellstand zu fill; Video-Export
export-buehne	film-export-stage	css-klasse	src/studio/exportblatt.ts,studio.html	4	VORSCHLAG: Familie film-export; Buehne = stage (6.3a); Video-Export
export-dauer	film-export-duration	css-klasse	src/studio/exportblatt.ts,studio.html	4	VORSCHLAG: Familie film-export; Video-Export
export-etikett	film-export-label	css-klasse	src/studio/exportblatt.ts,studio.html	4	VORSCHLAG: Etikett zu label; Video-Export
export-fenster	film-export-window	css-klasse	src/studio/exportblatt.ts,studio.html	4	VORSCHLAG: Fenster zu window; Video-Export
export-frage	film-export-prompt	css-klasse	src/studio/exportblatt.ts,studio.html	4	VORSCHLAG: Frage-Dialog vor dem Start = prompt; Video-Export
export-frage-karte	film-export-prompt-card	css-klasse	src/studio/exportblatt.ts,studio.html	4	VORSCHLAG: Karte = card (Glossar); Video-Export
export-frage-knoepfe	film-export-prompt-buttons	css-klasse	src/studio/exportblatt.ts,studio.html	4	VORSCHLAG: Knoepfe zu buttons; Video-Export
export-lauf	film-export-run	css-klasse	src/studio/exportblatt.ts,studio.html	4	VORSCHLAG: laufender Export = run; Video-Export
export-rahmen	film-export-frame	css-klasse	src/studio/exportblatt.ts,studio.html	4	VORSCHLAG: Rahmen (iframe) zu frame; Video-Export
export-reihe	film-export-row	css-klasse	src/studio/exportblatt.ts,studio.html	4	VORSCHLAG: Reihe zu row (visuelle Zeile, nicht order); Video-Export
export-rest	film-export-remaining	css-klasse	src/studio/exportblatt.ts,studio.html	4	VORSCHLAG: Rest(zeit) zu remaining; Video-Export
export-rumpf	film-export-body	css-klasse	src/studio/exportblatt.ts,studio.html	4	VORSCHLAG: Rumpf zu body; Video-Export
export-spur	film-export-track	css-klasse	src/studio/exportblatt.ts,studio.html	4	SVG zeichnet die GPS-Spur = track (Glossar 6.1); Video-Export
export-vorschau	film-export-preview	css-klasse	src/studio/exportblatt.ts,studio.html	4	VORSCHLAG: Vorschau zu preview; Video-Export
export-wahl	film-export-picker	css-klasse	src/studio/exportblatt.ts,studio.html	4	VORSCHLAG: Format-Wahl; Wahl einheitlich zu picker; Video-Export
export-zeile	film-export-line	css-klasse	src/studio/exportblatt.ts,studio.html	4	VORSCHLAG: Zeile hier Textzeile = line; Video-Export
fehler-punkt	error-dot	css-klasse	src/studio/studio.ts,studio.html	4	VORSCHLAG: Punkt zu dot; Studio
feld-kopf	field-header	css-klasse	studio.html	4	VORSCHLAG: Kopf zu header; Studio
feld-wie	field-usage	css-klasse	src/studio/editor.ts,studio.html	4	VORSCHLAG: wie = Einsatz-Hinweis (Info-Icon mit Tooltip), usage; Studio
feld-wie-blase	field-usage-bubble	css-klasse	src/studio/editor.ts,studio.html	4	VORSCHLAG: Blase zu bubble; Studio
feld-zaehler	field-counter	css-klasse	studio.html	4	VORSCHLAG: Zaehler zu counter (UI-Element, kein count-Wert); Studio
fokus	selected	css-klasse	src/studio/editor.ts,studio.html	4	Glossar 6.3: Fokus (Auswahl) = selection, als Zustandsklasse selected; Studio
formate	formats	css-klasse	src/studio/editor.ts,studio.html	4	VORSCHLAG: Formate zu formats; Studio
foto-an	photo-on	css-klasse	src/studio/editor.ts,studio.html	4	VORSCHLAG: Foto-Karte liegt, Schleier-Filter der Buehne an; an = on (4.2); Foto-Spur/Foto-Zustaende im Studio; wächter: einblendung-css.test.ts
foto-liegt	photo-visible	css-klasse	src/studio/kartenstimmung.ts,studio.html	4	VORSCHLAG: Karte liegt auf der Buehne (dimmt das Wetter); Foto-Spur/Foto-Zustaende im Studio
foto-quellen	photo-sources	css-klasse	studio.html	4	Quellen zu sources (Grundstock: quelle zu source); Foto-Spur/Foto-Zustaende im Studio
foto-spur	photo-lane	css-klasse	studio.html	4	Foto-Bahn der Zeitleiste = lane (Glossar 6.1); Foto-Spur/Foto-Zustaende im Studio
fuss	footer	css-klasse	src/studio/studio.ts,studio.html	4	Grundstock: fuss zu footer; Studio
geloescht	removed	css-klasse	studio.html	4	Glossar 6.1: geloescht (Overlay) = removed; Studio; wächter: studio-editor.test.ts
geraten	guessed	css-klasse	studio.html	4	VORSCHLAG: geratene Platzierung; Studio
geschaetzt	estimated	css-klasse	src/studio/studio.ts,studio.html	4	VORSCHLAG: geschaetzte Dauer; Studio
gm	lightbox-meta	css-klasse	src/studio/editor.ts,studio.html	4	VORSCHLAG: gm = Gross-Ansicht Meta; Gross-Ansicht der Foto-Karte = lightbox; Gross-Ansicht der Foto-Karte im Studio (Meta)
greift	grabbing	css-klasse	src/studio/editor.ts,studio.html	4	VORSCHLAG: Zustand waehrend des Anfassens (Drag); Studio
griff	grip	css-klasse	src/studio/editor.ts,studio.html	4	VORSCHLAG: Griff = grip, NICHT handle (kollidiert mit Nutzer-Handle, Glossar 6.2); Studio
gross	lightbox	css-klasse	src/studio/editor.ts,studio.html	4	VORSCHLAG: Gross-Ansicht der Foto-Karte = lightbox; Studio
grund	base	css-klasse	src/studio/editor.ts,studio.html	4	VORSCHLAG: Grundband = automatischer Grundzustand der Zustandsbaender, base; Studio
gt	lightbox-title	css-klasse	src/studio/editor.ts,studio.html	4	VORSCHLAG: gt = Gross-Ansicht Titel; Gross-Ansicht der Foto-Karte im Studio (Titel)
gt-video	lightbox-title-video	css-klasse	src/studio/editor.ts,studio.html	4	VORSCHLAG: Video-Chip im Lightbox-Titel; Gross-Ansicht der Foto-Karte im Studio (Titel)
haken	check	css-klasse	studio.html	4	VORSCHLAG: Haken = checkmark, kurz check; Studio
halt	stop	css-klasse	src/studio/editor.ts,studio.html	4	Glossar-Kopf: Halt = stop; Halt (Foto-Stopp) auf der Fortschrittsleiste; wächter: studio-baukasten.test.ts
halt-klip	stop-clip	css-klasse	src/studio/editor.ts,studio.html	4	Halt = stop (Glossar), Klip = clip (6.3a); Halt (Foto-Stopp) auf der Fortschrittsleiste
halt-zone	stop-zone	css-klasse	src/studio/editor.ts,studio.html	4	Halt = stop (Glossar); Halt (Foto-Stopp) auf der Fortschrittsleiste
hell	bright	css-klasse	src/studio/editor.ts,studio.html	4	VORSCHLAG: helleres, nutzergesetztes Band (Gegenstueck base); nicht light (Theme-Verwechslung); Studio
hoch	portrait	css-klasse	src/studio/exportblatt.ts,studio.html	4	VORSCHLAG: Hochformat = portrait (Gegenstueck landscape); Studio; wächter: exportfilm.test.ts
inaktiv	inactive	css-klasse	src/studio/editor.ts,studio.html	4	VORSCHLAG: inaktiv zu inactive; Studio
innen	inner	css-klasse	src/studio/studio.ts,studio.html	4	VORSCHLAG: innen zu inner; Studio
insp-art	inspector-type	css-klasse	src/studio/editor.ts,studio.html	4	VORSCHLAG: insp = Inspector, ausgeschrieben; Art = type (6.0); Inspector-Panel im Studio-Editor
insp-bild	inspector-image	css-klasse	src/studio/editor.ts,studio.html	4	VORSCHLAG: Familie inspector; Inspector-Panel im Studio-Editor
insp-bild-badge	inspector-image-badge	css-klasse	src/studio/editor.ts,studio.html	4	VORSCHLAG: Familie inspector; Inspector-Panel im Studio-Editor
insp-bild-huelle	inspector-image-wrap	css-klasse	src/studio/editor.ts,studio.html	4	VORSCHLAG: Huelle = wrapper, kurz wrap; Inspector-Panel im Studio-Editor
insp-fuss	inspector-footer	css-klasse	studio.html	4	VORSCHLAG: Fuss zu footer; Inspector-Panel im Studio-Editor
insp-griff	inspector-grip	css-klasse	studio.html	4	VORSCHLAG: Griff zu grip; Inspector-Panel im Studio-Editor
insp-hinweis	inspector-hint	css-klasse	src/studio/editor.ts,studio.html	4	VORSCHLAG: Hinweis zu hint; Inspector-Panel im Studio-Editor
insp-info-fuss	inspector-info-footer	css-klasse	src/studio/editor.ts,studio.html	4	VORSCHLAG: Familie inspector; Inspector-Panel im Studio-Editor
insp-info-raster	inspector-info-grid	css-klasse	src/studio/editor.ts,studio.html	4	VORSCHLAG: Raster zu grid; Inspector-Panel im Studio-Editor
insp-info-zeile	inspector-info-row	css-klasse	src/studio/editor.ts,studio.html	4	VORSCHLAG: Zeile zu row; Inspector-Panel im Studio-Editor
insp-inhalt	inspector-content	css-klasse	studio.html	4	VORSCHLAG: Inhalt zu content; Inspector-Panel im Studio-Editor
insp-knoepfe	inspector-buttons	css-klasse	src/studio/editor.ts,src/studio/exportblatt.ts,studio.html	4	VORSCHLAG: Knoepfe zu buttons; Inspector-Panel im Studio-Editor
insp-leer	inspector-empty	css-klasse	studio.html	4	VORSCHLAG: leer zu empty; Inspector-Panel im Studio-Editor
insp-loeschen	inspector-delete	css-klasse	src/studio/editor.ts,studio.html	4	VORSCHLAG: loeschen zu delete; Inspector-Panel im Studio-Editor
insp-notiz	inspector-note	css-klasse	src/studio/editor.ts,studio.html	4	VORSCHLAG: Grundstock: notiz zu note; Inspector-Panel im Studio-Editor
insp-stueck	inspector-piece	css-klasse	src/studio/editor.ts,studio.html	4	VORSCHLAG: Stueck = Musikstueck = piece (track ist die GPS-Spur, Glossar 6.1); Inspector-Panel im Studio-Editor
insp-stueck-her	inspector-piece-origin	css-klasse	src/studio/editor.ts,studio.html	4	VORSCHLAG: her = Herkunft = origin; Inspector-Panel im Studio-Editor
insp-stueck-hoeren	inspector-piece-preview	css-klasse	src/studio/editor.ts,studio.html	4	VORSCHLAG: hoeren = Vorhoeren = preview; Inspector-Panel im Studio-Editor
insp-stueck-name	inspector-piece-name	css-klasse	src/studio/editor.ts,studio.html	4	VORSCHLAG: Familie inspector-piece; Inspector-Panel im Studio-Editor
insp-stueck-text	inspector-piece-text	css-klasse	src/studio/editor.ts,studio.html	4	VORSCHLAG: Familie inspector-piece; Inspector-Panel im Studio-Editor
insp-stueck-wechseln	inspector-piece-swap	css-klasse	src/studio/editor.ts,studio.html	4	VORSCHLAG: wechseln = swap (Stueck ersetzen); Inspector-Panel im Studio-Editor
insp-titel	inspector-title	css-klasse	studio.html	4	VORSCHLAG: Titel zu title; Inspector-Panel im Studio-Editor
insp-warnung	inspector-warning	css-klasse	src/studio/editor.ts,studio.html	4	VORSCHLAG: Warnung zu warning; Inspector-Panel im Studio-Editor
kante	edge	css-klasse	src/studio/editor.ts,studio.html	4	VORSCHLAG: ziehbare Modus-/Zustands-Kante = edge; Studio
karte-info	map-attribution	css-klasse	studio.html	4	KORREKTUR bei der Abnahme: Attribution der LANDKARTE im Editor (ki-Knopf), nicht die Foto-Karte; gleiche Zielform wie karten-info im Player
karte-werkzeuge	map-tools	css-klasse	studio.html	4	KORREKTUR bei der Abnahme: Werkzeugleiste der LANDKARTE (Zoom und Darstellung), nicht die Foto-Karte
karte-zoom	map-zoom	css-klasse	studio.html	4	KORREKTUR bei der Abnahme: Zoomleiste der LANDKARTE; die Knoepfe darin heissen karte-plus/karte-minus zu map-zoom-in/out
karten-buehne	card-stage	css-klasse	src/studio/editor.ts,studio.html	4	Foto-Karte = card, Buehne = stage (Glossar 6.3a); Foto-Karte/Karten-Info; wächter: einblendung-css.test.ts
karten-schleier	map-scrim	css-klasse	src/studio/kartenstimmung.ts,studio.html	4	KORREKTUR bei der Abnahme: Wetter-Schleier ueber der LANDKARTE (kartenstimmung.ts, ueber #editor-map); der Schleier der Foto-Karte ist karten-buehne::after
kasten	box	css-klasse	studio.html	4	VORSCHLAG: Kasten (Drop-Overlay) = box; Studio
kern	core	css-klasse	src/studio/editor.ts,studio.html	4	VORSCHLAG: Kern des Klips = core; Studio
ki-blase	attribution-bubble	css-klasse	studio.html	4	VORSCHLAG: ki = Karteninfo; Familie folgt map-attribution (Grundstock), innere Teile mit Praefix attribution-; Kartendaten-Popup (karteninfo)
ki-kicker	attribution-kicker	css-klasse	studio.html	4	VORSCHLAG: Familie attribution; kicker bleibt (Glossar 6.1); Kartendaten-Popup (karteninfo)
ki-knopf	attribution-button	css-klasse	studio.html	4	VORSCHLAG: Knopf zu button; Kartendaten-Popup (karteninfo)
ki-sym	attribution-symbol	css-klasse	studio.html	4	VORSCHLAG: sym ausgeschrieben zu symbol; Kartendaten-Popup (karteninfo)
ki-wert	attribution-value	css-klasse	studio.html	4	VORSCHLAG: Grundstock: wert zu value; Kartendaten-Popup (karteninfo)
klein	small	css-klasse	src/studio/studio.ts,studio.html	4	VORSCHLAG: klein zu small; Studio
knopf-wl	button-waitlist	css-klasse	studio.html	4	wl = Warteliste = waitlist (Grundstock); Studio
kopf-griff	header-grip	css-klasse	src/studio/editor.ts,studio.html	4	VORSCHLAG: Griff zu grip; Studio
kopf-luft	header-spacer	css-klasse	studio.html	4	VORSCHLAG: Luft = Abstandshalter = spacer; Studio
kopfstrich	header-rule	css-klasse	studio.html	4	VORSCHLAG: Strich = Linie = rule; Studio
kopfzeile	header-row	css-klasse	src/studio/editor.ts,src/studio/studio.ts,studio.html	4	VORSCHLAG: Zeile zu row; Studio
kreisel	spinner	css-klasse	src/studio/editor.ts,studio.html	4	VORSCHLAG: Kreisel = Ladeanzeige = spinner; Studio
ks-fuss	mood-footer	css-klasse	studio.html	4	VORSCHLAG: ks = Kartenstimmung; Praefix mood (Modul wird map-mood.ts, 6.6); Kartenstimmung im Studio
ks-kopf	mood-header	css-klasse	studio.html	4	VORSCHLAG: Familie mood; Kartenstimmung im Studio
ks-sub	mood-sub	css-klasse	studio.html	4	VORSCHLAG: Familie mood; Kartenstimmung im Studio
ks-sym	mood-symbol	css-klasse	studio.html	4	VORSCHLAG: sym ausgeschrieben; Kartenstimmung im Studio
ks-text	mood-text	css-klasse	studio.html	4	VORSCHLAG: Familie mood; Kartenstimmung im Studio
ks-zeile	mood-row	css-klasse	studio.html	4	VORSCHLAG: Zeile zu row; Kartenstimmung im Studio
ku-film	readout-film	css-klasse	studio.html	4	VORSCHLAG: ku = Kopf-Uhr (Film-/km-Anzeige im Zeitleisten-Kopf); Praefix readout; Zeitleisten-Kopf (Kopf-Uhr/Kilometer) im Studio-Editor
ku-icon	readout-icon	css-klasse	studio.html	4	VORSCHLAG: Familie readout; Zeitleisten-Kopf (Kopf-Uhr/Kilometer) im Studio-Editor
ku-km-cur	readout-km-current	css-klasse	studio.html	4	VORSCHLAG: cur ausgeschrieben zu current (6.0: nur etablierte Abkuerzungen); Zeitleisten-Kopf (Kopf-Uhr/Kilometer) im Studio-Editor
ku-neben	readout-side	css-klasse	studio.html	4	VORSCHLAG: neben = Nebenfach = side; Zeitleisten-Kopf (Kopf-Uhr/Kilometer) im Studio-Editor
ku-teil	readout-part	css-klasse	studio.html	4	VORSCHLAG: Teil zu part; Zeitleisten-Kopf (Kopf-Uhr/Kilometer) im Studio-Editor
ku-wert	readout-value	css-klasse	studio.html	4	VORSCHLAG: Grundstock: wert zu value; Zeitleisten-Kopf (Kopf-Uhr/Kilometer) im Studio-Editor
laeufer	runner	css-klasse	src/studio/editor.ts,studio.html	4	VORSCHLAG: Karten-Marker, der dem Playhead folgt; Laeufer = runner; Studio
laeuft	running	css-klasse	src/studio/exportblatt.ts,studio.html	4	Grundstock: laeuft zu running (4.2); Studio; wächter: filmuhr.test.ts+konto-tracker.test.ts+kontomodell.test.ts+studio-abspielen.test.ts
lauf	run	css-klasse	src/studio/studio.ts,studio.html	4	VORSCHLAG: Fortschritts-Lauflicht der arbeitenden Bibliothekskarte; Studio
leer-buehne	empty-stage	css-klasse	src/studio/studio.ts,studio.html	4	VORSCHLAG: Buehne = stage (6.3a); Studio
leer-grafik	empty-graphic	css-klasse	studio.html	4	VORSCHLAG: Grafik zu graphic; Studio
leer-text	empty-text	css-klasse	studio.html	4	VORSCHLAG: Familie empty; Studio
leer-titel	empty-title	css-klasse	studio.html	4	VORSCHLAG: Familie empty; Studio
linie	line	css-klasse	src/studio/exportblatt.ts,src/studio/studio.ts,studio.html	4	wie das Token --line (Grundstock); Studio
login-buehne	login-stage	css-klasse	studio.html	4	Buehne = stage (Glossar 6.3a); Anmeldebuehne des Studios
login-formseite	login-form-page	css-klasse	studio.html	4	VORSCHLAG: Formseite = form page; Anmeldebuehne des Studios
login-marke	login-brand	css-klasse	studio.html	4	VORSCHLAG: Marke = Wortmarke = brand; Anmeldebuehne des Studios
login-szene	login-scene	css-klasse	studio.html	4	VORSCHLAG: Szene zu scene; Anmeldebuehne des Studios
login-titel	login-title	css-klasse	studio.html	4	VORSCHLAG: Titel zu title; Anmeldebuehne des Studios
login-zurueck	login-back	css-klasse	studio.html	4	VORSCHLAG: zurueck hier = back; NICHT exit-pill (das ist der Player-Ausgang, Grundstock); Anmeldebuehne des Studios
luecke	gap	css-klasse	src/studio/studio.ts,studio.html	4	VORSCHLAG: Luecke zu gap; Studio
lz-chevron	back-chevron	css-klasse	studio.html	4	VORSCHLAG: lz = Login-Zurueck; Praefix back; Login-Zurueck-Link im Studio
lz-word	back-word	css-klasse	studio.html	4	VORSCHLAG: Familie back (Login-Zurueck-Link); Login-Zurueck-Link im Studio
m-zeichen	moment-mark	css-klasse	src/studio/editor.ts,studio.html	4	VORSCHLAG: m = Moment; Zeichen auf dem Halt-Klip = mark; Studio
manuell	manual	css-klasse	studio.html	4	Grundstock: manuell zu manual (6.9); Studio; wächter: studio-editor.test.ts
medien-punkt	media-dot	css-klasse	src/studio/editor.ts,studio.html	4	VORSCHLAG: medien zu media (6.9), Punkt zu dot; Studio
meldet	alerting	css-klasse	src/studio/editor.ts,studio.html	4	VORSCHLAG: Aufmerksamkeits-Zustand (die Ablage meldet sich); Studio
meldungen	messages	css-klasse	src/studio/studio.ts,studio.html	4	VORSCHLAG: Meldungen zu messages; Studio; wächter: studio-pruefung.test.ts
mit-spur	with-track	css-klasse	src/studio/exportblatt.ts,studio.html	4	GPS-Spur = track (Glossar 6.1); Studio
mit-wert	with-value	css-klasse	src/studio/editor.ts,studio.html	4	Grundstock: wert zu value; Studio
musik	music	css-klasse	studio.html	4	Grundstock: musik zu music (6.9); Studio; wächter: studio-baukasten.test.ts+studio-inspektor.test.ts+studio-nachreichen.test.ts+studio-tonklip.test.ts
nach-abschnitt	add-section	css-klasse	studio.html	4	VORSCHLAG: nach = Nachreichen; Praefix add (Modul wird add-media.ts, 6.6); Nachreichen-Dialog im Studio
nach-dialog	add-dialog	css-klasse	studio.html	4	VORSCHLAG: Familie add (Nachreichen); Nachreichen-Dialog im Studio
nach-fuss	add-footer	css-klasse	studio.html	4	VORSCHLAG: Fuss zu footer; Nachreichen-Dialog im Studio
nach-hinweis	add-hint	css-klasse	src/studio/editor.ts,studio.html	4	VORSCHLAG: Hinweis zu hint; Nachreichen-Dialog im Studio
nach-inhalt	add-content	css-klasse	studio.html	4	VORSCHLAG: Inhalt zu content; Nachreichen-Dialog im Studio
nach-knoepfe	add-buttons	css-klasse	studio.html	4	VORSCHLAG: Knoepfe zu buttons; Nachreichen-Dialog im Studio
nach-kopf	add-header	css-klasse	studio.html	4	VORSCHLAG: Kopf zu header; Nachreichen-Dialog im Studio
nach-legende	add-legend	css-klasse	studio.html	4	VORSCHLAG: Legende zu legend; Nachreichen-Dialog im Studio
nach-marke-name	add-marker-name	css-klasse	studio.html	4	VORSCHLAG: Marke = Markierung auf dem Streifen = marker; Nachreichen-Dialog im Studio
nach-pkt	add-dot	css-klasse	src/studio/editor.ts,studio.html	4	VORSCHLAG: pkt = Punkt = dot; Nachreichen-Dialog im Studio
nach-saetze	add-sentences	css-klasse	studio.html	4	VORSCHLAG: Saetze (balancierte Spans) = sentences; Nachreichen-Dialog im Studio
nach-schl	add-key	css-klasse	studio.html	4	VORSCHLAG: schl = Schluessel der Legende (alt/neu-Punkte) = key; Nachreichen-Dialog im Studio
nach-streifen	add-strip	css-klasse	studio.html	4	VORSCHLAG: Streifen zu strip; Nachreichen-Dialog im Studio
nach-unter	add-subtitle	css-klasse	studio.html	4	VORSCHLAG: unter = Unterzeile des Kopfes = subtitle; Nachreichen-Dialog im Studio
nach-zeile	add-row	css-klasse	studio.html	4	VORSCHLAG: Zeile zu row; Nachreichen-Dialog im Studio
nach-zeilen	add-rows	css-klasse	studio.html	4	VORSCHLAG: Zeilen zu rows; Nachreichen-Dialog im Studio
nachsatz	postscript	css-klasse	src/studio/studio.ts,studio.html	4	VORSCHLAG: Nachsatz = postscript; Studio
nacht	night	css-klasse	src/studio/editor.ts,studio.html	4	VORSCHLAG: Kartenstimmung Nacht = night; Studio
neu	new	css-klasse	studio.html	4	VORSCHLAG: neu = Upload-Dialog-Wurzel UND neu-Punkt der Nachreichen-Legende (Gegenstueck old); Upload-/Neu-Dialog im Studio
neu-daten	new-details	css-klasse	src/studio/studio.ts,studio.html	4	VORSCHLAG: neu = Upload-Dialog; Daten-Zusammenfassung = details (data ist als Fuellwort verboten, 6.0); Upload-/Neu-Dialog im Studio
neu-fenster	new-window	css-klasse	src/studio/exportblatt.ts,studio.html	4	VORSCHLAG: Familie new (Dialograhmen, auch vom Export-Blatt genutzt); Upload-/Neu-Dialog im Studio
neu-fortschritt	new-progress	css-klasse	studio.html	4	VORSCHLAG: Fortschritt zu progress; Upload-/Neu-Dialog im Studio
neu-fuss	new-footer	css-klasse	src/studio/exportblatt.ts,studio.html	4	VORSCHLAG: Fuss zu footer; Upload-/Neu-Dialog im Studio
neu-hinter	new-backdrop	css-klasse	src/studio/exportblatt.ts,studio.html	4	VORSCHLAG: hinter = Hintergrund-Schicht = backdrop; Upload-/Neu-Dialog im Studio
neu-kachel	new-thumbnail	css-klasse	src/studio/studio.ts,studio.html	4	VORSCHLAG: Datei-Kachel mit Tour-Skizze = thumbnail (Glossar 6.3a: Listen-Kachel, nicht tile); Upload-/Neu-Dialog im Studio
neu-kopf	new-header	css-klasse	src/studio/exportblatt.ts,studio.html	4	VORSCHLAG: Kopf zu header; Upload-/Neu-Dialog im Studio
neu-leer	new-empty	css-klasse	src/studio/studio.ts,studio.html	4	VORSCHLAG: leer zu empty; Upload-/Neu-Dialog im Studio
neu-lesen	new-reading	css-klasse	src/studio/studio.ts,studio.html	4	VORSCHLAG: Einlese-Zustand (Ring) = reading; Upload-/Neu-Dialog im Studio
neu-modus	new-travel-mode	css-klasse	studio.html	4	Fortbewegung = travelMode, nicht UI-mode (Glossar 6.1); Upload-/Neu-Dialog im Studio
neu-raster	new-grid	css-klasse	src/studio/studio.ts,studio.html	4	VORSCHLAG: Raster zu grid; Upload-/Neu-Dialog im Studio
neu-rumpf	new-body	css-klasse	src/studio/exportblatt.ts,studio.html	4	VORSCHLAG: Rumpf zu body; Upload-/Neu-Dialog im Studio
neu-sicht	new-visibility	css-klasse	studio.html	4	Sichtbarkeit = visibility (Glossar 6.1); Upload-/Neu-Dialog im Studio
oeffentlich	public	css-klasse	studio.html	4	Sichtbarkeitswert public (Glossar 6.1 visibility); Studio; wächter: app-nav.test.ts
ohne	without	css-klasse	src/studio/studio.ts,studio.html	4	VORSCHLAG: ohne-Zustand (z.B. ohne Wert), immutable-Wortpaar with/without (6.3); Studio; wächter: studio-baukasten.test.ts
ohne-ort	no-location	css-klasse	src/studio/studio.ts,studio.html	4	VORSCHLAG: Aufnahme ohne Ortsangabe; Studio; wächter: studio-pruefung.test.ts
platzieren	placing	css-klasse	src/studio/editor.ts,studio.html	4	VORSCHLAG: Platzier-Modus = placing; Studio
pling	ping	css-klasse	studio.html	4	VORSCHLAG: Lautmalerei eingeenglischt: ping (SFX-Blitz auf der Zeitleiste); Studio
puls	pulse	css-klasse	src/studio/editor.ts,studio.html	4	VORSCHLAG: Puls-Animation = pulse; Studio
pult	console	css-klasse	studio.html	4	VORSCHLAG: Pult ueber der Zeitleiste = console; Studio
pult-fach	console-slot	css-klasse	studio.html	4	VORSCHLAG: Fach = slot; Studio
quelle	source	css-klasse	src/studio/studio.ts,studio.html	4	Grundstock: quelle zu source; Studio; wächter: basis-css.test.ts+studio-pruefung.test.ts
raster	grid	css-klasse	src/studio/studio.ts,studio.html	4	VORSCHLAG: Raster zu grid; Studio
rastet	snapping	css-klasse	src/studio/editor.ts,studio.html	4	VORSCHLAG: rastet ein = snapping; Studio
rechts	right	css-klasse	src/studio/editor.ts,src/studio/studio.ts,studio.html	4	VORSCHLAG: rechts zu right; Studio
rumpf-innen	body-inner	css-klasse	studio.html	4	VORSCHLAG: Familie body; Studio
schiebt	shifting	css-klasse	src/studio/editor.ts,studio.html	4	VORSCHLAG: wird beim Ziehen mitgeschoben = shifting; Studio
schliessen	close	css-klasse	studio.html	4	VORSCHLAG: schliessen zu close; Studio
schloss	lock	css-klasse	studio.html	4	VORSCHLAG: Schloss-Symbol = lock; Studio
schluss	ending	css-klasse	src/studio/studio.ts,studio.html	4	VORSCHLAG: Schluss-Abschnitt = ending (finale ist die Player-Tafel); Studio
schmal	narrow	css-klasse	studio.html	4	VORSCHLAG: schmal zu narrow; Studio; wächter: kartenmaler.test.ts
schwebe-menue	floating-menu	css-klasse	src/studio/editor.ts,studio.html	4	VORSCHLAG: Schwebe-Menue = floating menu; Studio
scrubbt	scrubbing	css-klasse	src/studio/editor.ts,studio.html	4	VORSCHLAG: konjugiertes Lehnwort zurueck zur englischen Verlaufsform; Koerper-Klasse waehrend des Scrubbens (deutsch konjugiertes Lehnwort)
sfx-besch	sfx-description	css-klasse	src/studio/editor.ts,studio.html	4	VORSCHLAG: sfx bleibt (etablierte Abkuerzung 6.0); besch = Beschreibung = description; Klang-Dialog (Musik & Effekte) im Studio
sfx-einsetzen	sfx-insert	css-klasse	src/studio/editor.ts,studio.html	4	VORSCHLAG: einsetzen = insert; Klang-Dialog (Musik & Effekte) im Studio
sfx-gruppe	sfx-group	css-klasse	src/studio/editor.ts,studio.html	4	VORSCHLAG: Gruppe zu group; Klang-Dialog (Musik & Effekte) im Studio
sfx-hoeren	sfx-preview	css-klasse	src/studio/editor.ts,studio.html	4	VORSCHLAG: hoeren = Vorhoeren = preview; Klang-Dialog (Musik & Effekte) im Studio
sfx-inhalt	sfx-content	css-klasse	studio.html	4	VORSCHLAG: Inhalt zu content; Klang-Dialog (Musik & Effekte) im Studio
sfx-kopf	sfx-header	css-klasse	studio.html	4	VORSCHLAG: Kopf zu header; Klang-Dialog (Musik & Effekte) im Studio
sfx-leer	sfx-empty	css-klasse	src/studio/editor.ts,studio.html	4	VORSCHLAG: leer zu empty; Klang-Dialog (Musik & Effekte) im Studio
sfx-loeschen	sfx-delete	css-klasse	src/studio/editor.ts,studio.html	4	VORSCHLAG: loeschen zu delete; Klang-Dialog (Musik & Effekte) im Studio
sfx-rechts	sfx-right	css-klasse	src/studio/editor.ts,studio.html	4	VORSCHLAG: rechts zu right; Klang-Dialog (Musik & Effekte) im Studio
sfx-suche	sfx-search	css-klasse	studio.html	4	VORSCHLAG: Suche zu search; Klang-Dialog (Musik & Effekte) im Studio
sfx-suche-feld	sfx-search-field	css-klasse	studio.html	4	VORSCHLAG: Feld zu field; Klang-Dialog (Musik & Effekte) im Studio
sfx-unter	sfx-sub	css-klasse	studio.html	4	VORSCHLAG: Unterzeile = sub; Klang-Dialog (Musik & Effekte) im Studio
sfx-wie	sfx-usage	css-klasse	src/studio/editor.ts,studio.html	4	VORSCHLAG: wie = Einsatz-Hinweis (Tooltip) = usage; Klang-Dialog (Musik & Effekte) im Studio
sfx-wie-blase	sfx-usage-bubble	css-klasse	src/studio/editor.ts,studio.html	4	VORSCHLAG: Blase zu bubble; Klang-Dialog (Musik & Effekte) im Studio
sfx-zeile	sfx-row	css-klasse	src/studio/editor.ts,studio.html	4	VORSCHLAG: Zeile zu row; Klang-Dialog (Musik & Effekte) im Studio
sfx-zeit	sfx-time	css-klasse	src/studio/editor.ts,studio.html	4	VORSCHLAG: Zeit zu time; Klang-Dialog (Musik & Effekte) im Studio
sicher	armed	css-klasse	src/studio/editor.ts,studio.html	4	VORSCHLAG: zweistufiges Loeschen: der erste Klick schaerft (sicher?), armed; Studio
sicht	visibility	css-klasse	studio.html	4	Sichtbarkeits-Chip der Bibliothekskarte; Sichtbarkeit = visibility (Glossar 6.1); Studio; wächter: einblendung-css.test.ts+kartenmaler.test.ts
sicht-menue	visibility-menu	css-klasse	src/studio/studio.ts,studio.html	4	Sichtbarkeit = visibility (Glossar 6.1); Studio
sichtpille	visibility-pill	css-klasse	src/studio/studio.ts,studio.html	4	Sichtbarkeit = visibility (Glossar 6.1), Pille = pill; Studio
skala	scale	css-klasse	studio.html	4	Grundstock: skala zu scale (6.9); Studio
skala-marke	scale-mark	css-klasse	src/studio/editor.ts,studio.html	4	VORSCHLAG: Marke = Markierung auf der Skala = mark; Studio
skala-name	scale-name	css-klasse	studio.html	4	Familie scale; Studio
sortier	sort	css-klasse	studio.html	4	VORSCHLAG: Sortier-Auswahl = sort; Studio
spanne	span	css-klasse	src/studio/editor.ts,src/studio/studio.ts,studio.html	4	VORSCHLAG: Spanne = span (farbiger Bereich auf Streifen/Zeitband); Studio
spielt	playing	css-klasse	src/studio/editor.ts,studio.html	4	VORSCHLAG: spielt gerade = playing; Studio
spur	lane	css-klasse	src/studio/editor.ts,src/studio/studio.ts,studio.html	4	Glossar 6.1: Zeitleisten-Spur/Bahn = lane; ACHTUNG Doppelnutzung: das Bibliotheks-SVG (studio.ts) zeichnet damit die GPS-Spur, dort waere track richtig, ggf. beim Umbau trennen; Spuren der Studio-Zeitleiste; wächter: einblendung-css.test.ts
spur-feld	lane-field	css-klasse	studio.html	4	Familie lane; Spuren der Studio-Zeitleiste
spur-icon	lane-icon	css-klasse	studio.html	4	Familie lane; Spuren der Studio-Zeitleiste
spur-name	lane-name	css-klasse	studio.html	4	Familie lane; Spuren der Studio-Zeitleiste
spur-plus	lane-plus	css-klasse	studio.html	4	Familie lane (Plus-Knopf der Bahn); Spuren der Studio-Zeitleiste
spur-titel	lane-title	css-klasse	studio.html	4	Familie lane; Spuren der Studio-Zeitleiste
spuren	lanes	css-klasse	studio.html	4	Glossar 6.1: lanes; Studio
spuren-fenster	lanes-viewport	css-klasse	studio.html	4	VORSCHLAG: Fenster = Sichtfenster = viewport; Studio
stapel	stack	css-klasse	studio.html	4	VORSCHLAG: Stapel-Optik der Medien-Punkte = stack; Studio; wächter: studio-baukasten.test.ts
stiel	stem	css-klasse	src/studio/studio.ts,studio.html	4	VORSCHLAG: Strich-Stiel einer Marke im Zeitband des Upload-Befunds; Studio
stift-knopf	pencil-button	css-klasse	src/studio/studio.ts,studio.html	4	VORSCHLAG: Stift = pencil, Knopf = button wie Teil A; Studio
stimmung-panel	mood-panel	css-klasse	studio.html	4	kartenstimmung.ts wird map-mood.ts (Paragraf 6.6), Familie mood- wie Teil A ks-; Studio
stopp-summe	stop-total	css-klasse	src/studio/editor.ts,studio.html	4	VORSCHLAG: Halt = stop (Paragraf 6.1), Summe der Standzeiten = total; Studio
studio-dabei	studio-signed-in	css-klasse	src/studio/studio.ts,studio.html	4	VORSCHLAG: dabei = angemeldet-Zustand aus session-hinweis.ts; KONFLIKT: Teil A deutet nav-dabei als join, Zusammenfuehrung abgleichen; Studio; wächter: session-hinweis.test.ts
studio-gesteuert	studio-controlled	css-klasse	src/studio/studio.ts,studio.html	4	VORSCHLAG: studio.ts steuert ab dann die hidden-Zustaende selbst; Studio; wächter: session-hinweis.test.ts
stunden	hours	css-klasse	src/studio/studio.ts,studio.html	4	VORSCHLAG: Stundenmarken unter dem Zeitband; Studio
suche	search	css-klasse	studio.html	4	VORSCHLAG: ; Studio
sucht	searching	css-klasse	src/studio/editor.ts,studio.html	4	VORSCHLAG: Zustands-Partizip wie Teil A (grabbing, snapping); Studio
szene-kontur	scene-outline	css-klasse	studio.html	4	VORSCHLAG: ; Login-Szene des Studios
szene-kontur-feld	scene-outline-field	css-klasse	studio.html	4	VORSCHLAG: ; Login-Szene des Studios
szene-laeufer	scene-runner	css-klasse	studio.html	4	VORSCHLAG: Laeufer = runner wie Teil A; Login-Szene des Studios
szene-pin	scene-pin	css-klasse	studio.html	4	VORSCHLAG: ; Login-Szene des Studios
szene-weg	scene-path	css-klasse	studio.html	4	VORSCHLAG: Weg der Login-Szene = path; Login-Szene des Studios
tipp	tooltip	css-klasse	studio.html	4	tipp.ts wird tooltip.ts (Paragraf 6.6); der Fragezeichen-Knopf traegt den Tooltip; Studio; wächter: passwortstaerke.test.ts
tipp-blase	tooltip-bubble	css-klasse	src/studio/tipp.ts,studio.html	4	Paragraf 6.6; Blase = bubble wie Teil A ki-blase; Studio
titelblock	title-block	css-klasse	src/studio/exportblatt.ts,studio.html	4	titel zu title (Paragraf 6.8); Studio
tour-felder	tour-fields	css-klasse	studio.html	4	VORSCHLAG: Feld = field wie Teil A; Studio
tour-gruppe	tour-group	css-klasse	studio.html	4	VORSCHLAG: ; Studio
tp-folge	console-follow	css-klasse	studio.html	4	VORSCHLAG: tp = Abspiel-Steuerung (Tour-Probe); Teil A nennt das Pult console, die Knoepfe folgen; Abspiel-Steuerung (Tour-Probe) im Studio-Editor
tp-play	console-play	css-klasse	studio.html	4	VORSCHLAG: Familie console-, s. tp-folge; Abspiel-Steuerung (Tour-Probe) im Studio-Editor
tp-sprung	console-skip	css-klasse	studio.html	4	VORSCHLAG: Sprung zum naechsten Halt = skip; Abspiel-Steuerung (Tour-Probe) im Studio-Editor
trenner	divider	css-klasse	src/studio/editor.ts,studio.html	4	VORSCHLAG: wie Teil A km-trenner zu am-divider; Studio
uhr	clock	css-klasse	src/studio/editor.ts,studio.html	4	VORSCHLAG: Uhrzeit-Text an der Aufnahme-Zeile; Studio
unplatziert	unplaced	css-klasse	studio.html	4	placement-Wert unplatziert wird unplaced (Paragraf 6.9); Studio; wächter: remote.test.ts+studio-baukasten.test.ts+studio-editor.test.ts+studio-stopps.test.ts
unter	subtitle	css-klasse	src/studio/exportblatt.ts,studio.html	4	VORSCHLAG: Dialog-Untertitel; Teil A: nach-unter zu add-subtitle; bewusst getrennt von unterzeile zu subline, beide stehen in studio.html; Studio
verarbeitung	processing	css-klasse	studio.html	4	Statuswert verarbeitung wird processing (Paragraf 4.2); Studio; wächter: konto-tracker.test.ts+remote.test.ts
verdeckt	covered	css-klasse	src/studio/editor.ts,studio.html	4	VORSCHLAG: Playhead-Strich links vom Spurenfenster verdeckt; Studio
von	from	css-klasse	studio.html	4	Trim-Kante von/bis wird from/to (Paragraf 6.9); Studio; wächter: studio-baukasten.test.ts; KOLLISION: Teil A gibt .ab ebenfalls .from, beide im Studio-DOM, Zusammenfuehrung pruefen
vorschau	preview	css-klasse	src/studio/studio.ts,studio.html	4	vorschau zu preview wie Paragraf 6.7 (mailvorlagen /vorschau zu /preview); Studio
wachst	growing	css-klasse	src/studio/studio.ts,studio.html	4	VORSCHLAG: Zustands-Partizip wie Teil A; der Dialog-Rumpf waechst um den Befund; Studio
warnt	warns	css-klasse	src/studio/editor.ts,studio.html	4	VORSCHLAG: Warn-Zustand am Ablage-Knopf; NICHT warning, das ist die Klasse warnung im selben Dokument; Studio
weg	remove	css-klasse	src/studio/editor.ts,studio.html	4	VORSCHLAG: Loeschen-Knopf im Spur-Menue (Datei vom Server loeschen); das gleichnamige 404-Pfad-id wird path; Studio
weglassen	omit	css-klasse	src/studio/editor.ts,studio.html	4	VORSCHLAG: Weglassen-Knopf im Nachreichen-Befund; Studio
welle	waveform	css-klasse	src/studio/editor.ts,studio.html	4	VORSCHLAG: Audio-Wellenform im Editor; Studio
welle-fenster	waveform-window	css-klasse	src/studio/editor.ts,studio.html	4	VORSCHLAG: ; Studio
wert	value	css-klasse	src/studio/editor.ts,studio.html	4	VORSCHLAG: wie Teil A ki-wert zu attribution-value; Studio
wetter-laeuft	weather-running	css-klasse	src/studio/kartenstimmung.ts,studio.html	4	VORSCHLAG: laeuft = running wie Teil A; Studio
wkz	tool	css-klasse	src/studio/editor.ts,studio.html	4	VORSCHLAG: wkz = Werkzeug-Zustand, ausgeschrieben wie Teil A kurze Praefixe ausschreibt; Werkzeug-Zustand im Studio-Editor
wl-aktion	waitlist-action	css-klasse	studio.html	4	warteliste = waitlist (Paragraf 6.7); Praefix ausgeschrieben wie Teil A knopf-wl zu button-waitlist; Warteliste
wl-bild	waitlist-image	css-klasse	studio.html	4	Paragraf 6.7; Bild = image wie Teil A; Warteliste
wl-block	waitlist-block	css-klasse	studio.html	4	Paragraf 6.7; Warteliste
wl-karte	waitlist-card	css-klasse	studio.html	4	Paragraf 6.7; Karte (Kachel) = card; Warteliste
wl-oder	waitlist-or	css-klasse	studio.html	4	Paragraf 6.7; Oder-Trenner; Warteliste
wl-pfeil	waitlist-arrow	css-klasse	studio.html	4	Paragraf 6.7; Pfeil = arrow; Warteliste
wl-recht	waitlist-legal	css-klasse	studio.html	4	VORSCHLAG: Rechtshinweis (DSGVO-Zeile) unter dem Formular; Warteliste
wl-text	waitlist-text	css-klasse	studio.html	4	Paragraf 6.7; Warteliste
wohin	placement	css-klasse	src/studio/editor.ts,studio.html	4	VORSCHLAG: Spalte im Nachreichen-Befund: wohin die Aufnahme faellt (Einordnungs-Wort); Studio
zahlen	numbers	css-klasse	src/studio/studio.ts,studio.html	4	VORSCHLAG: ; Studio; wächter: versionen.test.ts
zeichen	mark	css-klasse	src/studio/studio.ts,studio.html	4	VORSCHLAG: Ausrufe-/Fragezeichen vor Befund-Meldungen; wie Teil A m-zeichen zu moment-mark; Studio
zeit-paar	time-pair	css-klasse	src/studio/editor.ts,studio.html	4	VORSCHLAG: ; Studio
zeitband	time-band	css-klasse	src/studio/studio.ts,studio.html	4	VORSCHLAG: Zeitband des Upload-Befunds (Aufnahmen an ihrer Uhrzeit), NICHT die Zeitleiste des Editors; Studio
zf	time-field	css-klasse	src/studio/editor.ts,studio.html	4	VORSCHLAG: zf = Zeitfeld-Eingabe, ausgeschrieben; Zeitfeld-Eingabe im Studio-Editor
zf-in	time-field-input	css-klasse	src/studio/editor.ts,studio.html	4	VORSCHLAG: ; Zeitfeld-Eingabe im Studio-Editor
zf-step	time-field-step	css-klasse	src/studio/editor.ts,studio.html	4	VORSCHLAG: ; Zeitfeld-Eingabe im Studio-Editor
zieh-geist	drag-ghost	css-klasse	src/studio/editor.ts,studio.html	4	VORSCHLAG: Geist = ghost wie Teil A knopf-geist; Studio
zieht	dragging	css-klasse	src/studio/editor.ts,studio.html	4	VORSCHLAG: Zustands-Partizip wie Teil A; Studio
zieht-breite	dragging-width	css-klasse	src/studio/editor.ts,studio.html	4	VORSCHLAG: ; Studio
zieht-dauer	dragging-duration	css-klasse	src/studio/editor.ts,studio.html	4	VORSCHLAG: ; Studio
ziel-linie	target-line	css-klasse	src/studio/editor.ts,studio.html	4	VORSCHLAG: ; Studio
zl-einfuege	timeline-insert	css-klasse	src/studio/editor.ts,studio.html	4	zl = Zeitleisten-Klip; Zeitleiste = timeline (Paragraf 6.3), Praefix ausgeschrieben; Zeitleisten-Klips im Studio
zl-klip	timeline-clip	css-klasse	studio.html	4	Paragraf 6.3; Zeitleisten-Klips im Studio
zl-klip-loop	timeline-clip-loop	css-klasse	src/studio/editor.ts,studio.html	4	Paragraf 6.3; Zeitleisten-Klips im Studio
zl-klip-name	timeline-clip-name	css-klasse	src/studio/editor.ts,studio.html	4	Paragraf 6.3; Zeitleisten-Klips im Studio
zl-kopf	timeline-header	css-klasse	studio.html	4	Paragraf 6.3; Kopf = header wie Teil A; Zeitleisten-Klips im Studio
zl-kopf-links	timeline-header-left	css-klasse	studio.html	4	Paragraf 6.3; Zeitleisten-Klips im Studio
zl-kopf-rechts	timeline-header-right	css-klasse	studio.html	4	Paragraf 6.3; Zeitleisten-Klips im Studio
zl-sfx	timeline-sfx	css-klasse	src/studio/editor.ts,studio.html	4	Paragraf 6.3; Zeitleisten-Klips im Studio
zoom-wert	zoom-value	css-klasse	studio.html	4	VORSCHLAG: ; Studio
zu	lightbox-close	css-klasse	src/studio/editor.ts,studio.html	4	VORSCHLAG: Schliess-Knopf der Grossansicht; Teil A nennt gross lightbox; Studio
zug-etikett	drag-label	css-klasse	src/studio/editor.ts,studio.html	4	VORSCHLAG: Etikett = label wie Teil A export-etikett; Studio
--fl-primaer	--surface-primary	css-variable	studio.html	4	VORSCHLAG: konsistent zum Grundstock fl zu surface; Primaer-Verlauf nur im Studio; Primaer-Verlauf der Studio-Knoepfe
--fortschritt	--progress	css-variable	src/studio/editor.ts,studio.html	4	VORSCHLAG: Fortschrittsanteil des Export-Balkens; Fortschrittsanteil (Export-Balken), editor.ts setzt
--inspector-breite	--inspector-width	css-variable	studio.html; src/studio/editor.ts, tonklip.ts	4	VORSCHLAG
--inspector-breite	--inspector-width	css-variable	src/studio/editor.ts,studio.html	4	Grundstock: --inspector-width; Breite des Inspector-Panels im Studio
--kopf-gruppe	--header-group-h	css-variable	studio.html	4	VORSCHLAG: Hoehe der Zeitleisten-Kopfgruppen, deshalb Suffix -h (Einheitenregel 6.0); Hoehe der Zeitleisten-Kopfgruppen im Studio
--musik-lanes	--music-lanes	css-variable	src/studio/editor.ts,studio.html	4	musik zu music (Grundstock json-wert), lanes bleibt; Zahl der Ton-Unterzeilen in der Musikspur, editor.ts setzt
--spur-x	--lane-x	css-variable	src/studio/editor.ts,studio.html	4	Bahn/Zeitleisten-Spur = lane (Glossar 6.1); x-Versatz der Bahnen in der Zeitleiste, editor.ts liest/setzt; wächter: basis-css.test.ts
--streifen-rand	--strip-margin	css-variable	studio.html	4	VORSCHLAG; Ist-Zweck prüfen
--streifen-rand	--strip-margin	css-variable	src/studio/editor.ts,studio.html	4	Grundstock: --strip-margin; Ist-Zweck pruefen; Rand des Foto-Streifens im Studio
--text-schwach	--weak	css-variable	studio.html	4	VORSCHLAG: konsistent zu --muted/--faint aus dem Grundstock (Textstufen ohne text-Praefix); nur studio.html; schwache Textstufe: Design-Token
--zeit-breite	--timeline-width	css-variable	studio.html; src/studio/	4	VORSCHLAG
--zeit-breite	--timeline-width	css-variable	src/studio/editor.ts,src/studio/tonklip.ts,studio.html	4	Grundstock: --timeline-width; Breite der Zeitachse (Zoom) im Studio, editor.ts rechnet damit; wächter: studio-tonklip.test.ts
ansicht	view	dataset-schluessel	src/studio/studio.ts,studio.html	4	VORSCHLAG: wie Teil A ansicht-schalter zu view-toggle; Studio
art	kind	dataset-schluessel	studio.html	4	art zu kind (Paragraf 6.9, moments[].art zu kind); hier die Art des Zug-Etiketts (reihe/ort); Studio
bearbeiten	edit	dataset-schluessel	src/studio/studio.ts	4	VORSCHLAG: ; Studio
fokus	selected	dataset-schluessel	src/studio/editor.ts	4	Fokus (Auswahl) = selection (Paragraf 6.3); Teil A setzt die Klasse fokus zu selected; Studio
groesse	size	dataset-schluessel	src/studio/exportblatt.ts	4	VORSCHLAG: ; Studio
lage	orientation	dataset-schluessel	src/studio/exportblatt.ts	4	VORSCHLAG: Export-Lage quer/hoch = orientation, Werte landscape/portrait (Teil A: quer zu landscape, hoch zu portrait); Studio
modus	authMode	dataset-schluessel	src/studio/studio.ts,studio.html	4	VORSCHLAG: Modus-Wechsel-Links der Auth-Formulare (anmelden/registrieren/reset), NICHT travelMode; Studio
rolle	role	dataset-schluessel	studio.html	4	rolle zu role (Paragraf 6.2); Studio
seite	side	dataset-schluessel	src/studio/tipp.ts	4	VORSCHLAG: Lage der Tooltip-Blase (links/unten/oben), also Seite im Sinn von Richtung, nicht Webseite; Studio
sicht	visibility	dataset-schluessel	src/studio/studio.ts	4	Sichtbarkeit = visibility (Paragraf 6.1); Studio
spielen	play	dataset-schluessel	src/studio/studio.ts	4	VORSCHLAG: ; Studio
spur	lane	dataset-schluessel	studio.html	4	Zeitleisten-Bahn = lane (Paragraf 6.1); Spuren der Studio-Zeitleiste
tipp	tooltip	dataset-schluessel	src/studio/tipp.ts,studio.html	4	tipp.ts wird tooltip.ts (Paragraf 6.6); Studio
tippBereit	tooltipReady	dataset-schluessel	src/studio/tipp.ts	4	Paragraf 6.6; camelCase bleibt; Studio
wert	value	dataset-schluessel	src/studio/studio.ts	4	VORSCHLAG: ; Studio
wkz	tool	dataset-schluessel	studio.html	4	VORSCHLAG: wkz = Werkzeug-Zustand, ausgeschrieben; Werkzeug-Zustand im Studio-Editor
src/studio/abspielen.ts	src/studio/playback.ts	datei	src/studio/abspielen.ts	4	§6.6
src/studio/editmodell.ts	src/studio/edit-model.ts	datei	src/studio/editmodell.ts	4	§6.6
src/studio/exportblatt.ts	src/studio/export-sheet.ts	datei	src/studio/exportblatt.ts	4	§6.6
src/studio/kartenstimmung.ts	src/studio/map-mood.ts	datei	src/studio/kartenstimmung.ts	4	§6.6
src/studio/nachreichen.ts	src/studio/add-media.ts	datei	src/studio/nachreichen.ts	4	§6.6
src/studio/pruefung.ts	src/studio/import-validation.ts	datei	src/studio/pruefung.ts	4	§6.6
src/studio/sfxbibliothek.ts	src/studio/sfx-library.ts	datei	src/studio/sfxbibliothek.ts	4	§6.6
src/studio/tipp.ts	src/studio/tooltip.ts	datei	src/studio/tipp.ts	4	§6.6
src/studio/tonklip.ts	src/studio/audio-clip.ts	datei	src/studio/tonklip.ts	4	§6.6
src/studio/zeitleiste.ts	src/studio/timeline.ts	datei	src/studio/zeitleiste.ts	4	§6.6
ablage-anzahl	tray-count	dom-id	src/studio/editor.ts,studio.html	4	VORSCHLAG: Ablage = tray wie Teil A; Anzahl = count; Studio
ablage-knopf	tray-button	dom-id	src/studio/editor.ts,studio.html	4	VORSCHLAG: wie Teil A ablage-knopf zu tray-button; Studio
ansicht	view	dom-id	src/studio/studio.ts,studio.html	4	VORSCHLAG: wie Teil A ansicht-schalter zu view-toggle; Studio
bib-kopf	library-header	dom-id	src/studio/studio.ts,studio.html	4	Klangbibliothek = audioLibrary (Paragraf 6.3); Kopf = header; Studio
bibliothek	library	dom-id	src/studio/studio.ts,studio.html	4	Paragraf 6.3; Studio; wächter: studio-baukasten.test.ts+studio-inspektor.test.ts
code-fehler	code-error	dom-id	src/studio/studio.ts,studio.html	4	fehler = error (Paragraf 6.1); Studio
code-weiter	code-continue	dom-id	studio.html	4	VORSCHLAG: Weiter-Knopf der Code-Eingabe; Studio
dateien	files	dom-id	studio.html	4	VORSCHLAG: ; Studio
e-audio-datei	editor-audio-file	dom-id	src/studio/editor.ts,studio.html	4	VORSCHLAG: e- = Editor-Feld, ausgeschrieben; verstecktes File-Input; Studio
editor-beschreibung	editor-description	dom-id	src/studio/editor.ts,studio.html	4	VORSCHLAG: ; Studio-Editor
editor-beschreibung-zaehler	editor-description-counter	dom-id	src/studio/editor.ts,studio.html	4	VORSCHLAG: Zaehler = counter wie Teil A; Studio-Editor
editor-dachzeile	editor-kicker	dom-id	src/studio/editor.ts,studio.html	4	Dachzeile = kicker (Paragraf 6.1); Studio-Editor
editor-dachzeile-ebenen	editor-kicker-layers	dom-id	src/studio/editor.ts,studio.html	4	VORSCHLAG: Adress-Ebenen-Vorschlaege; Ebenen = layers wie Teil A ebenen-wahl; Studio-Editor
editor-einstellungen	editor-settings	dom-id	src/studio/editor.ts,studio.html	4	Einstellung = setting (Paragraf 6.4); Studio-Editor
editor-finale-ziel	editor-finale-target	dom-id	src/studio/editor.ts,studio.html	4	finale_ziel wird finale_target (Paragraf 6.8); Studio-Editor
editor-finale-ziel-feld	editor-finale-target-field	dom-id	src/studio/editor.ts,studio.html	4	Paragraf 6.8; Studio-Editor
editor-medien-hinweis	editor-media-hint	dom-id	src/studio/editor.ts,studio.html	4	VORSCHLAG: Hinweis = hint wie Teil A; Studio-Editor
editor-neu-verarbeiten	editor-reprocess	dom-id	src/studio/editor.ts,studio.html	4	API-Route heisst reprocess (Paragraf 6.7); Studio-Editor
editor-rumpf	editor-body	dom-id	src/studio/editor.ts,studio.html	4	VORSCHLAG: wie Teil A editor-rumpf zu editor-body; Studio-Editor
editor-speichern	editor-save	dom-id	src/studio/editor.ts,studio.html	4	VORSCHLAG: ; Studio-Editor
editor-titel	editor-title	dom-id	src/studio/editor.ts,studio.html	4	titel zu title (Paragraf 6.8); Studio-Editor
editor-titel-knopf	editor-title-button	dom-id	src/studio/editor.ts,studio.html	4	VORSCHLAG: ; Studio-Editor
editor-vorschau	editor-preview	dom-id	src/studio/editor.ts,studio.html	4	Paragraf 6.7 vorschau zu preview; Studio-Editor
editor-zurueck	editor-back	dom-id	src/studio/editor.ts,studio.html	4	VORSCHLAG: Zurueck in die Bibliothek, nicht die Exit-Pille; Studio-Editor
export-dauer	film-export-duration	dom-id	src/studio/exportblatt.ts	4	Video-Export = filmExport (Paragraf 6.1); Familie film-export- wie Teil A; Video-Export
export-frage	film-export-prompt	dom-id	src/studio/exportblatt.ts	4	VORSCHLAG: wie Teil A export-frage zu film-export-prompt; Video-Export
export-frage-text	film-export-prompt-text	dom-id	src/studio/exportblatt.ts	4	VORSCHLAG: ; Video-Export
export-fuell	film-export-fill	dom-id	src/studio/exportblatt.ts	4	VORSCHLAG: Fortschritts-Fuellung; Video-Export
export-lauf	film-export-run	dom-id	src/studio/exportblatt.ts	4	VORSCHLAG: wie Teil A; Video-Export
export-rest	film-export-remaining	dom-id	src/studio/exportblatt.ts	4	VORSCHLAG: wie Teil A; Video-Export
export-stand	film-export-status	dom-id	src/studio/exportblatt.ts	4	VORSCHLAG: wie Teil A; Video-Export
export-titel	film-export-title	dom-id	src/studio/exportblatt.ts	4	Paragraf 6.1 und 6.8; Video-Export
export-unter	film-export-subtitle	dom-id	src/studio/exportblatt.ts	4	VORSCHLAG: Untertitel unterm Export-Titel, wie unter zu subtitle; Video-Export
export-vorschau	film-export-preview	dom-id	src/studio/exportblatt.ts	4	VORSCHLAG: wie Teil A; Video-Export
foto-quellen	photo-sources	dom-id	src/studio/editor.ts,studio.html	4	VORSCHLAG: wie Teil A foto-quellen zu photo-sources; Foto-Spur/Foto-Zustaende im Studio
i-abmelden	i-logout	dom-id	studio.html	4	VORSCHLAG: Icon-Sprite, i-Praefix bleibt; Icon-Symbol (SVG-Sprite)
i-anfang	i-start	dom-id	studio.html	4	VORSCHLAG: wie Teil A anfang zu start; Icon-Symbol (SVG-Sprite)
i-anpassen	i-customize	dom-id	studio.html	4	VORSCHLAG: wie Teil A angepasst zu customized; Icon-Symbol (SVG-Sprite)
i-blitz	i-bolt	dom-id	studio.html	4	VORSCHLAG: Blitz-Symbol (Tour bauen), bolt statt flash, der Kamerablitz ist zurueckgebaut; Icon-Symbol (SVG-Sprite)
i-daemmerung	i-dusk	dom-id	studio.html	4	VORSCHLAG: wie Teil A daemmerung zu dusk; Icon-Symbol (SVG-Sprite)
i-ende	i-end	dom-id	studio.html	4	VORSCHLAG: ; Icon-Symbol (SVG-Sprite)
i-folge	i-follow	dom-id	studio.html	4	VORSCHLAG: ; Icon-Symbol (SVG-Sprite)
i-haken	i-check	dom-id	studio.html	4	VORSCHLAG: Haken = check wie Teil A; Icon-Symbol (SVG-Sprite)
i-hand	i-hand	dom-id	studio.html	4	bleibt (schon englisch); Icon-Symbol (SVG-Sprite)
i-kalender	i-calendar	dom-id	studio.html	4	VORSCHLAG: ; Icon-Symbol (SVG-Sprite)
i-kamera	i-camera	dom-id	studio.html	4	VORSCHLAG: ; Icon-Symbol (SVG-Sprite)
i-lupe	i-magnifier	dom-id	studio.html	4	VORSCHLAG: Lupe = magnifier; i-suche gibt es daneben, deshalb nicht i-search; Icon-Symbol (SVG-Sprite)
i-lupe-minus	i-magnifier-minus	dom-id	studio.html	4	VORSCHLAG: ; Icon-Symbol (SVG-Sprite)
i-lupe-plus	i-magnifier-plus	dom-id	studio.html	4	VORSCHLAG: ; Icon-Symbol (SVG-Sprite)
i-mond	i-moon	dom-id	studio.html	4	VORSCHLAG: ; Icon-Symbol (SVG-Sprite)
i-muell	i-trash	dom-id	studio.html	4	VORSCHLAG: ; Icon-Symbol (SVG-Sprite)
i-neu	i-new	dom-id	studio.html	4	VORSCHLAG: ; Icon-Symbol (SVG-Sprite)
i-pfeil-l	i-arrow-l	dom-id	studio.html	4	VORSCHLAG: Pfeil = arrow wie Teil A; Icon-Symbol (SVG-Sprite)
i-pfeil-r	i-arrow-r	dom-id	studio.html	4	VORSCHLAG: ; Icon-Symbol (SVG-Sprite)
i-raster	i-grid	dom-id	studio.html	4	VORSCHLAG: ; Icon-Symbol (SVG-Sprite)
i-regler	i-sliders	dom-id	studio.html	4	VORSCHLAG: Regler-Symbol; Icon-Symbol (SVG-Sprite)
i-schloss	i-lock	dom-id	studio.html	4	VORSCHLAG: Schloss = lock wie Teil A; Icon-Symbol (SVG-Sprite)
i-schloss-offen	i-lock-open	dom-id	studio.html	4	VORSCHLAG: ; Icon-Symbol (SVG-Sprite)
i-sonne	i-sun	dom-id	studio.html	4	VORSCHLAG: ; Icon-Symbol (SVG-Sprite)
i-spur-foto	i-lane-photo	dom-id	studio.html	4	Zeitleisten-Bahn = lane (Paragraf 6.1); Icon-Symbol (SVG-Sprite)
i-spur-kamera	i-lane-camera	dom-id	studio.html	4	Paragraf 6.1; Icon-Symbol (SVG-Sprite)
i-spur-musik	i-lane-music	dom-id	studio.html	4	Paragraf 6.1; Icon-Symbol (SVG-Sprite)
i-spur-weg	i-lane-travel	dom-id	studio.html	4	VORSCHLAG: die Wege-Spur zeigt Fortbewegung, deshalb travel; lane nach Paragraf 6.1; Icon-Symbol (SVG-Sprite)
i-spur-wetter	i-lane-weather	dom-id	studio.html	4	Paragraf 6.1; Icon-Symbol (SVG-Sprite)
i-stift	i-pencil	dom-id	studio.html	4	VORSCHLAG: ; Icon-Symbol (SVG-Sprite)
i-suche	i-search	dom-id	studio.html	4	VORSCHLAG: ; Icon-Symbol (SVG-Sprite)
i-uhr	i-clock	dom-id	studio.html	4	VORSCHLAG: ; Icon-Symbol (SVG-Sprite)
i-warnung	i-warning	dom-id	studio.html	4	VORSCHLAG: ; Icon-Symbol (SVG-Sprite)
i-welt	i-globe	dom-id	studio.html	4	VORSCHLAG: Welt-Symbol = globe; Icon-Symbol (SVG-Sprite)
i-wolke	i-cloud	dom-id	studio.html	4	VORSCHLAG: ; Icon-Symbol (SVG-Sprite)
i-zahnrad	i-gear	dom-id	studio.html	4	VORSCHLAG: ; Icon-Symbol (SVG-Sprite)
i-zeilen	i-rows	dom-id	studio.html	4	VORSCHLAG: Zeilen-Symbol (Listenansicht); Icon-Symbol (SVG-Sprite)
i-zurueck	i-back	dom-id	studio.html	4	VORSCHLAG: Zurueck-Pfeil, nicht die Exit-Pille; Icon-Symbol (SVG-Sprite)
insp-fuss	inspector-footer	dom-id	src/studio/editor.ts,studio.html	4	VORSCHLAG: wie Teil A insp- zu inspector-; Inspector-Panel im Studio-Editor
insp-griff	inspector-grip	dom-id	src/studio/editor.ts,studio.html	4	VORSCHLAG: wie Teil A; Inspector-Panel im Studio-Editor
insp-inhalt	inspector-content	dom-id	src/studio/editor.ts,studio.html	4	VORSCHLAG: wie Teil A; Inspector-Panel im Studio-Editor
insp-leer	inspector-empty	dom-id	src/studio/editor.ts,studio.html	4	VORSCHLAG: wie Teil A; Inspector-Panel im Studio-Editor
karte-minus	map-zoom-out	dom-id	src/studio/editor.ts,studio.html	4	VORSCHLAG: Zoom-Knopf der Editor-LANDKARTE, map nach Paragraf 6.3a; Studio
karte-plus	map-zoom-in	dom-id	src/studio/editor.ts,studio.html	4	VORSCHLAG: s. karte-minus; Studio
karte-quelle	attribution-sources	dom-id	studio.html	4	VORSCHLAG: Kartenquellen-Blase im Editor; Familie attribution- wie Teil A ki-; Studio
karte-stimmung	map-mood	dom-id	src/studio/editor.ts,studio.html	4	kartenstimmung.ts wird map-mood.ts (Paragraf 6.6); Studio
kopf-film	header-film	dom-id	src/studio/editor.ts,studio.html	4	VORSCHLAG: Zeitleisten-Kopf; Teil A setzt kopf- zu header- (kopf-griff zu header-grip); Studio
kopf-film-ges	header-film-total	dom-id	src/studio/editor.ts,studio.html	4	VORSCHLAG: ges = gesamt = total; Studio
kopf-griff	header-grip	dom-id	src/studio/editor.ts,studio.html	4	VORSCHLAG: wie Teil A kopf-griff zu header-grip; Studio
kopf-km	header-km	dom-id	src/studio/editor.ts,studio.html	4	VORSCHLAG: ; Studio
kopf-km-ges	header-km-total	dom-id	src/studio/editor.ts,studio.html	4	VORSCHLAG: ; Studio
kopf-uhr	header-clock	dom-id	src/studio/editor.ts,studio.html	4	VORSCHLAG: ; Studio
kopf-uhr-icon	header-clock-icon	dom-id	src/studio/editor.ts,studio.html	4	VORSCHLAG: ; Studio
kopfstrich	header-rule	dom-id	src/studio/editor.ts,studio.html	4	VORSCHLAG: wie Teil A kopfstrich zu header-rule; Studio
leer-waehlen	empty-choose	dom-id	src/studio/studio.ts	4	VORSCHLAG: Dateien-waehlen-Knopf der leeren Bibliothek; Studio
login-fehler	login-error	dom-id	src/studio/studio.ts,studio.html	4	fehler = error (Paragraf 6.1); Anmeldebuehne des Studios
nach-abbrechen	add-cancel	dom-id	src/studio/editor.ts,studio.html	4	Nachreichen = addMedia (Paragraf 6.3), Familie add- wie Teil A nach-dialog zu add-dialog; Nachreichen-Dialog im Studio
nach-alt-anzahl	add-old-count	dom-id	src/studio/editor.ts,studio.html	4	VORSCHLAG: alt = old wie Teil A; Nachreichen-Dialog im Studio
nach-datei	add-file	dom-id	src/studio/editor.ts,studio.html	4	Paragraf 6.3; Nachreichen-Dialog im Studio
nach-dialog	add-dialog	dom-id	src/studio/editor.ts,studio.html	4	VORSCHLAG: wie Teil A nach-dialog; Nachreichen-Dialog im Studio
nach-hinweis	add-hint	dom-id	src/studio/editor.ts,studio.html	4	VORSCHLAG: wie Teil A nach-hinweis; Nachreichen-Dialog im Studio
nach-los	add-go	dom-id	src/studio/editor.ts,studio.html	4	VORSCHLAG: Los-Knopf des Nachreichens; Nachreichen-Dialog im Studio
nach-neu-anzahl	add-new-count	dom-id	src/studio/editor.ts,studio.html	4	VORSCHLAG: ; Nachreichen-Dialog im Studio
nach-saetze	add-sentences	dom-id	src/studio/editor.ts,studio.html	4	VORSCHLAG: wie Teil A nach-saetze; Nachreichen-Dialog im Studio
nach-schliessen	add-close	dom-id	src/studio/editor.ts,studio.html	4	VORSCHLAG: schliessen = close wie Teil A; Nachreichen-Dialog im Studio
nach-streifen	add-strip	dom-id	src/studio/editor.ts,studio.html	4	VORSCHLAG: wie Teil A nach-streifen; Nachreichen-Dialog im Studio
nach-titel	add-title	dom-id	studio.html	4	Paragraf 6.8; Nachreichen-Dialog im Studio
nach-unter	add-subtitle	dom-id	src/studio/editor.ts,studio.html	4	VORSCHLAG: wie Teil A nach-unter zu add-subtitle; Nachreichen-Dialog im Studio
nach-zeilen	add-rows	dom-id	src/studio/editor.ts,studio.html	4	VORSCHLAG: wie Teil A nach-zeilen; Nachreichen-Dialog im Studio
neu-bauen	new-build	dom-id	studio.html	4	VORSCHLAG: Tour-bauen-Knopf des Upload-Dialogs; Familie new- wie Teil A neu-fenster zu new-window; Upload-/Neu-Dialog im Studio
neu-fenster	new-window	dom-id	src/studio/studio.ts,studio.html	4	VORSCHLAG: wie Teil A; Upload-/Neu-Dialog im Studio
neu-fortschritt	new-progress	dom-id	src/studio/studio.ts,studio.html	4	VORSCHLAG: wie Teil A; Upload-/Neu-Dialog im Studio
neu-fortschritt-text	new-progress-text	dom-id	src/studio/studio.ts,studio.html	4	VORSCHLAG: ; Upload-/Neu-Dialog im Studio
neu-hinter	new-backdrop	dom-id	src/studio/studio.ts,studio.html	4	VORSCHLAG: wie Teil A; Upload-/Neu-Dialog im Studio
neu-leer-hinweis	new-empty-hint	dom-id	src/studio/studio.ts	4	VORSCHLAG: ; Upload-/Neu-Dialog im Studio
neu-mehr	new-more	dom-id	studio.html	4	VORSCHLAG: ; Upload-/Neu-Dialog im Studio
neu-modus	new-travel-mode	dom-id	studio.html	4	Fortbewegung = travelMode (Paragraf 6.1), wie Teil A neu-modus; Upload-/Neu-Dialog im Studio
neu-modus-wrap	new-travel-mode-wrap	dom-id	src/studio/studio.ts,studio.html	4	Paragraf 6.1; Upload-/Neu-Dialog im Studio
neu-rumpf	new-body	dom-id	src/studio/studio.ts,studio.html	4	VORSCHLAG: wie Teil A; Upload-/Neu-Dialog im Studio
neu-schliessen	new-close	dom-id	studio.html	4	VORSCHLAG: ; Upload-/Neu-Dialog im Studio
neu-sicht	new-visibility	dom-id	studio.html	4	Sichtbarkeit = visibility (Paragraf 6.1), wie Teil A neu-sicht; Upload-/Neu-Dialog im Studio
neu-sicht-wrap	new-visibility-wrap	dom-id	src/studio/studio.ts,studio.html	4	Paragraf 6.1; Upload-/Neu-Dialog im Studio
neu-status	new-status	dom-id	src/studio/studio.ts,studio.html	4	neu zu new, status bleibt; Upload-/Neu-Dialog im Studio
neu-titel	new-title	dom-id	studio.html	4	Paragraf 6.8; Upload-/Neu-Dialog im Studio
neu-unter	new-subtitle	dom-id	src/studio/studio.ts,studio.html	4	VORSCHLAG: wie unter zu subtitle; Upload-/Neu-Dialog im Studio
neu-waehlen	new-choose	dom-id	src/studio/studio.ts	4	VORSCHLAG: Dateien-waehlen-Knopf; Upload-/Neu-Dialog im Studio
passwort	password	dom-id	studio.html	4	Paragraf 6.7; Studio; wächter: passwortstaerke.test.ts
reg-absenden	reg-submit	dom-id	studio.html	4	VORSCHLAG: reg = Registrierung, Kuerzel bleibt (register); Registrierung im Studio
reg-code-aendern	reg-code-change	dom-id	studio.html	4	VORSCHLAG: ; Registrierung im Studio
reg-code-wert	reg-code-value	dom-id	src/studio/studio.ts,studio.html	4	VORSCHLAG: ; Registrierung im Studio
reg-passwort	reg-password	dom-id	studio.html	4	Paragraf 6.7; Registrierung im Studio
reg-unterzeile	reg-subline	dom-id	src/studio/studio.ts,studio.html	4	VORSCHLAG: s. Klasse unterzeile; Registrierung im Studio
register-fehler	register-error	dom-id	src/studio/studio.ts,studio.html	4	Paragraf 6.1; Studio
reset-absenden	reset-submit	dom-id	studio.html	4	VORSCHLAG: ; Passwort-Reset
reset-anfordern-form	reset-request-form	dom-id	studio.html	4	Paragraf 6.7 passwort-reset-anfordern zu password-reset-request; Passwort-Reset
reset-anfordern-status	reset-request-status	dom-id	src/studio/studio.ts,studio.html	4	Paragraf 6.7; Passwort-Reset
reset-passwort	reset-password	dom-id	studio.html	4	Paragraf 6.7; Passwort-Reset
reset-setzen-fehler	reset-set-error	dom-id	src/studio/studio.ts,studio.html	4	VORSCHLAG: setzen = set (Passwort setzen); Passwort-Reset
reset-setzen-form	reset-set-form	dom-id	studio.html	4	VORSCHLAG: ; Passwort-Reset
sfx-inhalt	sfx-content	dom-id	src/studio/editor.ts,studio.html	4	VORSCHLAG: wie Teil A sfx-inhalt; Klang-Dialog (Musik & Effekte) im Studio
sfx-schliessen	sfx-close	dom-id	src/studio/editor.ts,studio.html	4	VORSCHLAG: ; Klang-Dialog (Musik & Effekte) im Studio
sfx-suche	sfx-search	dom-id	src/studio/editor.ts,studio.html	4	VORSCHLAG: wie Teil A sfx-suche; Klang-Dialog (Musik & Effekte) im Studio
sfx-unter	sfx-sub	dom-id	src/studio/editor.ts,studio.html	4	VORSCHLAG: wie Teil A sfx-unter zu sfx-sub; Klang-Dialog (Musik & Effekte) im Studio
skala-feld	scale-field	dom-id	src/studio/editor.ts,studio.html	4	skala zu scale (Paragraf 6.9); Studio
sortierung	sort	dom-id	studio.html	4	VORSCHLAG: wie Teil A sortier zu sort; Studio
spur-fotos	lane-photos	dom-id	src/studio/editor.ts,studio.html	4	Zeitleisten-Bahn = lane (Paragraf 6.1); Spuren der Studio-Zeitleiste
spur-kamera	lane-camera	dom-id	studio.html	4	Paragraf 6.1; Spuren der Studio-Zeitleiste
spur-musik	lane-music	dom-id	studio.html	4	Paragraf 6.1; Spuren der Studio-Zeitleiste
spur-wege	lane-travel	dom-id	studio.html	4	VORSCHLAG: die Wege-Spur zeigt Fortbewegung; lane nach Paragraf 6.1; Spuren der Studio-Zeitleiste
spur-wetter	lane-weather	dom-id	studio.html	4	Paragraf 6.1; Spuren der Studio-Zeitleiste
spuren	lanes	dom-id	src/studio/editor.ts,studio.html	4	Paragraf 6.1; Studio
spuren-fenster	lanes-viewport	dom-id	src/studio/editor.ts,studio.html	4	VORSCHLAG: wie Teil A spuren-fenster zu lanes-viewport; Studio
stimmung-panel	mood-panel	dom-id	src/studio/editor.ts,studio.html	4	Paragraf 6.6 map-mood; Familie mood- wie Teil A ks-; Studio
stimmung-tagnacht	mood-day-night	dom-id	src/studio/editor.ts,studio.html	4	VORSCHLAG: ; Studio
stimmung-wetter	mood-weather	dom-id	src/studio/editor.ts,studio.html	4	VORSCHLAG: ; Studio
suche	search	dom-id	studio.html	4	VORSCHLAG: ; Studio
szeneGlanz	scene-shine	dom-id	studio.html	4	VORSCHLAG: Glanz = shine; kebab-case nach Namensform-Regel; Login-Szene des Studios
szeneVerlauf	scene-gradient	dom-id	studio.html	4	VORSCHLAG: SVG-Verlauf = gradient; Login-Szene des Studios
szeneWeg	scene-path	dom-id	studio.html	4	VORSCHLAG: ; Login-Szene des Studios
tp-anfang	console-start	dom-id	src/studio/editor.ts,studio.html	4	VORSCHLAG: Familie console-, s. Klasse tp-folge; Abspiel-Steuerung (Tour-Probe) im Studio-Editor
tp-ende	console-end	dom-id	src/studio/editor.ts,studio.html	4	VORSCHLAG: ; Abspiel-Steuerung (Tour-Probe) im Studio-Editor
tp-folge	console-follow	dom-id	src/studio/editor.ts,studio.html	4	VORSCHLAG: ; Abspiel-Steuerung (Tour-Probe) im Studio-Editor
tp-play	console-play	dom-id	src/studio/editor.ts,studio.html	4	VORSCHLAG: ; Abspiel-Steuerung (Tour-Probe) im Studio-Editor
warteliste-form	waitlist-form	dom-id	studio.html	4	Paragraf 6.7; Studio
warteliste-info	waitlist-info	dom-id	src/studio/studio.ts,studio.html	4	Paragraf 6.7; Studio
wl-absenden	waitlist-submit	dom-id	studio.html	4	Paragraf 6.7; Praefix ausgeschrieben, s. Klasse wl-aktion; Warteliste
wl-email	waitlist-email	dom-id	studio.html	4	Paragraf 6.7; Warteliste
wl-fehler	waitlist-error	dom-id	src/studio/studio.ts,studio.html	4	Paragraf 6.7 und 6.1; Warteliste
wl-info-aktion	waitlist-info-action	dom-id	studio.html	4	Paragraf 6.7; Warteliste
wl-info-fehler	waitlist-info-error	dom-id	src/studio/studio.ts,studio.html	4	Paragraf 6.7; Warteliste
wl-info-text	waitlist-info-text	dom-id	src/studio/studio.ts,studio.html	4	Paragraf 6.7; Warteliste
wl-info-titel	waitlist-info-title	dom-id	src/studio/studio.ts,studio.html	4	Paragraf 6.7 und 6.8; Warteliste
wl-notiz	waitlist-note	dom-id	studio.html	4	Paragraf 6.7 und 6.8; Warteliste
wl-route	waitlist-route	dom-id	studio.html	4	Paragraf 6.7; Warteliste
zeitleiste-zone	timeline-zone	dom-id	src/studio/editor.ts,studio.html	4	Zeitleiste = timeline (Paragraf 6.3); Studio
zoom-raus	zoom-out	dom-id	src/studio/editor.ts,studio.html	4	VORSCHLAG: ; Studio
zoom-regler	zoom-slider	dom-id	src/studio/editor.ts,studio.html	4	VORSCHLAG: ; Studio
zoom-rein	zoom-in	dom-id	src/studio/editor.ts,studio.html	4	VORSCHLAG: ; Studio
zoom-wert	zoom-value	dom-id	src/studio/editor.ts,studio.html	4	VORSCHLAG: ; Studio
zur-warteliste	to-waitlist	dom-id	studio.html	4	Paragraf 6.7; Studio
abstandsFunktion	distanceFunction	export-funktion	src/studio/nachreichen.ts	4	Abstand→distance; Abstandsfunktion zur Route bauen
baueUploadManifest	buildUploadManifest	export-funktion	src/studio/upload.ts	4	baue→build; Upload-Manifest zusammenstellen
befundSaetze	reportSentences	export-funktion	src/studio/nachreichen.ts	4	VORSCHLAG: sentence wie in sichtbarkeit.ts; Saetze des Befunds
beschreibeAufnahme	describeCapture	export-funktion	src/studio/exif.ts	4	beschreibe→describe; Aufnahmedetails als Text
einordnungWort	classificationWord	export-funktion	src/studio/nachreichen.ts	4	VORSCHLAG: wie Classification; Wort zu einer Einordnung
erzeugeAbspieler	createPlayback	export-funktion	src/studio/abspielen.ts	4	erzeuge→create; Abspieler fuer den Editor erzeugen
erzeugeKartenstimmung	createMapMood	export-funktion	src/studio/kartenstimmung.ts	4	erzeuge→create; Tag/Nacht/Wetter-Stimmung der Editor-Karte
exifDatumZuMs	exifDateToMs	export-funktion	src/studio/upload.ts	4	zu→to, Einheit Ms bleibt; EXIF-Datum in Millisekunden
fasseZusammen	summarize	export-funktion	src/studio/nachreichen.ts	4	VORSCHLAG: summarize (amerikanisch, §6.0 Regel 5); Befund zusammenfassen
gpxPunktAnzahl	gpxPointCount	export-funktion	src/studio/upload.ts	4	Zaehler heissen …Count (§6.0 Regel 4); Punktzahl der GPX-Datei
gpxZeitspanne	gpxTimeSpan	export-funktion	src/studio/upload.ts	4	VORSCHLAG: Zeitspanne→timeSpan; Zeitspanne der GPX-Datei
isoMitZone	isoWithZone	export-funktion	src/studio/upload.ts	4	mit→with; ISO-Zeit mit Zonenangabe bauen
klipsBei	clipsAt	export-funktion	src/studio/abspielen.ts	4	bei→at; aktive Klips an einer Marke
lageFuer	positionFor	export-funktion	src/studio/tipp.ts	4	VORSCHLAG: Tooltip-Lage→position (nicht die Karten-Lage des Malers); Lage zu einem Ziel berechnen
liesAufnahme	readCapture	export-funktion	src/studio/exif.ts	4	VORSCHLAG: capture wie ExifCapture; Aufnahmedetails lesen
liesExif	readExif	export-funktion	src/studio/exif.ts	4	lies→read; EXIF aus einer Datei lesen
medientyp	mediaType	export-funktion	src/studio/upload.ts	4	§6.1 Aufnahmeart = mediaType; Foto oder Video aus dem Dateityp
oeffneEditor	openEditor	export-funktion	src/studio/editor.ts	4	oeffne→open; Editor fuer eine Tour oeffnen
oeffneExportBlatt	openExportSheet	export-funktion	src/studio/exportblatt.ts	4	open + sheet; Export-Blatt im Studio-Tab oeffnen
ordneEin	classify	export-funktion	src/studio/nachreichen.ts, src/studio/zeitleiste.ts	4	VORSCHLAG: classify; zwei verschiedene Funktionen, die zeitleiste-Variante (W3) braucht ggf. einen eigenen Namen
schliesseEditor	closeEditor	export-funktion	src/studio/editor.ts	4	schliesse→close; Editor schliessen und aufraeumen
schliesseExportBlatt	closeExportSheet	export-funktion	src/studio/exportblatt.ts	4	close + sheet; Export-Blatt (iframe) schliessen
seitKlipbeginnS	sinceClipStartS	export-funktion	src/studio/abspielen.ts	4	seit→since, Einheit S bleibt (§6.0 Regel 1); Sekunden seit Klipbeginn
sfxEffekt	sfxEffect	export-funktion	src/studio/sfxbibliothek.ts	4	Katalogeintrag zu einem Dateinamen
streifenAnteil	stripFraction	export-funktion	src/studio/nachreichen.ts	4	VORSCHLAG: Streifen→strip, Anteil→fraction; Position im Vorschaustreifen
verdrahteTipps	wireTooltips	export-funktion	src/studio/tipp.ts	4	VORSCHLAG: verdrahte→wire; Tooltips im Editor verdrahten
KATEGORIE_NAMEN	CATEGORY_NAMES	export-konstante	src/studio/sfxbibliothek.ts	4	Kategorie→category; Ueberschriften der Katalog-Gruppen
LEERER_STAND	EMPTY_STATE	export-konstante	src/studio/abspielen.ts	4	leer→EMPTY (wie EMPTY_OVERLAY); ruhender Anfangszustand der Wiedergabe
MAX_ABSTAND_M	MAX_DISTANCE_M	export-konstante	src/studio/nachreichen.ts	4	Abstand→distance, Einheit M bleibt (§6.0 Regel 1); maximaler Abstand zur Route
SFX_BIBLIOTHEK	SFX_LIBRARY	export-konstante	src/studio/sfxbibliothek.ts	4	audioLibrary §6.3; Datei wird sfx-library.ts; Katalog der mitgelieferten Klaenge
SFX_DATEIEN	SFX_FILES	export-konstante	src/studio/sfxbibliothek.ts	4	Dateien→files; Menge der Bibliotheks-Dateinamen
Abspieler	Playback	export-typ	src/studio/abspielen.ts	4	VORSCHLAG: wie PlaybackOptions; Schnittstelle des Editor-Abspielers
AbspielerOptionen	PlaybackOptions	export-typ	src/studio/abspielen.ts	4	VORSCHLAG: Abspieler→Playback (nicht Player: der Player ist die andere Buehne)
EingeordneteAufnahme	ClassifiedMedium	export-typ	src/studio/nachreichen.ts	4	VORSCHLAG: wie Classification; Aufnahme mit Einordnung
Einordnung	Classification	export-typ	src/studio/nachreichen.ts	4	VORSCHLAG: classification (placement ist als Vertragswort vergeben); wie eine Aufnahme zur Tour liegt
ExifAufnahme	ExifCapture	export-typ	src/studio/exif.ts	4	VORSCHLAG: Aufnahmedetails→capture (wie Android captureMode §6.1); Kamera/Belichtung aus EXIF
ExifDaten	ExifData	export-typ	src/studio/exif.ts	4	"VORSCHLAG: Data trotz Fuellwort-Regel, ""EXIF data"" ist der Fachbegriff; alternativ blankes Exif"
ExifDatum	ExifDate	export-typ	src/studio/exif.ts	4	Datum→date; EXIF-Datumseintrag
ExifZeitpunkt	ExifTimestamp	export-typ	src/exif.ts	4	VORSCHLAG; welle unsicher (exif.ts liegt flach, gelesen wird sie vom Studio-Upload)
ExportBlattTour	ExportSheetTour	export-typ	src/studio/exportblatt.ts	4	sheet nach Dateiziel export-sheet.ts (§6.6); Tour-Angaben fuer das Export-Blatt
Kartenstimmung	MapMood	export-typ	src/studio/kartenstimmung.ts	4	nach Dateiziel map-mood.ts (§6.6); Karte = map (Landkarte, §6.3a)
Kasten	Box	export-typ	src/studio/tipp.ts	4	VORSCHLAG: Box; Rechteck fuer die Tooltip-Lage; Datei wird tooltip.ts
KlangMarke	SoundCue	export-typ	src/studio/abspielen.ts	4	VORSCHLAG: Cue fuer die One-Shot-Marke; Homonym zur Playhead-Marke (→playhead) aufgeloest
MediumEingabe	MediumInput	export-typ	src/studio/upload.ts	4	Eingabe→Input (wie AddMediaInput); ausgewaehlte Datei fuer den Upload
MusikKlip	MusicClip	export-typ	src/studio/abspielen.ts	4	music (§6.9) + clip (§6.3a); Musik-Klip der Studio-Wiedergabe; Datei wird playback.ts
NachreichBefund	AddMediaReport	export-typ	src/studio/nachreichen.ts	4	Befund (Pruefung)→report (§6.1 importReport); Befund ueber die nachgereichten Dateien
NachreichZiel	AddMediaTarget	export-typ	src/studio/nachreichen.ts	4	addMedia §6.3; Zieltour fuers Nachreichen
NeueAufnahme	NewMedium	export-typ	src/studio/nachreichen.ts	4	Aufnahme (Datei)→medium (§6.1); nachzureichende Aufnahme
Schritt	Step	export-typ	src/studio/abspielen.ts	4	VORSCHLAG: Step; Ergebnis eines Zeitschritts
SfxEffekt	SfxEffect	export-typ	src/studio/sfxbibliothek.ts	4	Effekt→Effect; Eintrag der kuratierten Klangbibliothek
SfxTyp	SfxType	export-typ	src/studio/sfxbibliothek.ts	4	sfx erlaubtes Kuerzel (§6.0 Regel 7), type; Typ eines Bibliothekseintrags
Spielplan	PlaybackPlan	export-typ	src/studio/abspielen.ts	4	VORSCHLAG: Abspielen→playback (Dateiziel playback.ts §6.6); Abspielplan aus Klips und Marken
SpielStand	PlaybackState	export-typ	src/studio/abspielen.ts	4	VORSCHLAG: wie playback; Marke und Tempo der Wiedergabe
Wetterstand	WeatherState	export-typ	src/studio/kartenstimmung.ts	4	VORSCHLAG: Stand→state; Wetterlage fuer die Editor-Karte
ablageMeldet	trayAlerts	keyframes	studio.html	4	VORSCHLAG: Ablage = tray, meldet = alerting/alerts (Teil A: meldet zu alerting); Studio
ansichtEin	viewIn	keyframes	studio.html	4	VORSCHLAG: Ansicht faehrt ein; Studio
befundRein	reportIn	keyframes	studio.html	4	VORSCHLAG: Upload-Befund = importReport (Paragraf 6.1); Studio
bueKonturDrift	stageOutlineDrift	keyframes	studio.html	4	VORSCHLAG: bue = Buehne = stage (Paragraf 6.3a); Kontur = outline wie Teil A szene-kontur; Buehnen-Animationen (Login-Szene Studio)
bueLaeufer	stageRunner	keyframes	studio.html	4	VORSCHLAG: Laeufer = runner wie Teil A; Buehnen-Animationen (Login-Szene Studio)
buePinPuls	stagePinPulse	keyframes	studio.html	4	VORSCHLAG: Puls = pulse wie Teil A; Buehnen-Animationen (Login-Szene Studio)
buePinSetzen	stagePinDrop	keyframes	studio.html	4	VORSCHLAG: Pin wird gesetzt = drop; Buehnen-Animationen (Login-Szene Studio)
bueTitelEin	stageTitleIn	keyframes	studio.html	4	VORSCHLAG: ; Buehnen-Animationen (Login-Szene Studio)
bueWegZeichnen	stagePathDraw	keyframes	studio.html	4	VORSCHLAG: Weg der Login-Szene = path, zeichnen = draw; Buehnen-Animationen (Login-Szene Studio)
dreht	spin	keyframes	studio.html	4	VORSCHLAG: Kreisel-Rotation; Teil A: kreisel zu spinner; Studio; wächter: streckenanker.test.ts
fensterRein	windowIn	keyframes	studio.html	4	VORSCHLAG: wie Teil A neu-fenster zu new-window; Studio
flashKreisel	flashSpinner	keyframes	studio.html	4	VORSCHLAG: Kreisel der Flash-Meldung; flash bleibt; Studio
fluss	flow	keyframes	studio.html	4	VORSCHLAG: wandernde Strichelung der leeren Buehne; Studio
frageRein	confirmIn	keyframes	studio.html	4	VORSCHLAG: Frage-Dialog = confirm, s. dom-id fd-ja; Studio
klipPuls	clipPulse	keyframes	studio.html	4	Klip = clip (Paragraf 6.3a); Puls = pulse; Studio
laeuferPuls	runnerPulse	keyframes	studio.html	4	VORSCHLAG: ; Studio
markerPuls	markerPulse	keyframes	studio.html	4	VORSCHLAG: ; Studio
menueRein	menuIn	keyframes	studio.html	4	VORSCHLAG: ; Studio
platzAtmen	placeholderBreathe	keyframes	studio.html	4	VORSCHLAG: atmende Deckkraft des Platzhalters; Studio
schimmer	shimmer	keyframes	studio.html	4	VORSCHLAG: Skelett-Schimmer; Studio
schimmerLauf	shimmerRun	keyframes	studio.html	4	VORSCHLAG: ; Studio
sfxPling	sfxPing	keyframes	studio.html	4	VORSCHLAG: wie Teil A pling zu ping; Klang-Dialog (Musik & Effekte) im Studio
spurZeichnen	trackDraw	keyframes	studio.html	4	die GEZEICHNETE Linie ist die GPS-Spur der Tour-Kachel, also track (Paragraf 6.1), nicht lane; Spuren der Studio-Zeitleiste
wandern	travel	keyframes	studio.html	4	VORSCHLAG: wanderndes Segment im unbestimmten Fortschrittsbalken; Studio; wächter: studio-tonklip.test.ts
effekt	sfx	objekt-schluessel	src/studio/sfxbibliothek.ts	4	VORSCHLAG: sfx, deckungsgleich mit Dateipraefix sfx-* und edits-typ sfx; beim Umbau gegen SfxType-Werte pruefen
marke	playhead	objekt-schluessel	src/studio/abspielen.ts	4	VORSCHLAG: Marke (Position)→playhead; Schluessel in EMPTY_STATE, auch __studio-Griff
musik	music	objekt-schluessel	src/studio/sfxbibliothek.ts	4	wie edits-Wert musik→music (§6.9); Schluessel in CATEGORY_NAMES
umgebung	ambience	objekt-schluessel	src/studio/sfxbibliothek.ts	4	VORSCHLAG: ambience (Dateien amb-*); Schluessel in CATEGORY_NAMES
maptale.ansicht	maptale.view	storage-schluessel	localStorage; src/studio/studio.ts	4	VORSCHLAG; Welle des Moduls (§3.2); Raster/Liste-Wahl der Bibliothek
maptale.ansicht	maptale.view	storage-schluessel	src/studio/studio.ts	4	Grundstock (VORSCHLAG dort); Raster- oder Listenansicht der Bibliothek
maptale.editor.stimmung	maptale.editor.mood	storage-schluessel	localStorage; src/studio/editor.ts (STIMMUNG_SCHLUESSEL)	4	VORSCHLAG
maptale.editor.stimmung	maptale.editor.mood	storage-schluessel	src/studio/editor.ts	4	Grundstock (VORSCHLAG dort); Kartenstimmungs-Schalter des Editors
achse	axis	window-schluessel	src/studio/editor.ts	4	Achse→axis; aktuelle Filmzeit-Achse
karte	map	window-schluessel	src/studio/editor.ts	4	Karte hier die LANDKARTE (§6.3a map); window.__studio.map() = Editor-Karte
kopfFilm	playheadFilmS	window-schluessel	src/studio/editor.ts	4	VORSCHLAG: Kopf→playhead, Einheit S; Abspielkopf in Filmsekunden
laeufer	runner	window-schluessel	src/studio/editor.ts	4	VORSCHLAG: Kartenlaeufer→runner (der Player-Marker heisst rider); Position des Kartenlaeufers
marke	playhead	window-schluessel	src/studio/editor.ts	4	VORSCHLAG: wie in abspielen.ts; Abspielkopf in Zeit-Offset
massstab	scale	window-schluessel	src/studio/editor.ts	4	Massstab→scale (§6.9); px je Filmsekunde
spielt	rate	window-schluessel	src/studio/editor.ts	4	VORSCHLAG: liest UND setzt das Wiedergabetempo, deshalb rate statt playing (Boolean-Anmutung waere falsch)
ton	audio	window-schluessel	src/studio/editor.ts	4	Ton→audio (§6.1); Tonstand des Abspielers
vorschau	preview	window-schluessel	src/studio/editor.ts	4	Vorschau→preview (§6.7); laufendes Panel-Vorhoeren
werkzeug	tool	window-schluessel	src/studio/editor.ts	4	VORSCHLAG: Werkzeug→tool (das CSS-Blatt heisst toolkit); aktives Editor-Werkzeug
zustand	state	window-schluessel	src/studio/editor.ts	4	Zustand→state; window.__studio.state() = Editor-Zustand
filmBeiS	filmTimeAtDistance	bezeichner	src/filmachse.ts	5	§6.3a
KACHEL	TILE	bezeichner	src/demclean-rechnung.ts	5	§6.3a
kachelA	tileA	bezeichner	src/atmosphere.ts	5	§6.3a; auch kachelB→tileB
KURATIERTER_PEGEL	CURATED_GAIN	bezeichner	src/audiotracks.ts bzw. music.ts	5	§6.1
MODUS_TEMPO	TRAVEL_MODE_TEMPO	bezeichner	src/filmachse.ts; server/src/pipeline/filmtempo.ts	5	VORSCHLAG; gestalterische Zahl, Server-Spiegel muss mit
RAMPE_M	RAMP_M	bezeichner	src/filmachse.ts; server/src/pipeline/	5	§6.3a
rohBeiS	rawAtRoute	bezeichner	src/main.ts	5	§6.3a; auch sBeiRoh→routeAtRaw; nur main.ts kennt beide Meterstände
Stopp	Stop	bezeichner	src/studio/stopps.ts; Player	5	Glossar-Kopf: Halt→stop; auch PlayerStopp→PlayerStop, gruppiereStopps→groupStops
streckeBeiFilm	distanceAtFilmTime	bezeichner	src/filmachse.ts; src/main.ts	5	§6.3a
STUETZ_MAX_M	VERTEX_MAX_M	bezeichner	src/geo.ts	5	§6.3a; Stützpunkt→vertex, nicht waypoint
tempoMs	tempoMs	bezeichner	src/filmachse.ts	5	grenzfall: schon englisch lesbar; prüfen
.halt-flaeche	.stop-span	css-klasse	style.css; src/ui.ts	5	VORSCHLAG nach §6.3a stopSpan
.karten-info	.map-attribution	css-klasse	src/karteninfo.ts; test/player-schichtung.test.ts	5	VORSCHLAG; auch .karten-info-popup→.map-attribution-popup
.karten-leinwand	.card-canvas	css-klasse	src/kartenschicht.ts; test/player-schichtung.test.ts	5	VORSCHLAG; Wächter liest den Namen
.kompakt-quer	.compact-landscape	css-klasse	style.css; src/	5	VORSCHLAG
.zurueck	.exit-pill	css-klasse	style.css; src/main.ts; test/player-schichtung.test.ts	5	VORSCHLAG nach §6.3a exitPill; auch .zurueck-wort
body.info-offen	body.attribution-open	css-klasse	src/karteninfo.ts	5	VORSCHLAG
chip-dauer	chip-duration	css-klasse	erlebnis.html,src/style.css	5	Dauer zu duration (wie durationS 6.9); Player
export-stand	film-export-status	css-klasse	src/exportfilm.ts,src/style.css	5	VORSCHLAG: Stand zu status; Video-Export
halt-flaeche	stop-span	css-klasse	src/style.css,src/ui.ts	5	Grundstock: .halt-flaeche zu .stop-span (6.3a stopSpan); Halt (Foto-Stopp) auf der Fortschrittsleiste
info-offen	attribution-open	css-klasse	src/karteninfo.ts,src/main.ts	5	Grundstock: body.info-offen zu body.attribution-open; Player
intro-autor	intro-author	css-klasse	erlebnis.html,src/style.css	5	Grundstock: autor zu author; Startscreen des Players
intro-autor-datum	intro-author-date	css-klasse	erlebnis.html	5	Grundstock: autor zu author; Datum zu date; Startscreen des Players
intro-autor-name	intro-author-name	css-klasse	erlebnis.html	5	Grundstock: autor zu author; Startscreen des Players
intro-autor-person	intro-author-person	css-klasse	erlebnis.html,src/style.css	5	Grundstock: autor zu author; Startscreen des Players
intro-autor-punkt	intro-author-dot	css-klasse	erlebnis.html,src/main.ts,src/style.css	5	VORSCHLAG: Punkt (Trennpunkt) zu dot; Startscreen des Players
karten-info	map-attribution	css-klasse	src/karteninfo.ts,src/style.css	5	Grundstock: .karten-info zu .map-attribution; Waechter liest den Namen; Foto-Karte/Karten-Info; wächter: player-schichtung.test.ts
karten-info-knopf	map-attribution-button	css-klasse	src/karteninfo.ts,src/style.css	5	Grundstock-Familie map-attribution; Knopf zu button; Foto-Karte/Karten-Info
karten-info-popup	map-attribution-popup	css-klasse	src/karteninfo.ts,src/style.css	5	Grundstock: .karten-info-popup zu .map-attribution-popup; Foto-Karte/Karten-Info
karten-leinwand	card-canvas	css-klasse	src/kartenschicht.ts,src/style.css,studio.html	5	Grundstock: .karten-leinwand zu .card-canvas; Waechter liest den Namen; Fundorte in Studio und Player, spaeteste Welle 5; Foto-Karte/Karten-Info; wächter: player-schichtung.test.ts
ki-quelle	attribution-source	css-klasse	src/karteninfo.ts,src/style.css	5	VORSCHLAG: Grundstock: quelle zu source; Kartendaten-Popup (karteninfo)
ki-rolle	attribution-role	css-klasse	src/karteninfo.ts,src/style.css	5	VORSCHLAG: Grundstock: rolle zu role; Kartendaten-Popup (karteninfo)
ki-titel	attribution-title	css-klasse	src/karteninfo.ts,src/style.css	5	VORSCHLAG: Titel zu title; Kartendaten-Popup (karteninfo)
ki-zeile	attribution-row	css-klasse	src/karteninfo.ts,src/style.css,studio.html	5	VORSCHLAG: Zeile zu row; Fundorte in Player UND Studio, spaeteste Welle 5; Fundorte in Studio und Player, spaeteste Welle 5; Kartendaten-Popup (karteninfo)
kompakt-quer	compact-landscape	css-klasse	src/main.ts,src/style.css	5	Grundstock: .kompakt-quer zu .compact-landscape; Player; wächter: kartenmaler.test.ts
photo-bild	photo-image	css-klasse	erlebnis.html,src/style.css	5	VORSCHLAG: Bild zu image; Player
photo-quellen	photo-sources	css-klasse	erlebnis.html,src/style.css	5	Grundstock: quelle zu source; Player
video-standbild	video-still	css-klasse	erlebnis.html	5	VORSCHLAG: Standbild = still; Player
zurueck-chevron	exit-pill-chevron	css-klasse	erlebnis.html,src/style.css	5	Ableitung vom Grundstock .zurueck zu .exit-pill; Player
zurueck-wort	exit-pill-word	css-klasse	erlebnis.html,src/main.ts,src/style.css	5	Grundstock nennt .zurueck-wort ausdruecklich mit; Player
--dock-h	--dock-h	css-variable	src/main.ts,src/style.css	5	bleibt (schon englisch: dock, h = height); Hoehe der Player-Steuerleiste (h = Hoehe), von main.ts gesetzt
--export-b	--film-export-w	css-variable	src/main.ts,src/style.css	5	VORSCHLAG: Video-Export heisst filmExport (Glossar 6.1), b = Breite wird w = width; Export-Viewport-Breite (b = Breite), von main.ts gesetzt
--export-h	--film-export-h	css-variable	src/main.ts,src/style.css	5	VORSCHLAG: Video-Export heisst filmExport (Glossar 6.1), h bleibt height; Export-Viewport-Hoehe (h = Hoehe), von main.ts gesetzt
--karten-mass	--card-scale	css-variable	style.css; src/kartenschicht.ts	5	VORSCHLAG; mass = Maßstab der Karte
--karten-mass	--card-scale	css-variable	src/kartenschicht.ts,src/style.css	5	Grundstock: --card-scale (mass = Massstab der Foto-Karte); Massstab der Foto-Karten-Leinwand, kartenschicht.ts setzt
--schleier-sicht	--scrim-opacity	css-variable	style.css; src/kartenschicht.ts	5	VORSCHLAG; Schleier = scrim (§6.3a)
--schleier-sicht	--scrim-opacity	css-variable	src/einblendung.ts,src/kartenschicht.ts,src/studio/editor.ts,src/style.css,studio.html	5	Grundstock: --scrim-opacity (Schleier = scrim, Glossar 6.3a); Fundorte in Studio und Player, spaeteste Welle 5; Deckkraft des Halt-Schleiers, kartenschicht.ts setzt pro Frame; wächter: einblendung-css.test.ts
gefuellt	filled	dataset-schluessel	src/karteninfo.ts	5	VORSCHLAG: Merker, dass die Attributions-Blase schon befuellt ist; Player
s	s	dataset-schluessel	src/main.ts,src/ui.ts	5	bleibt: Streckenposition s bleibt s (Paragraf 6.3a, Grundstock nennt dataset.s ausdruecklich); Meterstand des Foto-Dots auf der Fortschrittsleiste (in Konzept genannt)
src/demclean-rechnung.ts	src/dem-clean-math.ts	datei	src/demclean-rechnung.ts	5	§6.6
src/einblendung.ts	src/card-timing.ts	datei	src/einblendung.ts	5	§6.6
src/exportfilm.ts	src/film-export.ts	datei	src/exportfilm.ts	5	§6.6
src/exportformat.ts	src/film-export-channel.ts	datei	src/exportformat.ts	5	§6.6
src/filmachse.ts	src/film-axis.ts	datei	src/filmachse.ts	5	§6.6
src/filmuhr.ts	src/film-clock.ts	datei	src/filmuhr.ts	5	§6.6
src/karteninfo.ts	src/map-attribution.ts	datei	src/karteninfo.ts	5	§6.6
src/kartenmaler.ts	src/card-painter.ts	datei	src/kartenmaler.ts	5	§6.6
src/kartenschicht.ts	src/card-layer.ts	datei	src/kartenschicht.ts	5	§6.6
src/pinmodell.ts	src/pin-model.ts	datei	src/pinmodell.ts	5	§6.6
src/streckenanker.ts	src/route-anchors.ts	datei	src/streckenanker.ts	5	§6.6
src/studio/stopps.ts	src/studio/stops.ts	datei	src/studio/stopps.ts	5	§6.6; nicht 4: einblendung.ts und geo.ts importieren es
src/tourtexte.ts	src/tour-texts.ts	datei	src/tourtexte.ts	5	§6.6
src/vollbild.ts	src/fullscreen.ts	datei	src/vollbild.ts	5	§6.6
src/wetterhimmel.ts	src/weather-sky.ts	datei	src/wetterhimmel.ts	5	§6.6
test/fixtures/filmachse.json	test/fixtures/film-axis.json	datei	test/filmachse.test.ts; server/test/filmtempo.test.ts	5	§5 Welle 5; Schlüssel englisch auf beiden Seiten, EIN Fixture zwei Testwelten (Naht §3.3)
btn-app-zurueck	btn-app-back	dom-id	erlebnis.html	5	VORSCHLAG: Zurueck-Knopf im App-Modus, nicht die Exit-Pille; Player
chip-dauer	chip-duration	dom-id	erlebnis.html	5	VORSCHLAG: wie Teil A chip-dauer; Player
chip-dauer-text	chip-duration-text	dom-id	erlebnis.html	5	VORSCHLAG: ; Player
farblur	color-blur	dom-id	src/style.css	5	VORSCHLAG: SVG-Filter-Id; Fundort ist style.css, Hinweis nennt den Landing-Hero, vor dem Umbau pruefen; SVG-Filter-Id (Farb-Blur) im Landing-Hero
intro-autor	intro-author	dom-id	erlebnis.html	5	VORSCHLAG: wie Teil A intro-autor; Startscreen des Players
intro-autor-datum	intro-author-date	dom-id	erlebnis.html	5	VORSCHLAG: ; Startscreen des Players
intro-autor-link	intro-author-link	dom-id	erlebnis.html	5	VORSCHLAG: ; Startscreen des Players
intro-autor-name	intro-author-name	dom-id	erlebnis.html	5	VORSCHLAG: ; Startscreen des Players
karte	card	dom-id	src/style.css	5	die Foto-Karten-Leinwand des Players auf z-index 12, Karte (Foto-Karte) = card (Paragraf 6.3a); Player; wächter: einblendung-css.test.ts
photo-bild	photo-image	dom-id	erlebnis.html,src/ui.ts	5	VORSCHLAG: wie Teil A photo-bild zu photo-image; Player
photo-video-standbild	photo-video-still	dom-id	erlebnis.html	5	VORSCHLAG: Standbild = still; Player
zurueck	exit-pill	dom-id	erlebnis.html	5	Grundstock .zurueck zu .exit-pill (Paragraf 6.3a exitPill); Player
adaptiereTour	adaptTour	export-funktion	src/remote.ts	5	adaptiere→adapt; Tour-JSON in die Player-Konfiguration uebersetzen
angabenText	factsText	export-funktion	src/kartenmaler.ts	5	VORSCHLAG: Uhrzeit- und Kilometer-Angaben als Text
attributionAusKarte	attributionFromMap	export-funktion	src/exportfilm.ts	5	§6.3a Landkarte→map
attributionSicht	attributionOpacity	export-funktion	src/exportformat.ts	5	Sicht→opacity
ausschnittDauerS	trimmedDurationS	export-funktion	src/einblendung.ts	5	VORSCHLAG: Ausschnitt→getrimmter Teil (§6.3 mediaTrim); nicht clipDurationS, das ist der Karten-Klip
balkenAnteil	barFraction	export-funktion	src/einblendung.ts	5	VORSCHLAG: Balken→bar, Anteil→fraction
baueExportStand	buildExportStatus	export-funktion	src/exportfilm.ts	5	VORSCHLAG: baue→build; Fortschritts-Meldung fuer das Studio
baueFilmachse	buildFilmAxis	export-funktion	src/filmachse.ts	5	baue→build (§6.3)
baueSBeiF	buildSAtF	export-funktion	src/streckenanker.ts	5	baue→build (§6.3); Datei wird route-anchors.ts; f-zu-s-Tabelle aus den Wegpunkten
baueStopps	buildStops	export-funktion	src/studio/stopps.ts	5	baue→build, Halt/Stopp→stop (Glossar); Welle 5 wie stops.ts (Player importiert das Modul, Grundstock), nicht 3
bereinigeHoehen	cleanElevations	export-funktion	src/demclean-rechnung.ts	5	VORSCHLAG: Hoehe→elevation wie elevation.ts; Ausreisser-Pixel entfernen
betreteVollbild	enterFullscreen	export-funktion	src/vollbild.ts	5	betrete→enter; Vollbild anfordern (Ablehnung abgefangen)
bildwirkung	grading	export-funktion	src/wetterhimmel.ts	5	VORSCHLAG: bildwirkung→grading, passend zu WeatherGrading; Grading-Werte zur Wetterlage
blendeSchritt	fadeStep	export-funktion	src/pinmodell.ts	5	VORSCHLAG: blenden→fade; Blend-Schritt einer Detailstufe
brichAttribution	wrapAttribution	export-funktion	src/exportfilm.ts	5	umbrechen→wrap
brichText	wrapText	export-funktion	src/kartenmaler.ts	5	umbrechen→wrap; der Export-Helfer heisst deshalb wrapLines
clipDauerS	exportClipDurationS	export-funktion	src/exportformat.ts	5	VORSCHLAG: Gesamtdauer des Export-Clips; bewusst nicht clipDurationS (das ist der Karten-Klip in einblendung.ts)
createKartenInfo	createMapAttribution	export-funktion	src/karteninfo.ts	5	§6.6 map-attribution.ts
createKartenSchicht	createCardLayer	export-funktion	src/kartenschicht.ts	5	§6.6 card-layer.ts
dateiname	exportFileName	export-funktion	src/exportformat.ts	5	VORSCHLAG: blosses fileName waere in einem Export-Modul zu unbestimmt
dOffsetOhneCluster	dOffsetWithoutCluster	export-funktion	src/studio/stopps.ts	5	ohne→without; Zeit-Offset ohne Cluster-Bindung
eigeneTourId	ownTourId	export-funktion	src/exportfilm.ts	5	VORSCHLAG: eigen→own; Server-Tour-ID aus der Adresse
filmBeiStrecke	filmTimeAtDistance	export-funktion	src/filmachse.ts	5	§6.3a/Grundstock (dort als filmBeiS gefuehrt)
filmSBeiFrame	filmTimeAtFrame	export-funktion	src/exportformat.ts	5	§6.3a filmTime
filmsekunden	filmSeconds	export-funktion	src/filmachse.ts	5	VORSCHLAG: reine Umrechnung Strecke→Filmsekunden, deshalb kein Verb davor
finaleTafelSicht	finalePanelOpacity	export-funktion	src/exportformat.ts	5	§6.3a finalePanel
formatiereClipzeit	formatClipTime	export-funktion	src/exportformat.ts	5	Clipzeit als mm:ss
formatiereFilmdauer	formatFilmDuration	export-funktion	src/tourtexte.ts	5	format + duration; Filmdauer als Chip-Text
fortschrittText	progressText	export-funktion	src/exportformat.ts	5	Fortschritt→progress
frameAnzahl	frameCount	export-funktion	src/exportformat.ts	5	Zaehler heisst …Count (§6.0)
fuehreExportAus	runFilmExport	export-funktion	src/exportfilm.ts	5	§6.1 filmExport (nicht bloss export)
gerampterPegel	rampedVolume	export-funktion	src/audiotracks.ts	5	§6.3a ramp + §6.1 volume
gruppiereStopps	groupStops	export-funktion	src/geo.ts	5	Grundstock
haltBeiFilm	stopAtFilmTime	export-funktion	src/filmachse.ts	5	VORSCHLAG: liefert das Halt-Intervall zu einer Filmsekunde
hatBereich	hasRange	export-funktion	src/audiotracks.ts	5	VORSCHLAG: Bereich (Zeitbereich)→range
himmelBei	skyAt	export-funktion	src/wetterhimmel.ts	5	bei→at; Himmelswerte an einer Staerke
htmlAlsText	htmlToText	export-funktion	src/karteninfo.ts	5	als→to
imBild	inView	export-funktion	src/pinmodell.ts	5	VORSCHLAG: inView; ob ein Punkt im Bild liegt
imVollbild	isFullscreen	export-funktion	src/vollbild.ts	5	Boolean is… (§6.0 Regel 2); ob die Seite im Vollbild steht
interpoliere	interpolate	export-funktion	src/filmachse.ts	5	lower_bound-Interpolation der Achse
introTafelSicht	introPanelOpacity	export-funktion	src/exportformat.ts	5	Sicht→opacity wie --schleier-sicht→--scrim-opacity (Grundstock)
istAktiv	isActive	export-funktion	src/audiotracks.ts	5	ob ein Bereich zur Filmsekunde aktiv ist
istEigeneBereiteTour	isOwnReadyTour	export-funktion	src/exportfilm.ts	5	bereit→ready (§4.2)
istEingebettet	isEmbedded	export-funktion	src/exportformat.ts	5	Boolean is-Praefix
istExportAnfrage	isExportRequest	export-funktion	src/exportfilm.ts	5	Boolean is-Praefix (§6.0)
istExportFps	isExportFps	export-funktion	src/exportformat.ts	5	Typwaechter; fps ist etablierte Abkuerzung
istExportGroesse	isExportSize	export-funktion	src/exportformat.ts	5	Typwaechter
istExportLage	isExportOrientation	export-funktion	src/exportformat.ts	5	Typwaechter
kartenGeometrie	cardGeometry	export-funktion	src/kartenmaler.ts	5	ggf. zweiter Durchgang
kartenLage	cardLayout	export-funktion	src/kartenmaler.ts	5	VORSCHLAG: Lage aus Breite und Hoehe ableiten
kartenMass	cardScale	export-funktion	src/kartenmaler.ts	5	§6.3a card; Massstab aus der Buehnenhoehe
kartenPhasen	cardPhases	export-funktion	src/kartenmaler.ts	5	Phasen aus Klip-Zeit und Buehne rechnen
kartenPixelRatio	mapPixelRatio	export-funktion	src/map.ts	5	§6.3a map
kartenSatz	cardStageSet	export-funktion	src/kartenmaler.ts	5	VORSCHLAG: Buehnen-Satz zu einem Namen
kartenZeiten	cardTimings	export-funktion	src/einblendung.ts	5	§6.3a cardTiming
kennzahlen	stats	export-funktion	src/tourtexte.ts	5	VORSCHLAG: Kennzahl→stat wie im Profil; Kennzahlen-Chips des Startscreens
klemmeSeitenverhaeltnis	clampAspectRatio	export-funktion	src/einblendung.ts	5	klemme→clamp
klipDauerS	clipDurationS	export-funktion	src/einblendung.ts	5	§6.3a clip + §6.9 durationS
kuerzeBeschreibung	truncateDescription	export-funktion	src/tourtexte.ts	5	VORSCHLAG: kuerzen→truncate (begrenzen, nicht klemmen); Beschreibung auf die Grenze kuerzen
kuerzeText	truncateText	export-funktion	src/kartenmaler.ts	5	VORSCHLAG: Text mit Ellipse auf Breite kuerzen
kurveAusText	curveFromText	export-funktion	src/kartenmaler.ts	5	Bezier-Kurve aus CSS-Text bauen
ladeServerTouren	loadServerTours	export-funktion	src/remote.ts	5	lade (lesen)→load (§6.4); Tourliste des Servers laden
leseExportFormat	parseExportFormat	export-funktion	src/exportformat.ts	5	VORSCHLAG: aus der Query lesen ist parsen; load bleibt DB/Datei vorbehalten (§6.0)
loopAktiv	loopEnabled	export-funktion	src/audiotracks.ts	5	ENTSCHIEDEN 2026-08-20 (Abnahme): Boolean-Adjektiv §6.0
maleKarte	paintCard	export-funktion	src/kartenmaler.ts	5	§6.3a Maler→painter, male→paint
meterOhneCluster	metersWithoutCluster	export-funktion	src/studio/stopps.ts	5	ohne→without; Meterstand ohne Cluster-Bindung
modusMischung	travelModeMix	export-funktion	src/filmachse.ts	5	VORSCHLAG: Modus-Anteile in der Rampe (Kameradistanz)
momentHaltS	momentHoldS	export-funktion	src/filmachse.ts	5	Glossar-Kopf Standzeit→holdS; Standzeit eines Kamera-Moments
motorQuelle	engineLoopSource	export-funktion	src/exportfilm.ts	5	VORSCHLAG: Motor→engine (Dateien heissen eng-*), Loop bleibt
musikVersatzS	musicOffsetS	export-funktion	src/audiotracks.ts	5	Versatz→offset (§6.9 offsetFilmS)
naechsterIndex	nextIndex	export-funktion	src/pinmodell.ts	5	VORSCHLAG: next, nicht nearest; gemeint ist der kommende Stopp (anders als nearestPointIndex)
pauseText	pausedText	export-funktion	src/exportformat.ts	5	VORSCHLAG: §6.1 paused ist der Zustand, pause nie als Substantiv
quellenAlsEinbrand	sourcesForBurnIn	export-funktion	src/karteninfo.ts	5	VORSCHLAG: Einbrand→burn-in (Video-Einbrand der Attribution)
quellenAlsText	sourcesAsText	export-funktion	src/karteninfo.ts	5	VORSCHLAG: Quellenliste als Text
raeumeKartenPuffer	clearCardBuffers	export-funktion	src/kartenmaler.ts	5	VORSCHLAG: raeume→clear; zwischengepufferte Zeichnungen verwerfen
rampenVersatzS	rampOffsetS	export-funktion	src/filmachse.ts	5	§6.3a ramp; Versatz→offset
rastergrading	rasterGrading	export-funktion	src/daynight.ts	5	bleibt (schon englisch), nur camelCase
reihenfolgeImHalt	orderInStop	export-funktion	src/einblendung.ts	5	§6.1 order + stop; Aufnahmen innerhalb eines Halts ordnen
reiheVergeben	assignOrder	export-funktion	src/studio/stopps.ts	5	VORSCHLAG: vergeben→assign; Reihe→order (§6.1); Reihenfolge innerhalb eines Stopps
reiterVorrat	tabPool	export-funktion	src/exportfilm.ts	5	VORSCHLAG: Vorrat→pool; Reiter fuer alle Quellen vorbereiten
restzeitS	remainingS	export-funktion	src/exportformat.ts	5	VORSCHLAG: Restzeit→remaining, Einheit S
restzeitText	remainingText	export-funktion	src/exportformat.ts	5	VORSCHLAG: Restzeit als Anzeigetext
sammleQuellen	collectSources	export-funktion	src/karteninfo.ts	5	sammle→collect
schleierFuer	scrimFor	export-funktion	src/wetterhimmel.ts	5	§6.3a scrim; Schleier zu Wetterlage und Staerke
sfxSollFeuern	sfxShouldFire	export-funktion	src/audiotracks.ts	5	VORSCHLAG: soll feuern→shouldFire
snapZiel	snapTarget	export-funktion	src/studio/stopps.ts	5	VORSCHLAG: Ziel→target; Snap-Ziel beim Ziehen
standzeitS	holdS	export-funktion	src/einblendung.ts	5	Glossar-Kopf Standzeit→holdDuration/Feld holdS; wie Grundstock haltedauerS→holdS
stoppSignatur	stopSignature	export-funktion	src/studio/stopps.ts	5	signature wie trimSignature (§6.9); Aenderungserkennung
stoppVon	stopOf	export-funktion	src/studio/stopps.ts	5	VORSCHLAG: stopOf(medium); Welle wie Datei (W5); Stopp zu einem Medium finden
streckeBeiFilm	distanceAtFilmTime	export-funktion	src/filmachse.ts	5	§6.3a/Grundstock
stufenZiele	detailTargets	export-funktion	src/pinmodell.ts	5	VORSCHLAG: Detailstufe→detail, kein LOD-Kuerzel (§6.0 Regel 7); Ziel-Detailstufen je Pin
teileAngaben	splitFacts	export-funktion	src/kartenmaler.ts	5	VORSCHLAG: teile→split (§5-Tabelle splitForDisplay)
tempoBeiStrecke	tempoAtDistance	export-funktion	src/filmachse.ts	5	§6.3a Muster …AtDistance
tempoMs	tempoMs	export-funktion	src/filmachse.ts	5	bleibt (Grundstock-Entscheid: schon englisch lesbar); Ms meint hier m/s
tonKlipsAusSpuren	audioClipsFromTracks	export-funktion	src/exportfilm.ts	5	§6.1 audioClip/audioTrack
umbrich	wrapLines	export-funktion	src/exportfilm.ts	5	VORSCHLAG: verb-first; nicht wrapText, das ist der gleichnamige Maler-Helfer den diese Datei importiert
verbindeSichtbarkeit	connectVisibility	export-funktion	src/filmuhr.ts	5	VORSCHLAG: Uhr an visibilitychange/App-Ereignisse haengen
verdichteAbschnitte	mergeSegments	export-funktion	src/exportformat.ts	5	VORSCHLAG: verschmelzen→merge
verlasseVollbild	exitFullscreen	export-funktion	src/vollbild.ts	5	verlasse→exit (wie die Fullscreen-API); Vollbild verlassen
videoLautstaerke	videoVolume	export-funktion	src/audiotracks.ts	5	§6.1 volume je Klip; Ziel-Lautstaerke des Videos
videoMusikDuck	musicDuck	export-funktion	src/audiotracks.ts	5	VORSCHLAG: Absenkung→duck; Musik-Absenkung waehrend Video-Ton
videoNachfuehrung	videoSeekDecision	export-funktion	src/einblendung.ts	5	VORSCHLAG: geteilte Such-Entscheidung fuer Player und Editor
videoStandS	videoPositionS	export-funktion	src/einblendung.ts, src/studio/zeitleiste.ts	5	VORSCHLAG: Stand (Dateiposition)→position; Re-Export in zeitleiste geht mit
videoTonHuelle	videoVolumeEnvelope	export-funktion	src/audiotracks.ts	5	VORSCHLAG: Huelle→envelope; Lautstaerke-Huelle des Video-Tons
vollbildErwuenscht	fullscreenWanted	export-funktion	src/vollbild.ts	5	fullscreen §6.3a; VORSCHLAG erwuenscht→wanted; ob Vollbild auf diesem Geraet erwuenscht ist
vollbildMoeglich	fullscreenAvailable	export-funktion	src/vollbild.ts	5	VORSCHLAG: moeglich→available (fragt fullscreenEnabled); ob die API verfuegbar ist
weltGroesse	worldSize	export-funktion	src/pinmodell.ts	5	VORSCHLAG: worldSize; Pin-Groesse aus der Kameradistanz
wetterQuelle	weatherLoopSource	export-funktion	src/exportfilm.ts	5	VORSCHLAG: dito fuer die Wetter-Loops
zeichneFinaleTafel	drawFinalePanel	export-funktion	src/exportfilm.ts	5	§6.3a finalePanel
zeichneIntroTafel	drawIntroPanel	export-funktion	src/exportfilm.ts	5	§6.3a introPanel; zeichne→draw (malen bleibt dem Maler)
zeigeRoute	showRoute	export-funktion	src/tourtexte.ts	5	VORSCHLAG: zeige→show; liefert Boolean, ggf. shouldShowRoute; ob die Stationszeile erscheint
zustaende	pinStates	export-funktion	src/pinmodell.ts	5	VORSCHLAG: pinStates statt blankem states; Pin-Zustaende im Fenster berechnen
Filmuhr	FilmClock	export-klasse	src/filmuhr.ts	5	§6.3a filmClock
Frameuhr	FrameClock	export-klasse	src/exportfilm.ts	5	Uhr→clock (§6.3a); Taktgeber des Video-Exports
RemoteTourFehler	RemoteTourError	export-klasse	src/remote.ts	5	Fehler→Error (§6.1 Feldname/Klasse; nur der Status heisst failed); Modul-Ebene, nicht Vertrag
alsHuelle	asEnvelope	export-konstante	src/audiotracks.ts	5	VORSCHLAG: Huelle→envelope; Wert in eine Huellenform heben
BASIS_TEMPO_MS	BASE_TEMPO_MS	export-konstante	src/filmachse.ts	5	VORSCHLAG: Ms steht hier fuer m/s und nicht fuer Millisekunden (§6.0-Kollision); bleibt wie beim Grundstock-Eintrag tempoMs
BESCHREIBUNG_MAX	DESCRIPTION_MAX	export-konstante	src/tourtexte.ts	5	Beschreibung→description; Datei wird tour-texts.ts; Maximallaenge
BEZUGSHOEHE	REFERENCE_HEIGHT_PX	export-konstante	src/kartenmaler.ts	5	VORSCHLAG: Bezugshoehe 900 CSS-Pixel, Einheit in den Namen (§6.0)
EDITOR_LAGE	EDITOR_LAYOUT	export-konstante	src/kartenmaler.ts	5	VORSCHLAG: feste Lage der Editor-Buehne
EDITOR_MASS_MAX	EDITOR_SCALE_MAX	export-konstante	src/kartenmaler.ts	5	VORSCHLAG: Massstab→scale
EDITOR_MASS_MIN	EDITOR_SCALE_MIN	export-konstante	src/kartenmaler.ts	5	VORSCHLAG: Massstab→scale
EDITOR_MASSE	EDITOR_METRICS	export-konstante	src/kartenmaler.ts	5	VORSCHLAG: Masssatz der Editor-Buehne
EXPORT_FINALE_BLENDE_S	EXPORT_FINALE_FADE_S	export-konstante	src/exportformat.ts	5	VORSCHLAG: Blende→fade
EXPORT_FINALE_S	EXPORT_FINALE_S	export-konstante	src/exportformat.ts	5	bleibt (schon englisch); Dauer der Finale-Tafel
EXPORT_FPS_WAHL	EXPORT_FPS_CHOICES	export-konstante	src/exportformat.ts	5	VORSCHLAG: Wahl→choices; waehlbare Bildraten
EXPORT_INTRO_BLENDE_S	EXPORT_INTRO_FADE_S	export-konstante	src/exportformat.ts	5	VORSCHLAG: Blende→fade
EXPORT_NACHRICHT	EXPORT_MESSAGE	export-konstante	src/exportformat.ts	5	Typ-Kennung der postMessage-Meldungen
EXPORT_REITER_PX	EXPORT_TAB_PX	export-konstante	src/exportfilm.ts	5	VORSCHLAG: Reiter→tab (wie in der Verwaltung); Hoehe des Attribution-Reiters
EXPORT_SKALA_MIN	EXPORT_SCALE_MIN	export-konstante	src/exportfilm.ts	5	skala→scale (§6.9)
EXPORT_VORGABE	EXPORT_DEFAULT	export-konstante	src/exportformat.ts	5	Vorgabe→default (§6.9 standard→default)
HOLD_AUSBLEND	HOLD_FADE_OUT_S	export-konstante	src/einblendung.ts	5	VORSCHLAG: Blende/Ausblenden→fade out, Einheit S in den Namen (§6.0)
KACHEL	TILE	export-konstante	src/demclean-rechnung.ts	5	Grundstock/§6.3a Kartenkachel→tile
KARTE	CARD	export-konstante	src/einblendung.ts	5	§6.3a Foto-Karte→card
KARTE_BUEHNE	CARD_STAGE	export-konstante	src/einblendung.ts	5	§6.3a card + stage
KARTE_EXPORT_ABWEICHUNGEN	CARD_EXPORT_DEVIATIONS	export-konstante	src/einblendung.ts	5	VORSCHLAG: Abweichung→deviation; bekannte Export-Abweichungen
KARTE_EXTRA_QUELLEN	MAP_EXTRA_SOURCES	export-konstante	src/map.ts	5	§6.3a Landkarte→map
KARTEN_FARBEN	CARD_COLORS	export-konstante	src/kartenmaler.ts	5	amerikanisch color (§6.0)
KARTEN_MASSE	CARD_METRICS	export-konstante	src/kartenmaler.ts	5	VORSCHLAG: Masssaetze des Players je Lage
KURATIERTER_PEGEL	CURATED_GAIN	export-konstante	src/audiotracks.ts	5	Grundstock/§6.1
KURVE	CURVE	export-konstante	src/kartenmaler.ts	5	benannte Animationskurven des Malers
MASS_MAX	SCALE_MAX	export-konstante	src/kartenmaler.ts	5	VORSCHLAG: Massstab→scale
MASS_MIN	SCALE_MIN	export-konstante	src/kartenmaler.ts	5	VORSCHLAG: Massstab→scale (wie --karten-mass→--card-scale im Grundstock)
mischeSkala	mixScale	export-konstante	src/tour.ts	5	VORSCHLAG: mische→mix; Skala in der Rampe mischen; art in der Inventur als Konstante gefuehrt
MODUS_TEMPO	TRAVEL_MODE_TEMPO	export-konstante	server/src/pipeline/filmtempo.ts	5	aus Grundstock (Welle 5: Server-Spiegel zieht mit dem Web-Zwilling src/filmachse.ts)
MODUS_TEMPO	TRAVEL_MODE_TEMPO	export-konstante	src/filmachse.ts	5	Grundstock; Server-Spiegel filmtempo.ts muss mit
NAHE_M	NEAR_M	export-konstante	src/geo.ts, src/studio/stopps.ts	5	VORSCHLAG: nah→near (§6.9); Gruppierabstand fuer Foto-Halte, zweimal definiert
NOT_DECKEL_S	FRAME_CAP_S	export-konstante	src/filmuhr.ts	5	VORSCHLAG: Notdeckel je Frame→frame cap
pflicht	requireElement	export-konstante	src/ui.ts	5	VORSCHLAG: verb-first require… (wie requireOwner §6.4); DOM-Element verpflichtend abfragen
RAMPE_M	RAMP_M	export-konstante	server/src/pipeline/filmtempo.ts	5	aus Grundstock (§6.3a; Welle 5 mit dem Web-Zwilling)
RAMPE_M	RAMP_M	export-konstante	src/filmachse.ts	5	Grundstock/§6.3a
SFX_KANTE_S	SFX_EDGE_S	export-konstante	src/audiotracks.ts	5	VORSCHLAG: Kante→edge; Toleranzfenster fuer One-Shot-Ausloesung
skalaFuer	scaleFor	export-konstante	src/tour.ts	5	Skala→scale (§6.9); Kameradistanz-Skala eines Modus
STUDIO_PEGEL_VORGABE	STUDIO_GAIN_DEFAULT	export-konstante	src/audiotracks.ts	5	VORSCHLAG: Grundstock STUDIO_PEGEL→STUDIO_GAIN plus Vorgabe→default
STUETZ_MAX_M	VERTEX_MAX_M	export-konstante	src/geo.ts	5	Grundstock/§6.3a; Stuetzpunkt→vertex, nicht waypoint
TEXT_DAUER_S	TEXT_DURATION_S	export-konstante	src/kartenmaler.ts	5	§6.9 durationS
TEXT_HUB_PX	TEXT_LIFT_PX	export-konstante	src/kartenmaler.ts	5	VORSCHLAG: Hub→lift wie exitLiftPx; grenzfall
TEXT_VERSATZ_S	TEXT_OFFSET_S	export-konstante	src/kartenmaler.ts	5	Versatz→offset (§6.9)
VERKLING_BLENDE	FADE_OUT_S	export-konstante	src/audiotracks.ts	5	VORSCHLAG: Blende→fade; Ausklingdauer beim Bereichsende
VIDEO_DRIFT_LAUF_S	VIDEO_DRIFT_PLAYING_S	export-konstante	src/einblendung.ts	5	VORSCHLAG: grobe Suchschwelle im laufenden Film
VIDEO_DRIFT_STAND_S	VIDEO_DRIFT_PAUSED_S	export-konstante	src/einblendung.ts	5	VORSCHLAG: §6.1 paused; feine Suchschwelle im Stand
VIDEO_HAT_FRAME	VIDEO_HAS_FRAME	export-konstante	src/einblendung.ts	5	VORSCHLAG: readyState-Schwelle HAVE_CURRENT_DATA
VIDEO_HAT_MASSE	VIDEO_HAS_METADATA	export-konstante	src/einblendung.ts	5	VORSCHLAG: readyState-Schwelle HAVE_METADATA
VIDEO_LAEUFT_WEITER	VIDEO_HAS_FUTURE_DATA	export-konstante	src/einblendung.ts	5	VORSCHLAG: readyState-Schwelle HAVE_FUTURE_DATA (so heisst sie im Browser)
VIDEO_PEGEL_PRO_S	VIDEO_VOLUME_PER_S	export-konstante	src/audiotracks.ts	5	§6.1 Pegel je Klip→volume; nie level
VIDEO_SUCH_PAUSE_S	VIDEO_SEEK_COOLDOWN_S	export-konstante	src/einblendung.ts	5	VORSCHLAG: Suchlauf→seek, Wanduhr-Ruhe→cooldown
WETTER_HIMMEL	WEATHER_SKY	export-konstante	src/wetterhimmel.ts	5	§6.3a weatherSky; Himmelswerte je Wetterlage
Ankerpunkt	AnchorPoint	export-typ	src/tours.ts	5	anchor §6.1; Anker-Koordinate eines Fotos
Atmosphaere	Atmosphere	export-typ	src/atmosphere.ts	5	Schnittstelle des Atmosphaeren-Overlays
AudioSpuren	AudioTracks	export-typ	src/audiotracks.ts	5	§6.1 audioTrack; Schnittstelle des Tour-Audio-Spielers
Datenquelle	MapSource	export-typ	src/karteninfo.ts	5	VORSCHLAG: §6.0 verbietet data als Fuellwort; gemeint ist die Kartenquelle mit Attribution
DuckPegel	DuckVolumes	export-typ	src/audiotracks.ts	5	VORSCHLAG: Pegelpaar→volumes (§6.1 volume, nie level)
ExportFormat	ExportFormat	export-typ	src/exportformat.ts	5	bleibt (schon englisch)
ExportGroesse	ExportSize	export-typ	src/exportformat.ts	5	Zielgroesse (720/1080)
ExportLage	ExportOrientation	export-typ	src/exportformat.ts	5	VORSCHLAG: hier meint Lage Quer/Hoch→orientation
ExportLauf	ExportRun	export-typ	src/exportfilm.ts	5	VORSCHLAG: Lauf→run wie data-export-run.ts (§6.6)
ExportMeldung	ExportMessage	export-typ	src/exportformat.ts	5	postMessage-Meldung des Export-Rahmens
ExportPhase	ExportPhase	export-typ	src/exportformat.ts	5	bleibt (schon englisch)
ExportReiter	ExportTab	export-typ	src/exportfilm.ts	5	VORSCHLAG: gezeichneter Attribution-Reiter
ExportStand	ExportProgress	export-typ	src/exportformat.ts	5	ENTSCHIEDEN 2026-08-20 (Abnahme): Video-Export-Fortschritt, ANDERES Ding als der Datenexport
ExportStand	DataExportStatus	export-typ	src/konto/kontomodell.ts	6	ENTSCHIEDEN 2026-08-20 (Abnahme): Datenexport-Spiegel des Servers, gleicher Name beidseits (§6.1 dataExport)
ExportTon	ExportAudio	export-typ	src/exportfilm.ts	5	Ton→audio
ExportTonKlip	ExportAudioClip	export-typ	src/exportfilm.ts	5	§6.3 audioClip
ExportTonSchuss	ExportAudioOneShot	export-typ	src/exportfilm.ts	5	VORSCHLAG: Schuss→one-shot (so heisst es im Kommentar)
Fahrzeugton	VehicleSound	export-typ	src/vehicle.ts	5	VORSCHLAG: Fahrzeug→vehicle (Dateiname schon so), Ton→sound; Schnittstelle des Motorloops
Fenster	PinWindow	export-typ	src/pinmodell.ts	5	VORSCHLAG: nicht blankes Window (Kollision mit lib.dom); Sichtfenster um die aktuelle Position
Filmachse	FilmAxis	export-typ	src/filmachse.ts	5	§6.3a filmAxis
Filmleiste	ProgressBar	export-typ	src/ui.ts	5	§6.3a Fortschrittsleiste = progressBar; Leiste→bar; Schnittstelle der Fortschrittsleiste
Filmspur	FilmTrack	export-typ	src/tour.ts	5	§6.3a Filmspur = FilmTrack (GPS-Spur bleibt track, Zeitleisten-Bahn lane)
FotoWegpunkt	MediaWaypoint	export-typ	src/map.ts	5	VORSCHLAG: §6.1 die einzelne Aufnahme ist medium und nicht photo; Wegpunkt→waypoint (§6.3a)
FrameTafeln	FramePanels	export-typ	src/exportfilm.ts	5	§6.3a panel; Tafel-Zustand eines Export-Frames
Halt	AxisStop	export-typ	src/filmachse.ts	5	ENTSCHIEDEN 2026-08-20 (Abnahme): Glossar Halt→stop, aber Stop ist schon der gruppierte Foto-Halt aus stops.ts (Grundstock); main.ts importiert beide
HaltIntervall	StopInterval	export-typ	src/filmachse.ts, src/studio/zeitleiste.ts	5	§6.1 stopInterval; zweimal definiert, die zeitleiste-Kopie geht in Welle 3 mit
Hintergrundmusik	BackgroundMusic	export-typ	src/music.ts	5	Schnittstelle des kuratierten Ambient-Loops
Kamerablick	CameraView	export-typ	src/atmosphere.ts	5	VORSCHLAG: Blick→view; Kamerapose fuer das Atmosphaeren-Overlay
Kameradistanz	CameraDistance	export-typ	src/tour.ts	5	VORSCHLAG: CameraDistance (Paar behind/hover); Distanz→distance
KameraPose	CameraPose	export-typ	src/tour.ts	5	Pose bleibt; Kameraposition und Blickpunkt
KartenBedienung	CardControls	export-typ	src/kartenschicht.ts	5	VORSCHLAG: Bedienung→controls; Anteil 0..1 wie sichtbar die Steuerleiste ist
KartenBuehne	CardStage	export-typ	src/kartenmaler.ts	5	§6.3a stage
KartenBuehnenName	CardStageName	export-typ	src/kartenmaler.ts	5	§6.3a stage; player/editor/export
KartenErgebnis	CardPaintResult	export-typ	src/kartenmaler.ts	5	VORSCHLAG: §6.3a Maler→painter; Ergebnis eines Malvorgangs
KartenGeometrie	CardGeometry	export-typ	src/kartenmaler.ts	5	Geometrie der Karte auf der Buehne
KartenInhalt	CardContent	export-typ	src/kartenmaler.ts	5	Inhalt der die Geometrie beeinflusst
KartenLage	CardLayout	export-typ	src/kartenmaler.ts	5	VORSCHLAG: Werte breit/schmal/quer sind Layouts, nicht bloss Orientierung (anders als ExportOrientation)
KartenMasse	CardRects	export-typ	src/kartenmaler.ts	5	VORSCHLAG: Rueckgabe-RECHTECKE von paintCard, nicht die Masssaetze (CARD_METRICS)
KartenMassSatz	CardMetrics	export-typ	src/kartenmaler.ts	5	VORSCHLAG: Masssatz→metrics
KartenMedium	CardMedium	export-typ	src/kartenmaler.ts	5	§6.1 die einzelne Aufnahme ist medium; Bild-/Videoquelle der Karte
KartenOptionen	MapOptions	export-typ	src/map.ts	5	§6.3a map
KartenPhasen	CardPhases	export-typ	src/kartenmaler.ts	5	Phasenwerte eines Kartenbildes
KartenQuelle	CardSource	export-typ	src/kartenmaler.ts	5	Zeichenquelle (Bild oder Video)
KartenSatz	CardStageSet	export-typ	src/kartenmaler.ts	5	VORSCHLAG: vollstaendiger Buehnen-Satz
KartenSchicht	CardLayer	export-typ	src/kartenschicht.ts	5	§6.6 card-layer.ts
KartenSchichtOptionen	CardLayerOptions	export-typ	src/kartenschicht.ts	5	§6.6 card-layer.ts
KartenSchichtStand	CardLayerState	export-typ	src/kartenschicht.ts	5	VORSCHLAG: zuletzt gemalter Stand der Schicht
KartenStand	CardFrame	export-typ	src/kartenmaler.ts	5	VORSCHLAG: vollstaendiger Zeichenstand EINES Frames
KartenText	CardText	export-typ	src/kartenmaler.ts	5	Beschriftung der Karte
KartenZeiten	CardTimings	export-typ	src/einblendung.ts	5	§6.3a Einblendung→cardTiming; Zeitfenster aller Klips eines Halts
Lichtstimmung	LightMood	export-typ	src/daynight.ts	5	VORSCHLAG: Stimmung→mood wie kartenstimmung→map-mood (§6.6)
LoopAbschnitt	LoopSegment	export-typ	src/exportformat.ts	5	Abschnitt→segment wie walkSegment (§6.4)
Modusuebergang	TravelModeTransition	export-typ	src/filmachse.ts	5	VORSCHLAG: §6.1 travelMode; Tempowechsel an einer Modusgrenze
PinSteuerung	PinControl	export-typ	src/photopins.ts	5	VORSCHLAG: Steuerung→control; Schnittstelle der Pin-Schicht
PinStopp	PinStop	export-typ	src/photopins.ts	5	Halt→stop (Glossar-Kopf); Foto-Stopp fuer die 3D-Pins
PinZustand	PinState	export-typ	src/pinmodell.ts	5	Zustand→state (wie §6.8/§4.2); Zustand eines Pins (voll/flach)
PlayerStopp	PlayerStop	export-typ	src/ui.ts	5	Grundstock: Stopp→Stop; Foto-Stopp aus Sicht des Players
Rampenwahl	RampChoice	export-typ	src/filmachse.ts	5	VORSCHLAG: gewaehlte Rampenlaengen an einer Kante
Rastergrading	RasterGrading	export-typ	src/daynight.ts	5	bleibt (schon englisch), nur PascalCase; Farbanpassung der Rasterkarte
Rechteck	Rect	export-typ	src/kartenmaler.ts	5	VORSCHLAG: Rechteck fuer mitgefuehrte Klickflaechen
Route	Route	export-typ	src/geo.ts, src/routen.ts	5	bleibt (schon englisch); der gleichnamige Pfad-Eintrag in routen.ts→routes.ts heisst kuenftig RouteEntry (Welle 6)
SBeiF	SAtF	export-typ	src/streckenanker.ts	5	VORSCHLAG: bei→at wie distanceAtFilmTime (§6.3a); s und f bleiben (Glossar); Uebersetzer f-Anker zu Meterstand
Schleier	Scrim	export-typ	src/wetterhimmel.ts	5	§6.3a Schleier = scrim (nicht veil, nicht overlay); Schleier-Parameter der Szene
Sonnenstand	SunPosition	export-typ	src/sun.ts	5	VORSCHLAG: Sonnenstand→sunPosition; Sonnenhoehe und Azimut
Spielhalt	EngineStop	export-typ	src/tour.ts	5	VORSCHLAG: Halt→stop (Glossar), Engine-Sicht statt Spiel; Halt aus Sicht der Engine
SpielSpur	AudioTrack	export-typ	src/audiotracks.ts	5	§6.1 audioTrack; Element zur Sammlung AudioTracks
Stopp	Stop	export-typ	src/geo.ts, src/studio/stopps.ts	5	Grundstock/Glossar-Kopf; auch PlayerStopp→PlayerStop
StoppFoto	StopItem	export-typ	src/geo.ts	5	§6.1 Halt-Stueck (Aufnahme in der Kette)→stopItem
Streckenabschnitt	DistanceSegment	export-typ	src/filmachse.ts	5	VORSCHLAG: §6.3a Strecke→distance, Abschnitt→segment
Streckenhalt	DistanceStop	export-typ	src/filmachse.ts	5	VORSCHLAG: Halt mit Meterstand auf der Strecke
Stundenwerte	HourlyValues	export-typ	src/autoweather.ts	5	VORSCHLAG: Stundenwerte der Open-Meteo-Antwort
SzenenWetter	SceneWeather	export-typ	src/wetterhimmel.ts	5	Szene→scene; Datei wird weather-sky.ts; Wetterlage der Szene
TagNachtRegie	DayNightDirector	export-typ	src/daynight.ts	5	VORSCHLAG: Regie→director; Schnittstelle der Tag/Nacht-Regie
Telemetrie	Telemetry	export-typ	src/ui.ts	5	§6.3a telemetry; Pro-Frame-Werte fuer die UI
TextAuftritt	TextEntrance	export-typ	src/kartenmaler.ts	5	VORSCHLAG: Auftritt→entrance
TourFoto	TourPhoto	export-typ	src/tours.ts	5	VORSCHLAG: kuratierte Touren tragen wirklich nur Fotos, deshalb photo statt medium; Foto-Eintrag
TourOptionen	TourOptions	export-typ	src/tour.ts	5	Optionen→Options; Optionen der Tour-Engine
TourWetter	TourWeather	export-typ	src/tours.ts	5	weather §6.9; kuratierte Wetter-Timeline
TourZeit	TourTime	export-typ	src/tours.ts	5	Pseudo-Zeitspanne einer Tour (cfg.time)
VideoLage	VideoState	export-typ	src/einblendung.ts	5	VORSCHLAG: Lage heisst hier Zustand (nicht Format wie ExportLage)
VideoNachfuehrung	VideoSeekDecision	export-typ	src/einblendung.ts	5	VORSCHLAG: Entscheidung ob/wohin gesucht wird
Wegpunkt	Waypoint	export-typ	src/tours.ts	5	§6.3a: Wegpunkt = waypoint (Stuetzpunkt dagegen vertex); Wegpunkt einer kuratierten Tour
WetterEingang	WeatherInput	export-typ	src/autoweather.ts	5	VORSCHLAG: Eingabedaten des Auto-Wetters
WetterEintrag	WeatherEntry	export-typ	src/autoweather.ts	5	Eintrag→entry wie AudioEntry
WetterFoto	WeatherAnchor	export-typ	src/autoweather.ts	5	VORSCHLAG: §6.1 anchor; Foto-Anker fuer die Wetter-Abfrage (nicht photo, §6.1)
Wettergrading	WeatherGrading	export-typ	src/wetterhimmel.ts	5	grading bleibt (Fachwort der Bildwirkung); Bildwirkung des Wetters
WetterHimmel	WeatherSky	export-typ	src/atmosphere.ts	5	§6.3a weatherSky
Wetterlage	WeatherCondition	export-typ	src/autoweather.ts	5	VORSCHLAG: Lage (Wetter mit Staerke)→condition
Wetteroverlay	WeatherOverlay	export-typ	src/weather.ts	5	weather; overlay hier das Partikel-Overlay, nicht editOverlay; Schnittstelle des Wetter-Overlays
abgangDrehungGrad	exitRotationDeg	objekt-schluessel	src/einblendung.ts	5	VORSCHLAG: Abgangs-Drehung
abgangHubPx	exitLiftPx	objekt-schluessel	src/einblendung.ts	5	VORSCHLAG: Abgang→exit, Hub→lift
abgangSkala	exitScale	objekt-schluessel	src/einblendung.ts	5	VORSCHLAG: Abgangs-Skala
angaben	facts	objekt-schluessel	src/kartenmaler.ts	5	VORSCHLAG: Schluessel in TEXT_OFFSET_S
angabenWort	factsWord	objekt-schluessel	src/kartenmaler.ts	5	VORSCHLAG: Wortteil der Angaben (Uhr, km)
angabenZahl	factsDigits	objekt-schluessel	src/kartenmaler.ts	5	VORSCHLAG: Angaben (Uhrzeit · km)→facts; Ziffernteil
balken	bar	objekt-schluessel	src/kartenmaler.ts	5	Balken→bar
balkenBis	barTo	objekt-schluessel	src/kartenmaler.ts	5	bis→to (§6.9)
balkenVon	barFrom	objekt-schluessel	src/kartenmaler.ts	5	von→from (§6.9)
bildfeld	imageArea	objekt-schluessel	src/kartenmaler.ts	5	VORSCHLAG: Bildfeld der Karte
blendeDauerS	fadeDurationS	objekt-schluessel	src/einblendung.ts	5	VORSCHLAG: Blende→fade
blendeVersatzS	fadeOffsetS	objekt-schluessel	src/einblendung.ts	5	VORSCHLAG: Versatz→offset (§6.9 offsetFilmS)
breit	wide	objekt-schluessel	src/kartenmaler.ts	5	VORSCHLAG: Schluessel in CARD_METRICS
entwickelnBis	developTo	objekt-schluessel	src/einblendung.ts	5	§6.3a develop
entwickelnDauerS	developDurationS	objekt-schluessel	src/einblendung.ts	5	§6.3a develop + §6.9 durationS
entwickelnVon	developFrom	objekt-schluessel	src/einblendung.ts	5	§6.3a develop
flug	flight	objekt-schluessel	src/kartenmaler.ts	5	VORSCHLAG: Flugkurve; wie flightDurationS in CARD
flugDauerS	flightDurationS	objekt-schluessel	src/einblendung.ts	5	VORSCHLAG: Flug→flight (Auftritts-Flug der Karte)
flugDrehungGrad	flightRotationDeg	objekt-schluessel	src/einblendung.ts	5	VORSCHLAG: Drehung→rotation, Einheit Grad→Deg (§6.0)
flugHubPx	flightLiftPx	objekt-schluessel	src/einblendung.ts	5	VORSCHLAG: Flugweite je Buehne; Hub→lift wie abgangHubPx
flugKippungGrad	flightTiltDeg	objekt-schluessel	src/einblendung.ts	5	VORSCHLAG: Kippung→tilt
flugKurve	flightCurve	objekt-schluessel	src/einblendung.ts	5	VORSCHLAG: Flugkurve als Bezier-Text
flugSkala	flightScale	objekt-schluessel	src/einblendung.ts	5	VORSCHLAG: skala→scale
groesse	size	objekt-schluessel	src/exportformat.ts	5	VORSCHLAG: auch Query-Parameter
kbDauerRueckfallS	kenBurnsFallbackDurationS	objekt-schluessel	src/einblendung.ts	5	VORSCHLAG: Abkuerzung kb ausgeschrieben (§6.0 nur etablierte Abkuerzungen)
kenBurnsBis	kenBurnsTo	objekt-schluessel	src/einblendung.ts	5	§6.9 from/to
kenBurnsVon	kenBurnsFrom	objekt-schluessel	src/einblendung.ts	5	von/bis→from/to wie §6.9
lage	orientation	objekt-schluessel	src/exportformat.ts	5	VORSCHLAG: auch Query-Parameter der Export-Seite; interner Kanal, kein API-Vertrag
papier	paper	objekt-schluessel	src/kartenmaler.ts	5	Grundstock --papier→--paper
quer	landscape	objekt-schluessel	src/kartenmaler.ts	5	VORSCHLAG: Querlage→landscape
rahmenRadiusPx	frameRadiusPx	objekt-schluessel	src/einblendung.ts	5	VORSCHLAG: Rahmen→frame
ruheDrehungGrad	restRotationDeg	objekt-schluessel	src/einblendung.ts	5	VORSCHLAG: Restdrehung im Stand
ruheSkala	restScale	objekt-schluessel	src/einblendung.ts	5	VORSCHLAG: Ruhe (stehende Karte)→rest; skala→scale (§6.9)
schatten	shadow	objekt-schluessel	src/kartenmaler.ts	5	Grundstock --schatten→--shadow
schleierBlurPx	scrimBlurPx	objekt-schluessel	src/einblendung.ts	5	§6.3a scrim
schleierBrightness	scrimBrightness	objekt-schluessel	src/einblendung.ts	5	§6.3a scrim
schleierFarbe	scrimColor	objekt-schluessel	src/einblendung.ts	5	§6.3a Schleier→scrim; amerikanisch color (§6.0)
schleierSaturate	scrimSaturate	objekt-schluessel	src/einblendung.ts	5	§6.3a scrim; Filterwort bleibt CSS-nah
schmal	narrow	objekt-schluessel	src/kartenmaler.ts	5	VORSCHLAG: Schluessel in CARD_METRICS
titel	title	objekt-schluessel	src/kartenmaler.ts, src/kartenmaler.ts	5	Schluessel in CARD_COLORS und TEXT_OFFSET_S
groesse	size	query-parameter	src/exportformat.ts	5	VORSCHLAG: Groesse→size (wie Mail-Platzhalter {{size}} im Grundstock); Export-Zielgroesse
lage	orientation	query-parameter	src/exportformat.ts	5	VORSCHLAG: Lage quer/hoch→orientation mit landscape/portrait; Werte gehen im selben Commit mit (Kanal beide Seiten)
rahmen	embedded	query-parameter	src/exportformat.ts	5	VORSCHLAG: Rahmen→embedded (der iframe-Fall); alternativ frame; Export laeuft eingebettet
anker	anchors	window-schluessel	src/main.ts, src/streckenanker.ts	5	VORSCHLAG: Sammlung Plural (§6.0 Regel 4); window.__maptale.anchors = f-zu-s-Quelle
exportMess	exportStats	window-schluessel	window.__j; scripts/messungen/	5	§5 Welle 5
exportMess	exportStats	window-schluessel	src/exportfilm.ts	5	Grundstock/§5 Welle 5; Messwerte des Exports
exportZiel	exportTarget	window-schluessel	src/exportfilm.ts	5	VORSCHLAG: Ziel→target; Encoder-Leinwand
filmachse	filmAxis	window-schluessel	window.__j; scripts/messungen/	5	§5 Welle 5
filmachse	filmAxis	window-schluessel	src/main.ts	5	Grundstock/§5 Welle 5; window.__maptale.filmAxis
filmS	filmTime	window-schluessel	window.__j; scripts/messungen/	5	§5 Welle 5
filmS	filmTime	window-schluessel	src/main.ts	5	Grundstock/§5 Welle 5; Uebersetzer Strecke zu Filmzeit
kartenStand	cardState	window-schluessel	src/main.ts	5	VORSCHLAG: Foto-Karte = card (§6.3a), Stand→state; Abnahme-Griff der Foto-Leinwand
uhr	clock	window-schluessel	window.__j; scripts/messungen/	5	§5 Welle 5
uhr	clock	window-schluessel	src/main.ts	5	Grundstock/§5 Welle 5; Filmuhr mit Zaehlern
window.__j	window.__maptale	window-schluessel	src/main.ts; scripts/messungen/*	5	§5 Welle 5; Schlüssel: filmachse→filmAxis, filmS→filmTime, uhr→clock, exportMess→exportStats; Messskripte im selben Commit
maptale_dabei	maptale_returning	cookie	src/session-hinweis.ts; src/studio/studio.ts; server/src/app.ts; server/src/routes/auth.ts	6	VORSCHLAG; UX-Hinweis-Cookie (war schon einmal angemeldet); Umbenennung verliert den Hinweis einmalig, harmlos
maptale_dabei	maptale_returning	cookie	src/session-hinweis.ts	6	Grundstock (VORSCHLAG dort); Umbenennung verliert den Hinweis einmalig, harmlos
abgelaufen	expired	css-klasse	admin.html	6	Grundstock: abgelaufen zu expired (Statuswert 4.2); Verwaltung; wächter: adminmodell.test.ts+konto-tracker.test.ts+kontomodell.test.ts
aktiv	active	css-klasse	galerie.html,src/app-nav.ts,src/grundelemente.css,src/studio/editor.ts,src/studio/exportblatt.ts,studio.html	6	Grundstock: aktiv zu active (Statuswert 4.2); Fundorte in Studio und Produktseiten, spaeteste Welle 6; Galerie/geteilte Bausteine/geteilte Grundelemente; wächter: app-nav.test.ts+konto-tracker.test.ts+studio-editor.test.ts
andi-mark	android-mark	css-klasse	index.html	6	VORSCHLAG: Kosename Andi ausgeschrieben: android-mark (Android-Maennchen der Landing); Android-Maennchen-Grafik der Landing (Kosename Andi); wächter: versionen.test.ts
angepasst	customized	css-klasse	admin.html	6	VORSCHLAG: Mail-Vorlage weicht vom Standard ab; amerikanisch customized (6.0); Verwaltung
anschrift	address	css-klasse	datenschutz.html,impressum.html,src/rechtstext.css	6	VORSCHLAG: Anschrift im Impressum/Datenschutz; Rechtstexte
anteil	share	css-klasse	konto.html	6	VORSCHLAG: Anteil eines Postens im Speicherbalken; Kontoseite; wächter: studio-baukasten.test.ts
anzahl	count	css-klasse	admin.html,src/admin/admin.ts,src/studio/editor.ts,studio.html	6	Zaehler heissen count (Namensregel 6.0); Fundorte in Studio und Produktseiten, spaeteste Welle 6; Verwaltung/Studio; wächter: studio-baukasten.test.ts
app-band	app-band	css-klasse	index.html	6	VORSCHLAG: bleibt (Band ist auch englisch: section band der Landing); Landing
band	band	css-klasse	index.html,src/studio/editor.ts,studio.html	6	VORSCHLAG: bleibt (englisch lesbar): Studio-Zustandsband und Landing-Abschnittsband teilen den Namen; der Code-Begriff heisst stateBand (Glossar 6.3); Fundorte in Studio und Produktseiten, spaeteste Welle 6; Landing/Studio
banner-knopf	banner-button	css-klasse	profil.html	6	Profil-Titelbild = banner (Glossar 6.1), Knopf zu button (Grundstock); Profilseite
beiwerk	extras	css-klasse	profil.html	6	VORSCHLAG: Beiwerk = Meta-Zeile im Profilkopf (Ort, Links); extras; Profilseite
belegt	taken	css-klasse	profil.html	6	VORSCHLAG: Handle vergeben, Gegenstueck available; Profilseite
benutzer-chip	user-chip	css-klasse	galerie.html,index.html,konto.html,profil.html,src/app-nav.ts,src/grundelemente.css,studio.html	6	Grundstock: benutzer zu user; Fundorte in Studio und Produktseiten, spaeteste Welle 6; Galerie/Landing/Kontoseite; wächter: app-nav.test.ts
betreff	subject	css-klasse	admin.html,src/admin/admin.ts	6	Grundstock: betreff zu subject; Verwaltung
bild	image	css-klasse	profil.html,src/profil/profil.ts,src/studio/studio.ts,studio.html	6	VORSCHLAG: Bild zu image; Fundorte in Studio und Produktseiten, spaeteste Welle 6; Profilseite/Studio; wächter: einblendung-css.test.ts+kartenmaler.test.ts+studio-pruefung.test.ts
block-kopf	block-header	css-klasse	konto.html	6	VORSCHLAG: Kopf zu header; Kontoseite
breit	wide	css-klasse	admin.html	6	VORSCHLAG: Breit-Variante (Layout); Verwaltung; wächter: einblendung-css.test.ts+kartenmaler.test.ts
cta-band	cta-band	css-klasse	index.html	6	VORSCHLAG: bleibt (schon englisch lesbar: cta plus band); Landing
dialog-fuss	dialog-footer	css-klasse	admin.html	6	Grundstock: fuss zu footer; Verwaltung
dialog-offen	dialog-open	css-klasse	konto.html,src/dialogschicht.ts,src/grundelemente.css	6	Grundstock: offen zu open (4.2); Kontoseite/geteilte Bausteine/geteilte Grundelemente
dialogschicht	dialog-layer	css-klasse	src/grundelemente.css	6	Glossar 6.6: dialogschicht.ts wird dialog-layer.ts; geteilte Grundelemente
echtzeit	realtime	css-klasse	admin.html	6	VORSCHLAG: Echtzeit-Anzeige der Statistiken; Verwaltung
editor-buehne	editor-stage	css-klasse	index.html	6	Buehne = stage (Glossar 6.3a); Fundort ist die Editor-Illustration der LANDING, deshalb Welle 6; Studio-Editor
editor-leiste	editor-bar	css-klasse	index.html	6	VORSCHLAG: Leiste zu bar; Editor-Illustration der Landing, deshalb Welle 6; Studio-Editor
editor-spuren	editor-lanes	css-klasse	index.html	6	Spuren der Zeitleiste = lanes (Glossar 6.1); Editor-Illustration der Landing, deshalb Welle 6; Studio-Editor
eingeloest	redeemed	css-klasse	admin.html	6	Grundstock: eingeloest zu redeemed; Verwaltung; wächter: adminmodell.test.ts
fb-abbrechen	feedback-cancel	css-klasse	src/feedbackformular.ts	6	VORSCHLAG: fb = Feedback, Praefix ausgeschrieben (Modul wird feedback-form.ts, 6.6); Feedback-Dialog
fb-angaben	feedback-details	css-klasse	src/feedbackformular.ts	6	VORSCHLAG: Angaben (technischer Kontext) zu details; Feedback-Dialog
fb-dialog-kopf	feedback-dialog-header	css-klasse	src/feedbackknopf.ts	6	VORSCHLAG: Familie feedback; Kopf zu header; Feedback-Dialog
fb-dialog-zu	feedback-dialog-close	css-klasse	src/feedbackknopf.ts	6	VORSCHLAG: zu = schliessen, close; Feedback-Dialog
fb-fuss	feedback-footer	css-klasse	src/feedbackformular.ts	6	VORSCHLAG: Fuss zu footer (Grundstock); Feedback-Dialog
fb-meldung	feedback-message	css-klasse	src/feedbackformular.ts	6	VORSCHLAG: Meldung zu message; Feedback-Dialog
fb-schicht	feedback-layer	css-klasse	src/feedbackknopf.ts	6	VORSCHLAG: Schicht zu layer (wie dialog-layer 6.6); Feedback-Dialog
fb-senden	feedback-send	css-klasse	src/feedbackformular.ts	6	VORSCHLAG: Senden zu send; Feedback-Dialog
fb-zeile	feedback-row	css-klasse	src/feedbackformular.ts	6	VORSCHLAG: Zeile zu row; Feedback-Dialog
feedback-knopf	feedback-button	css-klasse	admin.html,galerie.html,index.html,konto.html,profil.html,src/feedbackknopf.ts,src/grundelemente.css,studio.html	6	Glossar 6.6: feedbackknopf.ts wird feedback-button.ts; Fundorte in Studio und Produktseiten, spaeteste Welle 6; Verwaltung/Galerie/Landing; wächter: entwicklungsstand.test.ts
fehler	error	css-klasse	admin.html,konto.html,src/admin/admin.ts,src/studio/editor.ts,src/studio/studio.ts,src/werkzeug.css,studio.html	6	Glossar 6.1: Fehler als Feldname/Anzeige = error (Statuswert waere failed); Fundorte in Studio und Produktseiten, spaeteste Welle 6; Verwaltung/Kontoseite/Studio; wächter: adminmodell.test.ts+konto-tracker.test.ts+kontomodell.test.ts+remote.test.ts
feld	field	css-klasse	admin.html,src/studio/editor.ts,studio.html	6	VORSCHLAG: Feld zu field; Fundorte in Studio und Produktseiten, spaeteste Welle 6; Verwaltung/Studio
feld-art	field-type	css-klasse	src/feedbackformular.ts,studio.html	6	VORSCHLAG: Art der Gattung = type, nicht kind (Namensregel 6.0); Fundorte in Studio und Produktseiten, spaeteste Welle 6; geteilte Bausteine/Studio
fest	fixed	css-klasse	profil.html	6	VORSCHLAG: fester Praefix-Text im Handle-Feld (maptale.io/@); Profilseite
frei	available	css-klasse	profil.html	6	VORSCHLAG: Handle frei = available, Gegenstueck taken; Profilseite
fuss-links	footer-links	css-klasse	index.html,src/app-nav.ts,src/grundelemente.css,src/rechtstext.css	6	VORSCHLAG: Links = Verweise (Impressum/Datenschutz), nicht linke Seite; Landing/geteilte Bausteine/geteilte Grundelemente
fuss-marke	footer-brand	css-klasse	index.html,src/app-nav.ts,src/grundelemente.css,src/rechtstext.css	6	VORSCHLAG: Marke = Wortmarke = brand; Landing/geteilte Bausteine/geteilte Grundelemente; wächter: app-nav.test.ts
fuss-sep	footer-sep	css-klasse	index.html,src/app-nav.ts,src/grundelemente.css,src/rechtstext.css,studio.html	6	VORSCHLAG: Fuss zu footer, sep bleibt; Fundorte in Studio und Produktseiten, spaeteste Welle 6; Landing/geteilte Bausteine/geteilte Grundelemente; wächter: app-nav.test.ts
fuss-version	footer-version	css-klasse	index.html,src/app-nav.ts,src/grundelemente.css,src/rechtstext.css	6	Grundstock: fuss zu footer, version bleibt; Landing/geteilte Bausteine/geteilte Grundelemente; wächter: app-nav.test.ts
gefahr	danger	css-klasse	admin.html,konto.html,src/studio/studio.ts,src/werkzeug.css,studio.html	6	wie das Farb-Token --danger (Grundstock); Fundorte in Studio und Produktseiten, spaeteste Welle 6; Verwaltung/Kontoseite/Studio; wächter: konto-tracker.test.ts
gefahrenblock	danger-block	css-klasse	konto.html	6	VORSCHLAG: Gefahrenzone der Kontoseite; Kontoseite
gitter	grid	css-klasse	galerie.html	6	VORSCHLAG: Galerie-Raster = grid; Galerie
gliederung	outline	css-klasse	datenschutz.html,src/rechtstext.css	6	Glossar 6.6: rechtstextgliederung.ts wird legal-text-outline.ts; Rechtstexte
griffe	grips	css-klasse	admin.html,src/admin/admin.ts,src/studio/studio.ts,studio.html	6	VORSCHLAG: Plural zu griff/grip; Fundorte in Studio und Produktseiten, spaeteste Welle 6; Verwaltung/Studio
gut	good	css-klasse	konto.html,src/konto/konto.ts	6	VORSCHLAG: gut-Zustand (Speicher/Passwort); Kontoseite
handle-stand	handle-status	css-klasse	profil.html	6	VORSCHLAG: Stand der Handle-Pruefung = status; Profilseite
hat-bild	has-image	css-klasse	profil.html,src/profil/profilbearbeiten.ts	6	VORSCHLAG: Boolean mit has (Namensregel 6.0); Profilseite
haupt	main	css-klasse	admin.html,src/admin/admin.ts	6	VORSCHLAG: Haupt zu main; Verwaltung
haupt-text	main-text	css-klasse	admin.html,src/admin/admin.ts	6	VORSCHLAG: Haupt zu main; Verwaltung
hier	current	css-klasse	konto.html	6	VORSCHLAG: Zeile des aktuellen Geraets (dieses Geraet); Kontoseite
hinweis	hint	css-klasse	admin.html,konto.html,profil.html,src/galerie/galerie.ts,src/profil/profil.ts,src/studio/studio.ts,src/werkzeug.css,studio.html	6	VORSCHLAG: Hinweis = hint, projektweit einheitlich; Fundorte in Studio und Produktseiten, spaeteste Welle 6; Verwaltung/Kontoseite/Profilseite; wächter: studio-pruefung.test.ts
inhalt	content	css-klasse	datenschutz.html,src/rechtstext.css,src/studio/editor.ts,studio.html	6	VORSCHLAG: Inhalt zu content; Fundorte in Studio und Produktseiten, spaeteste Welle 6; Rechtstexte/Studio; wächter: basis-css.test.ts
karte	card	css-klasse	galerie.html,src/galerie/galerie.ts,src/studio/studio.ts,studio.html	6	Glossar: Galerie-Tourkarte und Studio-Bibliothekskarte = card (wie --radius-card im Grundstock); NICHT map (das ist die Landkarte); Fundorte in Studio und Produktseiten, spaeteste Welle 6; Galerie/Studio; wächter: einblendung-css.test.ts+kartenmaler.test.ts
karte-autor	card-author	css-klasse	galerie.html,src/galerie/galerie.ts	6	Grundstock: autor zu author; Karte = card; Galerie
karte-bild	card-image	css-klasse	galerie.html,src/galerie/galerie.ts	6	VORSCHLAG: Familie card; Galerie
karte-block	card-block	css-klasse	admin.html	6	VORSCHLAG: Familie card; Verwaltung
karte-haupt	card-main	css-klasse	galerie.html,src/galerie/galerie.ts	6	VORSCHLAG: haupt zu main; Galerie; wächter: basis-css.test.ts
karte-meta	card-meta	css-klasse	galerie.html,src/galerie/galerie.ts	6	VORSCHLAG: Familie card, meta bleibt; Galerie
karte-text	card-text	css-klasse	galerie.html,src/galerie/galerie.ts	6	VORSCHLAG: Familie card; Galerie
kennzahl	stat	css-klasse	admin.html,src/admin/admin.ts	6	VORSCHLAG: Kennzahl = stat (wie /api/admin/stats, 6.7); Verwaltung
kennzahlen	stats	css-klasse	profil.html	6	VORSCHLAG: Kennzahlen = stats; Profilseite; wächter: tourtexte.test.ts
km-balken	am-bar	css-klasse	index.html,src/app-nav.ts,src/grundelemente.css,studio.html	6	VORSCHLAG: km = Konto-Menue; neues Praefix am (account menu); Balken zu bar; Fundorte in Studio und Produktseiten, spaeteste Welle 6; Konto-Menue in der Kopfleiste
km-eintrag	am-item	css-klasse	index.html,src/app-nav.ts,src/grundelemente.css,studio.html	6	VORSCHLAG: Eintrag zu item; Fundorte in Studio und Produktseiten, spaeteste Welle 6; Konto-Menue in der Kopfleiste; wächter: basis-css.test.ts
km-mail	am-mail	css-klasse	index.html,src/app-nav.ts,src/grundelemente.css,studio.html	6	VORSCHLAG: Familie am (account menu); Fundorte in Studio und Produktseiten, spaeteste Welle 6; Konto-Menue in der Kopfleiste
km-quota	am-quota	css-klasse	src/app-nav.ts,studio.html	6	VORSCHLAG: Familie am; quota bleibt; Fundorte in Studio und Produktseiten, spaeteste Welle 6; Konto-Menue in der Kopfleiste
km-quota-kopf	am-quota-header	css-klasse	index.html,src/app-nav.ts,src/grundelemente.css,studio.html	6	VORSCHLAG: Kopf zu header; Fundorte in Studio und Produktseiten, spaeteste Welle 6; Konto-Menue in der Kopfleiste
km-trenner	am-divider	css-klasse	index.html,src/app-nav.ts,src/grundelemente.css,studio.html	6	VORSCHLAG: Trenner zu divider; Fundorte in Studio und Produktseiten, spaeteste Welle 6; Konto-Menue in der Kopfleiste
knapp	low	css-klasse	profil.html,src/profil/profilbearbeiten.ts,src/studio/editor.ts,studio.html	6	VORSCHLAG: knapp = fast aufgebraucht/wenig Rest, low; Fundorte in Studio und Produktseiten, spaeteste Welle 6; Profilseite/Studio
knopf	button	css-klasse	admin.html,konto.html,profil.html,public/404.html,src/app-nav.ts,src/studio/exportblatt.ts,src/werkzeug.css,studio.html	6	Grundstock: knopf zu button; Fundorte in Studio und Produktseiten, spaeteste Welle 6; 404 liegt ausserhalb des Builds, von Hand nachziehen; Verwaltung/Kontoseite/Profilseite
knopf-geist	button-ghost	css-klasse	public/404.html	6	VORSCHLAG: Geist-Knopf = ghost button; 404 liegt ausserhalb des Builds, von Hand nachziehen; 404-Seite
knopf-primaer	button-primary	css-klasse	public/404.html,src/app-nav.ts,src/studio/exportblatt.ts,src/studio/studio.ts,studio.html	6	Knopf zu button (Grundstock), primaer zu primary (DESIGN-Token); Fundorte in Studio und Produktseiten, spaeteste Welle 6; 404 liegt ausserhalb des Builds, von Hand nachziehen; 404-Seite/geteilte Bausteine/Studio
konto-lesespalte	account-reading-column	css-klasse	konto.html	6	Konto = account (6.2); analog --account-reading-width im Grundstock; Konto-Menue/Kontoseite; wächter: app-nav.test.ts
konto-menue	account-menu	css-klasse	index.html,src/app-nav.ts,src/grundelemente.css,studio.html	6	Konto = account (Glossar 6.2); Fundorte in Studio und Produktseiten, spaeteste Welle 6; Konto-Menue/Kontoseite
konto-wrap	account-wrap	css-klasse	galerie.html,index.html,konto.html,profil.html,src/app-nav.ts,src/grundelemente.css,src/studio/studio.ts,studio.html	6	Konto = account (Glossar 6.2); Fundorte in Studio und Produktseiten, spaeteste Welle 6; Konto-Menue/Kontoseite
kopf	header	css-klasse	admin.html,datenschutz.html,galerie.html,impressum.html,src/rechtstext.css,src/studio/studio.ts,studio.html	6	VORSCHLAG: Kopf zu header; Fundorte in Studio und Produktseiten, spaeteste Welle 6; Verwaltung/Rechtstexte/Galerie
kopf-aktionen	header-actions	css-klasse	profil.html	6	VORSCHLAG: Aktionen zu actions; Profilseite
kopftext	header-text	css-klasse	profil.html	6	VORSCHLAG: Familie header; Profilseite
kpi-hinweis	kpi-hint	css-klasse	admin.html	6	VORSCHLAG: kpi bleibt; Hinweis zu hint; Statistik-Kacheln der Verwaltung
kpi-karte	kpi-card	css-klasse	admin.html	6	Karte = card (Glossar); Statistik-Kacheln der Verwaltung
kpi-wert	kpi-value	css-klasse	admin.html	6	Grundstock: wert zu value; Statistik-Kacheln der Verwaltung
kreis	circle	css-klasse	profil.html	6	VORSCHLAG: Kreis zu circle; Profilseite
kz	stat	css-klasse	profil.html,src/profil/profil.ts	6	VORSCHLAG: kz = Kennzahl = stat (Kennzahlen-Kachel der Profilseite); Kennzahlen der Profilseite
leer	empty	css-klasse	admin.html,profil.html,src/admin/admin.ts,src/profil/profil.ts	6	VORSCHLAG: leer zu empty; Verwaltung/Profilseite; wächter: handle.test.ts
legende	legend	css-klasse	konto.html	6	VORSCHLAG: Legende zu legend; Kontoseite
leise	quiet	css-klasse	public/404.html,src/studio/editor.ts,studio.html	6	VORSCHLAG: zurueckgenommener Text = quiet; Fundorte in Studio und Produktseiten, spaeteste Welle 6; 404 liegt ausserhalb des Builds, von Hand nachziehen; 404-Seite/Studio
links	left	css-klasse	profil.html,src/studio/editor.ts,studio.html	6	VORSCHLAG: hier Richtungswort: linke Seite; Fundorte in Studio und Produktseiten, spaeteste Welle 6; Profilseite/Studio; wächter: studio-tipp.test.ts
liste	list	css-klasse	admin.html,src/studio/studio.ts,studio.html	6	VORSCHLAG: Liste zu list; Fundorte in Studio und Produktseiten, spaeteste Welle 6; Verwaltung/Studio; wächter: routen.test.ts
mail-felder	mail-fields	css-klasse	admin.html	6	VORSCHLAG: Felder zu fields; Mail-Vorlagen der Verwaltung
mail-fuss	mail-footer	css-klasse	admin.html	6	Grundstock: fuss zu footer; Mail-Vorlagen der Verwaltung
mail-karte	mail-card	css-klasse	admin.html,src/admin/admin.ts	6	Karte = card (Glossar); Mail-Vorlagen der Verwaltung
mail-karten	mail-cards	css-klasse	admin.html	6	Karte = card (Glossar); Mail-Vorlagen der Verwaltung
mail-probleme	mail-issues	css-klasse	admin.html	6	VORSCHLAG: Probleme zu issues; Mail-Vorlagen der Verwaltung
mail-raster	mail-grid	css-klasse	admin.html	6	VORSCHLAG: Raster zu grid; Mail-Vorlagen der Verwaltung
mail-spalte-kopf	mail-column-header	css-klasse	admin.html	6	VORSCHLAG: Spalte zu column, Kopf zu header; Mail-Vorlagen der Verwaltung
mail-stand	mail-status	css-klasse	admin.html	6	VORSCHLAG: Stand zu status; Mail-Vorlagen der Verwaltung
marke	marker	css-klasse	konto.html,src/konto/konto.ts,studio.html	6	VORSCHLAG: Aufnahme-Punkt auf der Track-Skizze = marker, NICHT brand (das ist die Wortmarke); Fundorte in Studio und Produktseiten, spaeteste Welle 6; Kontoseite/Studio; wächter: studio-abspielen.test.ts
marken-gruppe	brand-group	css-klasse	admin.html,galerie.html,index.html,konto.html,profil.html,src/app-nav.ts,src/grundelemente.css,studio.html	6	VORSCHLAG: Marke = Wortmarke = brand; Fundorte in Studio und Produktseiten, spaeteste Welle 6; Verwaltung/Galerie/Landing; wächter: entwicklungsstand.test.ts
mast	mast	css-klasse	public/404.html,studio.html	6	bleibt (schon englisch); Mast des 3D-Pins; Fundorte in Studio und Produktseiten, spaeteste Welle 6; 404 liegt ausserhalb des Builds, von Hand nachziehen; 404-Seite/Studio
mehr-zeile	more-row	css-klasse	galerie.html	6	VORSCHLAG: Mehr-laden-Zeile der Galerie; Galerie
meldung	message	css-klasse	admin.html,src/admin/admin.ts,studio.html	6	VORSCHLAG: Meldung zu message; Fundorte in Studio und Produktseiten, spaeteste Welle 6; Verwaltung/Studio
menue-offen	menu-open	css-klasse	index.html,src/studio/studio.ts,studio.html	6	Menue zu menu, offen zu open (4.2); Fundorte in Studio und Produktseiten, spaeteste Welle 6; Landing/Studio
merk	callout	css-klasse	datenschutz.html,impressum.html,src/rechtstext.css	6	VORSCHLAG: Merksatz im Rechtstext = callout; Rechtstexte
mitte	center	css-klasse	public/404.html	6	VORSCHLAG: amerikanisch center (6.0); 404 liegt ausserhalb des Builds, von Hand nachziehen; 404-Seite
nav-dabei	nav-join	css-klasse	index.html,src/grundelemente.css	6	VORSCHLAG: dabei = Dabei-sein-Knopf = join; Landing/geteilte Grundelemente
nav-gegen	nav-counterpart	css-klasse	src/rechtstext.css	6	VORSCHLAG: gegen = Gegenstueck (Querverweis Impressum/Datenschutz); Rechtstexte
nav-nur-xs	nav-xs-only	css-klasse	index.html	6	VORSCHLAG: nur-xs = xs-only; Landing
nav-panel-etikett	nav-panel-label	css-klasse	index.html	6	VORSCHLAG: Etikett zu label; Landing
nav-panel-pfeil	nav-panel-arrow	css-klasse	index.html	6	VORSCHLAG: Pfeil zu arrow; Landing
nav-panel-trenner	nav-panel-divider	css-klasse	index.html	6	VORSCHLAG: Trenner zu divider; Landing
nav-profil-name	nav-profile-name	css-klasse	galerie.html,index.html,konto.html,profil.html,src/app-nav.ts,src/grundelemente.css	6	Profil = profile (Glossar 6.2); Galerie/Landing/Kontoseite
notiz	note	css-klasse	admin.html,src/admin/admin.ts	6	Grundstock: notiz zu note; Verwaltung
nr	number	css-klasse	datenschutz.html,src/rechtstext.css	6	VORSCHLAG: laufende Nummer ausgeschrieben (nr ist keine etablierte Abkuerzung, 6.0); laufende Nummer (Rechtstext-Gliederung); wächter: adminmodell.test.ts+studio-baukasten.test.ts
nutzer	user	css-klasse	admin.html	6	Grundstock: nutzer zu user (4.2); Verwaltung; wächter: adminmodell.test.ts
oben	top	css-klasse	admin.html,konto.html,src/admin/admin.ts	6	VORSCHLAG: oben zu top; Verwaltung/Kontoseite; wächter: studio-tipp.test.ts
offen	open	css-klasse	admin.html,konto.html,src/karteninfo.ts,src/konto/konto.ts,src/style.css	6	Grundstock: offen zu open (4.2); Fundorte in Player und Produktseiten, spaeteste Welle 6; Verwaltung/Kontoseite/Player; wächter: adminmodell.test.ts
pfeil	arrow	css-klasse	profil.html	6	VORSCHLAG: Pfeil zu arrow; Profilseite
pflicht	required	css-klasse	src/feedbackformular.ts	6	VORSCHLAG: Pflichtfeld = required; geteilte Bausteine
pin-fehlt	pin-missing	css-klasse	public/404.html	6	VORSCHLAG: 404-Grafik: der Pin fehlt; 404 liegt ausserhalb des Builds, von Hand nachziehen; 404-Seite
primaer	primary	css-klasse	admin.html,profil.html,src/grundelemente.css,src/werkzeug.css,studio.html	6	wie das Token --primary (Grundstock); Fundorte in Studio und Produktseiten, spaeteste Welle 6; Verwaltung/Profilseite/geteilte Grundelemente; wächter: konto-tracker.test.ts
probe	swatch	css-klasse	profil.html	6	VORSCHLAG: Stil-Probe der Titelbilder = swatch; Profilseite
profilkopf	profile-header	css-klasse	profil.html	6	VORSCHLAG: Profil = profile (6.2), Kopf zu header; Profilseite
prosa	prose	css-klasse	datenschutz.html,impressum.html,src/rechtstext.css	6	VORSCHLAG: Prosa zu prose; Rechtstexte
protokoll-neu	audit-log-new	css-klasse	admin.html,src/admin/admin.ts	6	Protokoll = auditLog (Glossar 6.4); markiert neue Eintraege; Verwaltung
punkt	dot	css-klasse	galerie.html,index.html,konto.html,profil.html,src/app-nav.ts,src/grundelemente.css,src/studio/studio.ts,studio.html	6	VORSCHLAG: Punkt zu dot; Fundorte in Studio und Produktseiten, spaeteste Welle 6; Galerie/Landing/Kontoseite; wächter: studio-baukasten.test.ts
punkt-gross	dot-large	css-klasse	admin.html,src/admin/admin.ts	6	VORSCHLAG: grosser Punkt; Verwaltung
pw-auge	pw-eye	css-klasse	src/passwortfeld.ts	6	VORSCHLAG: pw bleibt (gaengige Kurzform von password, Modul wird password-field.ts); Auge = eye; Passwortfeld (Staerke-Anzeige)
pw-balken	pw-bar	css-klasse	src/passwortfeld.ts	6	VORSCHLAG: Balken zu bar; Passwortfeld (Staerke-Anzeige)
pw-huelle	pw-wrap	css-klasse	src/passwortfeld.ts	6	VORSCHLAG: Huelle = wrap; Passwortfeld (Staerke-Anzeige)
pw-s0	pw-s0	css-klasse	src/passwortfeld.ts	6	VORSCHLAG: bleibt (pw = password, s0 bis s4 = Staerkestufen, sprachneutral); Passwortfeld (Staerke-Anzeige)
pw-s1	pw-s1	css-klasse	src/passwortfeld.ts	6	VORSCHLAG: bleibt (Staerkestufe); Passwortfeld (Staerke-Anzeige)
pw-s2	pw-s2	css-klasse	src/passwortfeld.ts	6	VORSCHLAG: bleibt (Staerkestufe); Passwortfeld (Staerke-Anzeige)
pw-s3	pw-s3	css-klasse	src/passwortfeld.ts	6	VORSCHLAG: bleibt (Staerkestufe); Passwortfeld (Staerke-Anzeige)
pw-s4	pw-s4	css-klasse	src/passwortfeld.ts	6	VORSCHLAG: bleibt (Staerkestufe); Passwortfeld (Staerke-Anzeige)
pw-staerke	pw-strength	css-klasse	src/passwortfeld.ts	6	Staerke = strength (wie password-strength.ts, 6.6); Passwortfeld (Staerke-Anzeige)
pw-tipp	pw-tip	css-klasse	src/passwortfeld.ts	6	VORSCHLAG: Tipp = tip; Passwortfeld (Staerke-Anzeige)
pw-wort	pw-word	css-klasse	src/passwortfeld.ts	6	VORSCHLAG: Wort(urteil) = word; Passwortfeld (Staerke-Anzeige)
pw-zeile	pw-row	css-klasse	src/passwortfeld.ts	6	VORSCHLAG: Zeile zu row; Passwortfeld (Staerke-Anzeige)
regel	rule	css-klasse	admin.html	6	VORSCHLAG: Regel zu rule; Verwaltung
reiter	tab	css-klasse	admin.html	6	VORSCHLAG: Reiter zu tab; Verwaltung
ruht	idle	css-klasse	konto.html,src/konto/konto.ts	6	Tracker-Verbindung ruht = idle (wie Android Ruhe = Idle, 6.5); Kontoseite
rumpf	body	css-klasse	admin.html,src/grundelemente.css,studio.html	6	VORSCHLAG: Rumpf zu body; Fundorte in Studio und Produktseiten, spaeteste Welle 6; Verwaltung/geteilte Grundelemente/Studio
satz	sentence	css-klasse	public/404.html,studio.html	6	VORSCHLAG: einzelner Satz-Span (text-wrap: balance); Fundorte in Studio und Produktseiten, spaeteste Welle 6; 404 liegt ausserhalb des Builds, von Hand nachziehen; 404-Seite/Studio; wächter: einblendung-css.test.ts
sb-berg-fern	scene-mountain-far	css-klasse	index.html	6	VORSCHLAG: sb = Szenenbild; Praefix scene; Szenenbild (Landing-Hero bzw. Login-Szene)
sb-berg-nah	scene-mountain-near	css-klasse	index.html	6	VORSCHLAG: Familie scene; Szenenbild (Landing-Hero bzw. Login-Szene)
sb-flaeche	scene-ground	css-klasse	index.html	6	VORSCHLAG: Flaeche = Bodenflaeche = ground; Szenenbild (Landing-Hero bzw. Login-Szene)
sb-fortschritt	scene-progress	css-klasse	index.html	6	VORSCHLAG: Fortschritt zu progress; Szenenbild (Landing-Hero bzw. Login-Szene)
sb-glut	scene-glow	css-klasse	index.html	6	VORSCHLAG: Glut = glow; Szenenbild (Landing-Hero bzw. Login-Szene)
sb-linie	scene-line	css-klasse	index.html	6	VORSCHLAG: Linie zu line; Szenenbild (Landing-Hero bzw. Login-Szene)
sb-marke	scene-marker	css-klasse	index.html	6	VORSCHLAG: Marke = Marker auf der Route; Szenenbild (Landing-Hero bzw. Login-Szene)
sb-marke-ring	scene-marker-ring	css-klasse	index.html	6	VORSCHLAG: Familie scene-marker; Szenenbild (Landing-Hero bzw. Login-Szene)
sb-route	scene-route	css-klasse	index.html	6	VORSCHLAG: route bleibt; Szenenbild (Landing-Hero bzw. Login-Szene)
sb-zart	scene-faint	css-klasse	index.html	6	VORSCHLAG: zart = faint (wie --faint im Grundstock); Szenenbild (Landing-Hero bzw. Login-Szene)
schalter	switch	css-klasse	admin.html,konto.html,profil.html,src/profil/profilbearbeiten.ts	6	VORSCHLAG: Schalter zu switch; Verwaltung/Kontoseite/Profilseite
schalter-feld	switch-field	css-klasse	admin.html	6	VORSCHLAG: Familie switch; Verwaltung
schalter-knopf	switch-button	css-klasse	admin.html	6	VORSCHLAG: Knopf zu button (Grundstock); Verwaltung
schalter-text	switch-text	css-klasse	admin.html	6	VORSCHLAG: Familie switch; Verwaltung
scheibe	disc	css-klasse	public/404.html,studio.html	6	VORSCHLAG: Kopfscheibe des 3D-Pins = disc; Fundorte in Studio und Produktseiten, spaeteste Welle 6; 404 liegt ausserhalb des Builds, von Hand nachziehen; 404-Seite/Studio
schleier	scrim	css-klasse	profil.html,src/studio/studio.ts,studio.html	6	Glossar 6.3a: Schleier = scrim, nicht veil/overlay; Fundorte in Studio und Produktseiten, spaeteste Welle 6; Profilseite/Studio; wächter: einblendung-css.test.ts
schleier-oben	scrim-top	css-klasse	profil.html	6	Glossar 6.3a: Schleier = scrim; Profilseite
seitenkopf	page-header	css-klasse	konto.html	6	VORSCHLAG: Seite = page, Kopf = header; Kontoseite
selbst	self	css-klasse	konto.html	6	VORSCHLAG: markiert die eigene Person/das eigene Geraet; Kontoseite
sichtbar	visible	css-klasse	src/grundelemente.css,src/konto/konto.ts	6	VORSCHLAG: sichtbar zu visible; geteilte Grundelemente/Kontoseite
skelett	skeleton	css-klasse	admin.html,src/admin/admin.ts,src/studio/studio.ts,studio.html	6	VORSCHLAG: Lade-Skelett = skeleton; Fundorte in Studio und Produktseiten, spaeteste Welle 6; Verwaltung/Studio
sp-avatar-box	modal-avatar-box	css-klasse	profil.html	6	VORSCHLAG: sp = Dialogschicht von Profil/Konto; Praefix modal (dialog- ist durch .dialog-fuss der Verwaltung belegt); Speicherbalken (Konto) bzw. Profil-bearbeiten-Dialog
sp-avatar-spalte	modal-avatar-column	css-klasse	profil.html	6	VORSCHLAG: Spalte zu column; Speicherbalken (Konto) bzw. Profil-bearbeiten-Dialog
sp-avatar-weg	modal-avatar-remove	css-klasse	profil.html	6	VORSCHLAG: weg = entfernen = remove; Speicherbalken (Konto) bzw. Profil-bearbeiten-Dialog
sp-fehler	modal-error	css-klasse	src/grundelemente.css	6	VORSCHLAG: Fehler = error (Glossar 6.1); Speicherbalken (Konto) bzw. Profil-bearbeiten-Dialog
sp-feld	modal-field	css-klasse	profil.html,src/grundelemente.css	6	VORSCHLAG: Feld zu field; Speicherbalken (Konto) bzw. Profil-bearbeiten-Dialog
sp-fuss	modal-footer	css-klasse	src/grundelemente.css	6	VORSCHLAG: Fuss zu footer; Speicherbalken (Konto) bzw. Profil-bearbeiten-Dialog
sp-hinweis	modal-hint	css-klasse	konto.html,src/grundelemente.css	6	VORSCHLAG: Hinweis zu hint; Speicherbalken (Konto) bzw. Profil-bearbeiten-Dialog
sp-koerper	modal-body	css-klasse	src/grundelemente.css	6	VORSCHLAG: Koerper zu body; Speicherbalken (Konto) bzw. Profil-bearbeiten-Dialog
sp-kopf	modal-header	css-klasse	src/grundelemente.css	6	VORSCHLAG: Kopf zu header; Speicherbalken (Konto) bzw. Profil-bearbeiten-Dialog
sp-kopfreihe	modal-header-row	css-klasse	profil.html	6	VORSCHLAG: Kopfreihe = header row; Speicherbalken (Konto) bzw. Profil-bearbeiten-Dialog
sp-luft	modal-spacer	css-klasse	src/grundelemente.css	6	VORSCHLAG: Luft = Abstandshalter = spacer; Speicherbalken (Konto) bzw. Profil-bearbeiten-Dialog
sp-nebenzeile	modal-subline	css-klasse	profil.html	6	VORSCHLAG: Nebenzeile = subline; Speicherbalken (Konto) bzw. Profil-bearbeiten-Dialog
sp-reihe	modal-row	css-klasse	profil.html	6	VORSCHLAG: Reihe zu row (visuell, nicht order); Speicherbalken (Konto) bzw. Profil-bearbeiten-Dialog
sp-schalterzeile	modal-switch-row	css-klasse	profil.html	6	VORSCHLAG: Schalterzeile = switch row; Speicherbalken (Konto) bzw. Profil-bearbeiten-Dialog
spalte	column	css-klasse	datenschutz.html,impressum.html,src/rechtstext.css	6	VORSCHLAG: Spalte zu column; Rechtstexte
speicher	storage	css-klasse	konto.html	6	Glossar 6.2: Speicher (Quota) = storage; Kontoseite
speicher-warnung	storage-warning	css-klasse	konto.html	6	Glossar 6.2: storage; Warnung zu warning; Kontoseite
speicherbalken	storage-bar	css-klasse	konto.html	6	Glossar 6.2: storage; Balken zu bar; Kontoseite
sperre	locked	css-klasse	admin.html	6	VORSCHLAG: Zugriffs-Sperrbildschirm der Verwaltung (kein Zugriff) = locked; Verwaltung
stand	as-of	css-klasse	datenschutz.html,src/rechtstext.css	6	VORSCHLAG: Stand-Zeile der Rechtstexte (Stand: 5. August 2026) = as-of; NICHT der Entwicklungsstand (der wird stage-); Entwicklungsstand-Hinweis an der Wortmarke; wächter: studio-abspielen.test.ts
stand-fuss	stage-footer	css-klasse	src/entwicklungsstand.ts	6	VORSCHLAG: stand = Entwicklungsstand; Praefix stage (Modul wird release-stage.ts, 6.6); Entwicklungsstand-Hinweis an der Wortmarke
stand-hinweis	stage-hint	css-klasse	admin.html,galerie.html,index.html,konto.html,profil.html,src/entwicklungsstand.ts,src/grundelemente.css,studio.html	6	VORSCHLAG: Familie stage; Hinweis zu hint; Fundorte in Studio und Produktseiten, spaeteste Welle 6; Entwicklungsstand-Hinweis an der Wortmarke; wächter: entwicklungsstand.test.ts
stand-inline	stage-inline	css-klasse	src/grundelemente.css,studio.html	6	VORSCHLAG: Familie stage; Fundorte in Studio und Produktseiten, spaeteste Welle 6; Entwicklungsstand-Hinweis an der Wortmarke
stand-karte	stage-card	css-klasse	src/entwicklungsstand.ts	6	VORSCHLAG: Karte = card (Glossar); Entwicklungsstand-Hinweis an der Wortmarke
stand-link	stage-link	css-klasse	src/entwicklungsstand.ts	6	VORSCHLAG: Familie stage; Entwicklungsstand-Hinweis an der Wortmarke
stand-punkte	stage-points	css-klasse	src/entwicklungsstand.ts	6	VORSCHLAG: die drei Punkte des Kaertchens = points; Entwicklungsstand-Hinweis an der Wortmarke
stat-zeile	stat-row	css-klasse	admin.html,src/admin/admin.ts	6	VORSCHLAG: Zeile zu row; stat bleibt; Statistiken der Verwaltung
statistiken-grid	stats-grid	css-klasse	admin.html	6	Statistiken = stats (wie /api/admin/stats, 6.7); Verwaltung
statistiken-spalten	stats-columns	css-klasse	admin.html	6	stats (6.7); Spalten zu columns; Verwaltung
status-wahl	status-picker	css-klasse	admin.html,src/admin/admin.ts	6	VORSCHLAG: Wahl einheitlich zu picker; Verwaltung
step-bild	step-image	css-klasse	index.html	6	VORSCHLAG: Bild zu image; Landing
step-buehne	step-stage	css-klasse	index.html	6	VORSCHLAG: Buehne = stage wie Teil A (editor-buehne zu editor-stage); Landing
stil	style	css-klasse	profil.html,src/profil/profilbearbeiten.ts	6	VORSCHLAG: Titelbild-Stil-Kachel im Profil-Bearbeiten; Profilseite
stil-eigenes	style-custom	css-klasse	profil.html	6	VORSCHLAG: eigener Titelbild-Stil; Profilseite
stile	styles	css-klasse	profil.html	6	VORSCHLAG: Raster der Titelbild-Stile; Profilseite
stile-titel	styles-title	css-klasse	profil.html	6	VORSCHLAG: ; Profilseite
still	subtle	css-klasse	admin.html,konto.html,src/admin/admin.ts,src/grundelemente.css	6	VORSCHLAG: leiser Knopf-Stil; NICHT quiet, das vergibt Teil A fuer .leise, beide treffen sich im Studio-Dokument; Verwaltung/Kontoseite/geteilte Grundelemente
store-soon-reihe	store-soon-row	css-klasse	index.html	6	VORSCHLAG: Reihe = row wie Teil A band-reihe; Landing
suchfeld	search-field	css-klasse	admin.html	6	VORSCHLAG: ; Verwaltung
szene	scene	css-klasse	public/404.html	6	VORSCHLAG: wie Teil A login-szene zu login-scene; 404 liegt ausserhalb des Builds, von Hand nachziehen; Login-Szene des Studios
tafel	card	css-klasse	konto.html	6	folgt Grundstock --tafel zu --card (DESIGN-Token card); Kontoseite; KOLLISION: Teil A gibt .karte (Galerie/Studio-Kachel) ebenfalls .card, andere Dateien, Zusammenfuehrung pruefen
tc-ende	tour-card-end	css-klasse	index.html	6	VORSCHLAG: tc = Tour-Karte der Landing, Elternklasse .tour-card ist schon englisch; Praefix ausgeschrieben wie Teil A es mit insp-/ki- tut; Tour-Karten der Landing
tc-linie	tour-card-line	css-klasse	index.html	6	VORSCHLAG: ; Tour-Karten der Landing
tc-spur	tour-card-track	css-klasse	index.html	6	GPS-Spur = track (Paragraf 6.1); Praefix tour-card- s. tc-ende; Tour-Karten der Landing
teil	part	css-klasse	index.html	6	VORSCHLAG: wie Teil A ku-teil zu readout-part; Landing; wächter: adminmodell.test.ts+konto-tracker.test.ts+studio-abspielen.test.ts+studio-nachreichen.test.ts
titel	title	css-klasse	profil.html,src/profil/profil.ts	6	titel zu title wie Paragraf 6.8 mail_templates; Profilseite; wächter: entwicklungsstand.test.ts+galerie.test.ts+kartenmaler.test.ts
touren	tours	css-klasse	profil.html	6	Tour bleibt tour (Paragraf 6.1); Profilseite; wächter: profilmodell.test.ts
touren-kopf	tours-header	css-klasse	profil.html	6	VORSCHLAG: Kopf = header wie Teil A; Profilseite
touren-mehr	tours-more	css-klasse	index.html	6	VORSCHLAG: ; Landing
ueber	about	css-klasse	profil.html	6	VORSCHLAG: Ueber-Abschnitt der Profilseite; Profilseite
unbestaetigt	unconfirmed	css-klasse	admin.html	6	VORSCHLAG: ; Verwaltung; wächter: adminmodell.test.ts
unten	bottom	css-klasse	admin.html,src/admin/admin.ts	6	VORSCHLAG: ; Verwaltung; wächter: studio-tipp.test.ts
unterzeile	subline	css-klasse	admin.html,studio.html	6	VORSCHLAG: wie Teil A sp-nebenzeile zu modal-subline; Fundorte in Produktseiten und Studio, spaeteste Welle 6; Verwaltung/Studio; wächter: galerie.test.ts
verlauf	history	css-klasse	konto.html	6	VORSCHLAG: Import-Chronik der Kontoseite; das gleichnamige SVG-Verlaufs-id der 404 wird gradient; Kontoseite
voll	full	css-klasse	index.html,src/app-nav.ts,src/grundelemente.css,src/studio/studio.ts,studio.html	6	VORSCHLAG: ; Fundorte in Produktseiten und Studio, spaeteste Welle 6; Landing/geteilte Bausteine/geteilte Grundelemente; wächter: studio-baukasten.test.ts
vorsatz-feld	prefix-field	css-klasse	profil.html	6	VORSCHLAG: Feld mit festem Vorsatz-Text vor dem Input (z. B. Handle-Praefix); Profilseite
vorschau-betreff	preview-subject	css-klasse	admin.html	6	betreff zu subject (Paragraf 6.8); Verwaltung
vorschau-rahmen	preview-frame	css-klasse	admin.html	6	VORSCHLAG: Rahmen = frame wie Teil A export-rahmen; Verwaltung
vorspann	intro	css-klasse	feedback.html	6	VORSCHLAG: Einleitungsabsatz der Feedback-Seite; Feedback-Seite
wann	when	css-klasse	konto.html	6	VORSCHLAG: Zeitspalte der Geraeteliste; Kontoseite
warnung	warning	css-klasse	admin.html,studio.html	6	VORSCHLAG: ; Fundorte in Produktseiten und Studio, spaeteste Welle 6; Verwaltung/Studio; wächter: adminmodell.test.ts+studio-pruefung.test.ts
warnzeile	warning-row	css-klasse	admin.html	6	VORSCHLAG: Zeile = row wie Teil A; Verwaltung
weg-lose	path-dashed	css-klasse	public/404.html	6	VORSCHLAG: gestrichelter Routenzug der 404-Szene (stroke-dasharray); 404 liegt ausserhalb des Builds, von Hand nachziehen; 404-Seite
weg-voll	path-solid	css-klasse	public/404.html	6	VORSCHLAG: durchgezogener Routenzug der 404-Szene; 404 liegt ausserhalb des Builds, von Hand nachziehen; 404-Seite
wege	paths	css-klasse	public/404.html	6	VORSCHLAG: Linkliste unter der 404-Szene; 404 liegt ausserhalb des Builds, von Hand nachziehen; 404-Seite
werkzeuge	tools	css-klasse	admin.html,src/studio/editor.ts,studio.html	6	VORSCHLAG: ; Fundorte in Produktseiten und Studio, spaeteste Welle 6; Verwaltung/Studio
wichtig	important	css-klasse	admin.html	6	VORSCHLAG: ; Verwaltung
zaehler	counter	css-klasse	profil.html	6	VORSCHLAG: wie Teil A feld-zaehler zu field-counter; Profilseite
zahl	number	css-klasse	admin.html,src/studio/studio.ts,studio.html	6	VORSCHLAG: Zahl-Marke (Anzahl gebuendelter Aufnahmen, in der Verwaltung auch Code-Token); wie Teil A nr zu number; Fundorte in Produktseiten und Studio, spaeteste Welle 6; Verwaltung/Studio; wächter: profilmodell.test.ts; KOLLISION: Teil A gibt .nr (Rechtstexte) ebenfalls .number, andere Blaetter, Zusammenfuehrung pruefen
zeigt	showing	css-klasse	admin.html,src/admin/admin.ts,src/studio/editor.ts,studio.html	6	VORSCHLAG: Sichtbar-Zustand von Toast/Tooltip, Partizip wie Teil A; Fundorte in Produktseiten und Studio, spaeteste Welle 6; Verwaltung/Studio
zeile	row	css-klasse	admin.html,konto.html,src/admin/admin.ts,src/konto/konto.ts,src/studio/studio.ts,studio.html	6	VORSCHLAG: wie Teil A sfx-zeile zu sfx-row; Fundorte in Produktseiten und Studio, spaeteste Welle 6; Listenzeilen der Verwaltung
zeile-einladung	row-invitation	css-klasse	admin.html,src/admin/admin.ts	6	einladungen = invitations (Paragraf 6.7); Listenzeilen der Verwaltung
zeile-konto	row-account	css-klasse	admin.html,src/admin/admin.ts	6	Konto = account (Paragraf 6.2); s. Bemerkung bei konten-liste; Listenzeilen der Verwaltung
zeile-protokoll	row-audit-log	css-klasse	admin.html,src/admin/admin.ts	6	Protokoll = auditLog (Paragraf 6.4); Listenzeilen der Verwaltung
zeile-rueckmeldung	row-feedback	css-klasse	src/admin/admin.ts	6	Rueckmeldung = feedback (Paragraf 6.4); Listenzeilen der Verwaltung
zeile-warteliste	row-waitlist	css-klasse	admin.html,src/admin/admin.ts	6	Paragraf 6.7; Listenzeilen der Verwaltung
zeit	time	css-klasse	admin.html,src/admin/admin.ts,src/studio/editor.ts,studio.html	6	VORSCHLAG: ; Fundorte in Produktseiten und Studio, spaeteste Welle 6; Verwaltung/Studio; wächter: studio-nachreichen.test.ts
zerstoerend	destructive	css-klasse	admin.html	6	VORSCHLAG: ; Verwaltung
zitat	quote	css-klasse	admin.html,src/admin/admin.ts	6	VORSCHLAG: ; Verwaltung
zurueck	exit-pill	css-klasse	datenschutz.html,erlebnis.html,impressum.html,public/404.html,src/main.ts,src/rechtstext.css,src/style.css	6	Grundstock .zurueck zu .exit-pill (Paragraf 6.3a exitPill); dieselbe Klasse dient auf Rechtstexten und 404 als Weg zurueck; Fundorte in Produktseiten und Player, spaeteste Welle 6; 404 liegt ausserhalb des Builds, von Hand nachziehen; Rechtstexte/Player/404-Seite; wächter: player-schichtung.test.ts
zusatz	extra	css-klasse	admin.html,src/werkzeug.css	6	VORSCHLAG: Zusatz-Text im Label (werkzeug.css-Baustein); Verwaltung/Werkzeug-Bausteine
--akzent	--primary	css-variable	src/basis.css; alle Blätter/Seiten	6	VORSCHLAG nach DESIGN.md-Token primary; Drift-Wächter test/basis-css.test.ts wird einfacher
--akzent	--primary	css-variable	admin.html,erlebnis.html,galerie.html,index.html,konto.html,profil.html,public/404.html,src/basis.css,src/entwicklungsstand.ts,src/exportfilm.ts,src/feedbackformular.ts,src/grundelemente.css,src/konto/konto.ts,src/rechtstext.css,src/style.css,src/werkzeug.css,studio.html	6	Grundstock: --akzent zu --primary (DESIGN-Token); Fundorte in Studio und Player und Produktseiten, spaeteste Welle 6; 404 liegt ausserhalb des Builds, von Hand nachziehen; Markenfarbe Amber: Design-Token; wächter: basis-css.test.ts
--akzent-2	--secondary	css-variable	src/basis.css	6	VORSCHLAG (DESIGN: secondary/coral)
--akzent-2	--secondary	css-variable	admin.html,erlebnis.html,index.html,profil.html,public/404.html,src/basis.css,src/exportfilm.ts,src/grundelemente.css,src/konto/konto.ts,src/style.css,src/werkzeug.css,studio.html	6	Grundstock: --secondary (DESIGN: secondary/coral); Fundorte in Studio und Player und Produktseiten, spaeteste Welle 6; 404 liegt ausserhalb des Builds, von Hand nachziehen; zweite Akzentstufe: Design-Token; wächter: basis-css.test.ts
--auf-akzent	--on-cta	css-variable	src/basis.css	6	VORSCHLAG (DESIGN: on-cta)
--auf-akzent	--on-cta	css-variable	index.html,profil.html,src/basis.css,src/exportfilm.ts,src/feedbackformular.ts,src/grundelemente.css,src/style.css,src/werkzeug.css,studio.html	6	Grundstock: --on-cta (DESIGN: on-cta); Fundorte in Studio und Player und Produktseiten, spaeteste Welle 6; Textfarbe auf Akzentflaeche: Design-Token; wächter: basis-css.test.ts
--bg-tief	--bg-deep	css-variable	src/basis.css	6	VORSCHLAG (DESIGN: bg-deep)
--bg-tief	--bg-deep	css-variable	admin.html,erlebnis.html,feedback.html,galerie.html,index.html,konto.html,profil.html,public/404.html,src/basis.css,src/feedbackformular.ts,src/grundelemente.css,src/rechtstext.css,src/style.css,src/werkzeug.css,studio.html	6	Grundstock: --bg-deep (DESIGN: bg-deep); Fundorte in Studio und Player und Produktseiten, spaeteste Welle 6; 404 liegt ausserhalb des Builds, von Hand nachziehen; tiefster Hintergrund: Design-Token; wächter: basis-css.test.ts
--blatt-basis	--sheet-base	css-variable	src/basis.css; vite.config.js basisZuerst()	6	VORSCHLAG; WERKZEUG: vite.config erkennt daran die Basisblätter, im selben Commit, kippt sonst NUR im Build
--blatt-basis	--sheet-base	css-variable	src/basis.css	6	Grundstock: --sheet-base; WERKZEUG: basisZuerst() in vite.config.js erkennt daran die Basisblaetter, im selben Commit nachziehen, kippt sonst NUR im Build; Marker-Property des Basis-Blatts; wächter: basis-css.test.ts; werkzeug
--blatt-grundelemente	--sheet-page-elements	css-variable	src/grundelemente.css	6	VORSCHLAG; werkzeug
--blatt-werkzeug	--sheet-toolkit	css-variable	src/werkzeug.css	6	VORSCHLAG; werkzeug
--blau	--info	css-variable	src/basis.css	6	VORSCHLAG (DESIGN: info)
--blau	--info	css-variable	admin.html,src/basis.css,src/konto/konto.ts,studio.html	6	Grundstock: --info (DESIGN: info); Fundorte in Studio und Produktseiten, spaeteste Welle 6; Signalfarbe blau: Design-Token; wächter: basis-css.test.ts
--fl-1	--surface-1	css-variable	src/basis.css	6	VORSCHLAG (DESIGN: surface-1); fl = Fläche, deutsch abgekürzt; auch --fl-2/--fl-3
--fl-1	--surface-1	css-variable	admin.html,erlebnis.html,src/basis.css,src/entwicklungsstand.ts,src/feedbackknopf.ts,src/grundelemente.css,studio.html	6	Grundstock: --surface-1 (DESIGN: surface-1, fl = Flaeche); Fundorte in Studio und Player und Produktseiten, spaeteste Welle 6; Flaechenfarbe 1 (Karten, ruhige Tafeln): Design-Token; wächter: basis-css.test.ts
--fl-2	--surface-2	css-variable	admin.html,index.html,profil.html,src/basis.css,src/grundelemente.css,src/werkzeug.css,studio.html	6	Grundstock (auch --fl-2/--fl-3 laut Eintrag --fl-1); Fundorte in Studio und Produktseiten, spaeteste Welle 6; Flaechenfarbe 2 (Knoepfe, gehobene Zeilen): Design-Token; wächter: basis-css.test.ts
--fl-3	--surface-3	css-variable	admin.html,src/basis.css,src/grundelemente.css,src/werkzeug.css,studio.html	6	Grundstock (auch --fl-2/--fl-3 laut Eintrag --fl-1); Fundorte in Studio und Produktseiten, spaeteste Welle 6; Flaechenfarbe 3 (Zeigen-Zustand): Design-Token; wächter: basis-css.test.ts
--fokus-ring	--focus-ring	css-variable	src/basis.css; test/basis-css.test.ts	6	VORSCHLAG (DESIGN: focus-ring); Wächter liest den Namen als Text
--fokus-ring	--focus-ring	css-variable	profil.html,src/basis.css,src/grundelemente.css,src/werkzeug.css,studio.html	6	Grundstock: --focus-ring (DESIGN: focus-ring); Waechter liest den Namen als Text; Fundorte in Studio und Produktseiten, spaeteste Welle 6; Fokus-Halo (DESIGN.md-Fokusregel); wächter: basis-css.test.ts
--glas	--glass	css-variable	src/basis.css	6	VORSCHLAG (DESIGN: glass)
--glas	--glass	css-variable	src/basis.css,src/exportfilm.ts,src/style.css	6	Grundstock: --glass (DESIGN: glass); Fundorte in Player und Produktseiten, spaeteste Welle 6; Glasflaeche: Design-Token; wächter: basis-css.test.ts
--glas-rand	--glass-border	css-variable	src/basis.css	6	VORSCHLAG (DESIGN: glass-border)
--glas-rand	--glass-border	css-variable	src/basis.css,src/entwicklungsstand.ts,src/exportfilm.ts,src/feedbackknopf.ts,src/style.css	6	Grundstock: --glass-border (DESIGN: glass-border); Fundorte in Player und Produktseiten, spaeteste Welle 6; Rand auf Glas: Design-Token; wächter: basis-css.test.ts
--gruen	--success	css-variable	src/basis.css	6	VORSCHLAG (DESIGN: success)
--gruen	--success	css-variable	admin.html,konto.html,src/basis.css,src/feedbackformular.ts,src/grundelemente.css,src/passwortfeld.ts,src/werkzeug.css,studio.html	6	Grundstock: --success (DESIGN: success); Fundorte in Studio und Produktseiten, spaeteste Welle 6; Signalfarbe gruen: Design-Token; wächter: basis-css.test.ts
--hero-luft	--hero-space	css-variable	index.html	6	VORSCHLAG: Luft = Abstand, hier space; konsistent mit den anderen Luft-Variablen; vertikale Luft im Landing-Hero
--konto-lesebreite	--account-reading-width	css-variable	src/grundelemente.css; konto.html	6	VORSCHLAG
--konto-lesebreite	--account-reading-width	css-variable	konto.html,src/grundelemente.css	6	Grundstock: --account-reading-width; Lesebreite der Kontoseite
--lesebreite	--reading-width	css-variable	src/rechtstext.css	6	VORSCHLAG
--lila	--accent-violet	css-variable	src/basis.css	6	VORSCHLAG (DESIGN: accent-violet)
--lila	--accent-violet	css-variable	src/basis.css,src/konto/konto.ts,studio.html	6	Grundstock: --accent-violet (DESIGN: accent-violet); Fundorte in Studio und Produktseiten, spaeteste Welle 6; Signalfarbe lila: Design-Token; wächter: basis-css.test.ts
--linie	--line	css-variable	src/basis.css	6	VORSCHLAG (DESIGN: line)
--linie	--line	css-variable	galerie.html,index.html,konto.html,profil.html,src/basis.css,src/entwicklungsstand.ts,src/grundelemente.css,src/rechtstext.css,studio.html	6	Grundstock: --line (DESIGN: line); Fundorte in Studio und Produktseiten, spaeteste Welle 6; Linienfarbe: Design-Token; wächter: basis-css.test.ts
--luft-band	--band-space	css-variable	index.html	6	VORSCHLAG: Luft zu space; Band bleibt (englisch lesbar); Abschnitts-Abstand der Landing; wächter: basis-css.test.ts
--luft-gitter	--grid-space	css-variable	index.html	6	VORSCHLAG: Luft zu space, Gitter zu grid; Gitter-Abstand der Landing
--luft-kopf	--header-space	css-variable	index.html	6	VORSCHLAG: Luft zu space, Kopf zu header; Kopf-Abstand der Landing
--nav-marken-gap	--nav-brand-gap	css-variable	index.html,src/app-nav.ts,src/grundelemente.css	6	VORSCHLAG: Marke = Wortmarke, im Kopfleisten-Kontext brand; Abstand Marke-Nav in der Kopfleiste
--navh	--nav-h	css-variable	index.html	6	VORSCHLAG: navh auseinandergezogen zu nav-h (h = height); Hoehe der Landing-Kopfleiste (h = Hoehe), von index.html-Skript gesetzt
--navh-leiste	--nav-bar-h	css-variable	index.html	6	VORSCHLAG; Ist-Zweck vor Abnahme prüfen
--papier	--paper	css-variable	src/basis.css	6	VORSCHLAG (DESIGN: paper)
--papier	--paper	css-variable	src/basis.css,src/style.css	6	Grundstock: --paper (DESIGN: paper); Fundorte in Player und Produktseiten, spaeteste Welle 6; Papierflaeche: Design-Token; wächter: basis-css.test.ts
--radius-karte	--radius-card	css-variable	src/basis.css	6	VORSCHLAG (DESIGN rounded: card); Galerie-Karte, weder map noch photo-card
--radius-karte	--radius-card	css-variable	admin.html,galerie.html,index.html,konto.html,profil.html,src/basis.css,src/style.css,studio.html	6	Grundstock: --radius-card (Galerie-Karte, weder map noch photo-card); Fundorte in Studio und Player und Produktseiten, spaeteste Welle 6; Eckradius fuer Karten: Design-Token; wächter: basis-css.test.ts
--rand	--border	css-variable	src/basis.css	6	ENTSCHIEDEN 2026-08-20 (Abnahme): DESIGN.md bekommt ein allgemeines border-Token; DESIGN-Token heißt topbar-border, entweder bleibt eine Rest-Übersetzung im Wächter oder DESIGN.md bekommt ein border-Token
--rand	--border	css-variable	admin.html,konto.html,profil.html,public/404.html,src/basis.css,src/feedbackformular.ts,src/grundelemente.css,src/passwortfeld.ts,src/rechtstext.css,src/werkzeug.css,studio.html	6	ENTSCHIEDEN 2026-08-20 (Abnahme): DESIGN.md bekommt ein allgemeines border-Token; DESIGN-Token heisst topbar-border, entweder Rest-Uebersetzung im Waechter oder DESIGN.md bekommt ein border-Token; Fundorte in Studio und Produktseiten, spaeteste Welle 6; 404 liegt ausserhalb des Builds, von Hand nachziehen; Randfarbe: Design-Token; wächter: basis-css.test.ts
--rand-hell	--border-strong	css-variable	src/basis.css	6	VORSCHLAG (DESIGN: border-strong)
--rand-hell	--border-strong	css-variable	admin.html,konto.html,profil.html,src/basis.css,src/grundelemente.css,src/rechtstext.css,src/werkzeug.css,studio.html	6	Grundstock: --border-strong (DESIGN: border-strong); Fundorte in Studio und Produktseiten, spaeteste Welle 6; helle Randfarbe: Design-Token; wächter: basis-css.test.ts
--rot	--danger	css-variable	src/basis.css	6	VORSCHLAG (DESIGN: danger)
--rot	--danger	css-variable	admin.html,konto.html,src/basis.css,src/feedbackformular.ts,src/passwortfeld.ts,src/werkzeug.css,studio.html	6	Grundstock: --danger (DESIGN: danger); Fundorte in Studio und Produktseiten, spaeteste Welle 6; Signalfarbe rot: Design-Token; wächter: basis-css.test.ts
--schatten	--shadow	css-variable	src/basis.css	6	VORSCHLAG (DESIGN-Tiefe: shadow)
--schatten	--shadow	css-variable	src/basis.css,studio.html	6	Grundstock: --shadow (DESIGN-Tiefe: shadow); Fundorte in Studio und Produktseiten, spaeteste Welle 6; Schattenfarbe: Design-Token; wächter: basis-css.test.ts
--seitenrand	--page-margin	css-variable	index.html	6	VORSCHLAG
--seitenrand	--page-margin	css-variable	index.html,src/basis.css	6	Grundstock: --page-margin; Seitenabstand der Landing
--step-luft-o	--step-pad-top	css-variable	index.html	6	VORSCHLAG: Innenabstand oben, deshalb pad-top statt space; Innenabstand oben der Landing-Steps
--step-luft-x	--step-pad-x	css-variable	index.html	6	VORSCHLAG: Innenabstand seitlich, pad-x; Innenabstand seitlich der Landing-Steps
--tafel	--card	css-variable	src/basis.css	6	VORSCHLAG (DESIGN: card)
--tafel	--card	css-variable	galerie.html,konto.html,profil.html,src/basis.css	6	Grundstock: --card (DESIGN: card); Tafelflaeche: Design-Token; wächter: basis-css.test.ts
--text-gedaempft	--muted	css-variable	src/basis.css	6	VORSCHLAG (DESIGN: muted)
--text-gedaempft	--muted	css-variable	galerie.html,index.html,konto.html,profil.html,src/basis.css,src/exportfilm.ts,src/grundelemente.css,src/rechtstext.css,src/style.css,studio.html	6	Grundstock: --muted (DESIGN: muted); Fundorte in Studio und Player und Produktseiten, spaeteste Welle 6; gedaempfte Textstufe: Design-Token; wächter: basis-css.test.ts
--text-zart	--faint	css-variable	src/basis.css	6	VORSCHLAG (DESIGN: faint)
--text-zart	--faint	css-variable	galerie.html,index.html,konto.html,profil.html,src/basis.css,src/grundelemente.css,src/rechtstext.css,studio.html	6	Grundstock: --faint (DESIGN: faint); Fundorte in Studio und Produktseiten, spaeteste Welle 6; zarte Textstufe: Design-Token; wächter: basis-css.test.ts
dabei	signedIn	dataset-schluessel	index.html,src/grundelemente.css	6	VORSCHLAG: dabei = angemeldet (session-hinweis); KONFLIKT: Teil A deutet nav-dabei als join, Zusammenfuehrung abgleichen; Landing/geteilte Grundelemente; wächter: app-nav.test.ts+session-hinweis.test.ts
gast	guest	dataset-schluessel	index.html,src/grundelemente.css	6	VORSCHLAG: ; Landing/geteilte Grundelemente; wächter: session-hinweis.test.ts
schliessen	close	dataset-schluessel	src/entwicklungsstand.ts	6	VORSCHLAG: schliessen = close wie Teil A; geteilte Bausteine
src/admin/adminmodell.ts	src/admin/admin-model.ts	datei	src/admin/adminmodell.ts	6	§6.6
src/basis.css	src/base.css	datei	src/basis.css; <link> in HTML-Köpfen; vite.config.js basisZuerst()	6	§6.6; Naht §3.3, danach Dev UND Build ansehen
src/dialogschicht.ts	src/dialog-layer.ts	datei	src/dialogschicht.ts	6	§6.6
src/einladungscode.ts	src/invitation-code.ts	datei	src/einladungscode.ts	6	§6.6
src/entwicklungsstand.ts	src/release-stage.ts	datei	src/entwicklungsstand.ts	6	§6.6
src/feedbackformular.ts	src/feedback-form.ts	datei	src/feedbackformular.ts	6	§6.6
src/feedbackknopf.ts	src/feedback-button.ts	datei	src/feedbackknopf.ts	6	§6.6
src/feedbackmodell.ts	src/feedback-model.ts	datei	src/feedbackmodell.ts	6	§6.6
src/galerie/galeriemodell.ts	src/galerie/gallery-model.ts	datei	src/galerie/galeriemodell.ts	6	§6.6
src/grundelemente.css	src/page-elements.css	datei	src/grundelemente.css; <link> in HTML-Köpfen	6	§6.6
src/konto/kontodialoge.ts	src/konto/account-dialogs.ts	datei	src/konto/kontodialoge.ts	6	§6.6
src/konto/kontomodell.ts	src/konto/account-model.ts	datei	src/konto/kontomodell.ts	6	§6.6
src/konto/trackerkarte.ts	src/konto/tracker-card.ts	datei	src/konto/trackerkarte.ts	6	§6.6
src/konto/trackermodell.ts	src/konto/tracker-model.ts	datei	src/konto/trackermodell.ts	6	§6.6
src/passwortfeld.ts	src/password-field.ts	datei	src/passwortfeld.ts	6	§6.6
src/passwortstaerke.ts	src/password-strength.ts	datei	src/passwortstaerke.ts	6	§6.6
src/profil/profilbearbeiten.ts	src/profil/edit-profile.ts	datei	src/profil/profilbearbeiten.ts	6	§6.6
src/profil/profilmodell.ts	src/profil/profile-model.ts	datei	src/profil/profilmodell.ts	6	§6.6; Ordnername eigener Eintrag
src/profil/titelbilder.ts	src/profil/profile-banners.ts	datei	src/profil/titelbilder.ts	6	§6.6
src/rechtstext.css	src/legal-text.css	datei	src/rechtstext.css; <link> in HTML-Köpfen	6	§6.6
src/rechtstextgliederung.ts	src/legal-text-outline.ts	datei	src/rechtstextgliederung.ts	6	§6.6
src/routen.ts	src/routes.ts	datei	src/routen.ts	6	§6.6; vite.config.js importiert im selben Commit (Naht §3.3)
src/session-hinweis.ts	src/session-notice.ts	datei	src/session-hinweis.ts	6	§6.6
src/sichtbarkeit.ts	src/visibility.ts	datei	src/sichtbarkeit.ts	6	§6.6
src/werkzeug.css	src/toolkit.css	datei	src/werkzeug.css; <link> in HTML-Köpfen	6	§6.6
abmelden	logout	dom-id	src/app-nav.ts,studio.html	6	VORSCHLAG: wie Teil A abmelden zu logout; Fundorte in Produktseiten und Studio, spaeteste Welle 6; geteilte Bausteine/Studio
aenderungen	changes	dom-id	datenschutz.html	6	VORSCHLAG: Rechtstext-Anker, Gliederung baut sich aus den ids; Rechtstexte
anreicherung	enrichment	dom-id	datenschutz.html	6	Anreicherung = enrichment (Paragraf 6.4); Rechtstext-Anker; Rechtstexte
app-fassung	app-version	dom-id	index.html	6	VORSCHLAG: Fassung = Version des APK-Downloads; Landing; wächter: versionen.test.ts
ausfransen	fray-mask	dom-id	public/404.html	6	VORSCHLAG: SVG-Maske, die den Routenzug ausfransen laesst; 404 liegt ausserhalb des Builds, von Hand nachziehen; 404-Seite
benutzer-chip	user-chip	dom-id	src/app-nav.ts,studio.html	6	Benutzer = user (Paragraf 6.2); Fundorte in Produktseiten und Studio, spaeteste Welle 6; geteilte Bausteine/Studio; wächter: app-nav.test.ts
benutzer-initial	user-initial	dom-id	src/app-nav.ts,src/studio/studio.ts,studio.html	6	Paragraf 6.2; Fundorte in Produktseiten und Studio, spaeteste Welle 6; geteilte Bausteine/Studio
benutzer-name	user-name	dom-id	src/app-nav.ts,src/studio/studio.ts,studio.html	6	Paragraf 6.2; Fundorte in Produktseiten und Studio, spaeteste Welle 6; geteilte Bausteine/Studio
btn-bearbeiten	btn-edit	dom-id	profil.html,src/profil/profilbearbeiten.ts	6	VORSCHLAG: ; Profilseite
btn-loeschen	btn-delete	dom-id	konto.html,src/konto/konto.ts	6	VORSCHLAG: loeschen = delete wie Teil A sfx-loeschen; Kontoseite
btn-passwort	btn-password	dom-id	konto.html,src/konto/konto.ts	6	Paragraf 6.7 passwort zu password; Kontoseite
btn-teilen	btn-share	dom-id	profil.html,src/profil/profil.ts	6	VORSCHLAG: ; Profilseite
btn-titelbild	btn-banner	dom-id	profil.html,src/profil/profilbearbeiten.ts	6	Profil-Titelbild = banner (Paragraf 6.1); Profilseite
buehne	stage	dom-id	konto.html,profil.html,src/konto/konto.ts,src/profil/profil.ts	6	VORSCHLAG: Buehne = stage (Paragraf 6.3a); Kontoseite/Profilseite
daten	data	dom-id	datenschutz.html	6	VORSCHLAG: Rechtstext-Anker; Rechtstexte
dauer	retention	dom-id	datenschutz.html	6	VORSCHLAG: Anker von Abschnitt 10 Speicherdauer, also Frist, nicht duration; Rechtstexte; wächter: tourtexte.test.ts
ed-abbrechen	invitation-cancel	dom-id	admin.html	6	ed = Einladungs-Dialog; einladung = invitation (Paragraf 6.7), Praefix ausgeschrieben; Verwaltung
ed-fehler	invitation-error	dom-id	admin.html,src/admin/admin.ts	6	s. ed-abbrechen; Verwaltung
ed-gueltig	invitation-validity	dom-id	admin.html	6	VORSCHLAG: Gueltig-Auswahl (Ablauffrist) im Einladungs-Dialog; Verwaltung
ed-notiz	invitation-note	dom-id	admin.html	6	notiz = note (Paragraf 6.8); Verwaltung
einblick	glimpse	dom-id	index.html	6	VORSCHLAG: Anker des App-Screenshot-Sliders (Ein Einblick in die App); Landing
einladung-dialog	invitation-dialog	dom-id	admin.html	6	Paragraf 6.7; Verwaltung
einladung-form	invitation-form	dom-id	admin.html	6	Paragraf 6.7; Verwaltung
einladung-neu	invitation-new	dom-id	admin.html	6	Paragraf 6.7; Verwaltung
einladungen-filter	invitations-filter	dom-id	admin.html,src/admin/admin.ts	6	Paragraf 6.7 einladungen zu invitations; Verwaltung
einladungen-liste	invitations-list	dom-id	admin.html,src/admin/admin.ts	6	Paragraf 6.7; Verwaltung
einladungen-suche	invitations-search	dom-id	admin.html	6	Paragraf 6.7; Verwaltung
empfaenger	recipients	dom-id	datenschutz.html	6	VORSCHLAG: Rechtstext-Anker; Rechtstexte
ex-stand	data-export-status	dom-id	konto.html,src/konto/konto.ts	6	Datenexport = dataExport (Paragraf 6.1), nicht bloss export; Kontoseite
fb-kontext	feedback-context	dom-id	src/feedbackformular.ts	6	Rueckmeldung = feedback (Paragraf 6.4); Teil A schreibt fb- als feedback- aus; Feedback-Dialog
fd-ja	confirm-yes	dom-id	admin.html	6	VORSCHLAG: fd = Frage-Dialog (Bestaetigen) der Verwaltung, wird confirm-; Frage-Dialog (Bestaetigen) im Studio
fd-nein	confirm-no	dom-id	admin.html	6	VORSCHLAG: s. fd-ja; Frage-Dialog (Bestaetigen) im Studio
fd-text	confirm-text	dom-id	admin.html,src/admin/admin.ts	6	VORSCHLAG: s. fd-ja; Frage-Dialog (Bestaetigen) im Studio
fd-titel	confirm-title	dom-id	admin.html,src/admin/admin.ts	6	VORSCHLAG: s. fd-ja; Frage-Dialog (Bestaetigen) im Studio
frage-dialog	confirm-dialog	dom-id	admin.html	6	VORSCHLAG: s. fd-ja; Verwaltung
frage-form	confirm-form	dom-id	admin.html	6	VORSCHLAG: s. fd-ja; Verwaltung
fransen	fray	dom-id	public/404.html	6	VORSCHLAG: SVG-Verlaufs-Id, speist die Ausfrans-Maske; 404 liegt ausserhalb des Builds, von Hand nachziehen; 404-Seite
geraete	devices	dom-id	konto.html,src/konto/konto.ts	6	geraete zu devices (Paragraf 6.7); Kontoseite
gitter	grid	dom-id	galerie.html,src/galerie/galerie.ts	6	VORSCHLAG: wie Teil A gitter zu grid; Galerie
gliederung	outline	dom-id	datenschutz.html	6	rechtstextgliederung.ts wird legal-text-outline.ts (Paragraf 6.6); Rechtstexte
k-email	account-email	dom-id	konto.html,src/konto/konto.ts	6	k = Kontoseite; Konto = account (Paragraf 6.2); E-Mail-Zeile der Kontoseite (k = Konto)
k-mailstand	account-mail-status	dom-id	konto.html,src/konto/konto.ts	6	VORSCHLAG: Stand = status wie Teil A mail-stand; Kontoseite
karten	maps	dom-id	datenschutz.html	6	VORSCHLAG: Anker von Abschnitt 6 Karten, Gelaende und Schriften; alte Deep-Links pruefen; Foto-Karte/Karten-Info
kd-abbrechen	account-dialog-cancel	dom-id	admin.html	6	VORSCHLAG: kd = Konto-Dialog der Verwaltung; account-dialog- ausgeschrieben, account-email allein ist auf der Kontoseite vergeben; Konto-Dialog der Verwaltung
kd-email	account-dialog-email	dom-id	admin.html	6	VORSCHLAG: s. kd-abbrechen; Konto-Dialog der Verwaltung
kd-fehler	account-dialog-error	dom-id	admin.html,src/admin/admin.ts	6	VORSCHLAG: s. kd-abbrechen; Konto-Dialog der Verwaltung
kd-name	account-dialog-name	dom-id	admin.html	6	VORSCHLAG: s. kd-abbrechen; Konto-Dialog der Verwaltung
kd-passwort	account-dialog-password	dom-id	admin.html	6	VORSCHLAG: s. kd-abbrechen; Konto-Dialog der Verwaltung
kd-pw-zusatz	account-dialog-pw-extra	dom-id	admin.html,src/admin/admin.ts	6	VORSCHLAG: Zusatz = extra, s. Klasse zusatz; Konto-Dialog der Verwaltung
kd-rolle	account-dialog-role	dom-id	admin.html	6	rolle = role (Paragraf 6.2); Konto-Dialog der Verwaltung
kd-rolle-hinweis	account-dialog-role-hint	dom-id	admin.html,src/admin/admin.ts	6	VORSCHLAG: ; Konto-Dialog der Verwaltung
kd-speichern	account-dialog-save	dom-id	admin.html	6	VORSCHLAG: ; Konto-Dialog der Verwaltung
kd-titel	account-dialog-title	dom-id	admin.html,src/admin/admin.ts	6	VORSCHLAG: ; Konto-Dialog der Verwaltung
kd-unterzeile	account-dialog-subline	dom-id	admin.html,src/admin/admin.ts	6	VORSCHLAG: ; Konto-Dialog der Verwaltung
kd-verifiziert	account-dialog-verified	dom-id	admin.html	6	VORSCHLAG: ; Konto-Dialog der Verwaltung
km-balken-fuell	am-bar-fill	dom-id	src/app-nav.ts,src/studio/studio.ts,studio.html	6	VORSCHLAG: km = Konto-Menue; Teil A setzt am- (account menu): km-balken zu am-bar; Fundorte in Produktseiten und Studio, spaeteste Welle 6; Konto-Menue in der Kopfleiste
km-konto	am-account	dom-id	src/app-nav.ts,studio.html	6	VORSCHLAG: Familie am- wie Teil A; Fundorte in Produktseiten und Studio, spaeteste Welle 6; Konto-Menue in der Kopfleiste
km-mail	am-mail	dom-id	src/app-nav.ts,src/studio/studio.ts,studio.html	6	VORSCHLAG: wie Teil A km-mail; Fundorte in Produktseiten und Studio, spaeteste Welle 6; Konto-Menue in der Kopfleiste
km-profil	am-profile	dom-id	src/app-nav.ts,studio.html	6	VORSCHLAG: Familie am-; Fundorte in Produktseiten und Studio, spaeteste Welle 6; Konto-Menue in der Kopfleiste
km-quota-text	am-quota-text	dom-id	src/app-nav.ts,src/studio/studio.ts,studio.html	6	VORSCHLAG: wie Teil A km-quota; Fundorte in Produktseiten und Studio, spaeteste Welle 6; Konto-Menue in der Kopfleiste
km-verwaltung	am-admin	dom-id	src/app-nav.ts,src/studio/studio.ts,studio.html	6	VORSCHLAG: Verwaltung = admin (Seite admin.html); Fundorte in Produktseiten und Studio, spaeteste Welle 6; Konto-Menue in der Kopfleiste
konten-filter	accounts-filter	dom-id	admin.html,src/admin/admin.ts	6	Konto = account (Paragraf 6.2); ACHTUNG: die API-Route heisst /api/admin/users (Paragraf 6.7), Zusammenfuehrung entscheidet, ob UI accounts oder users sagt; Verwaltung
konten-liste	accounts-list	dom-id	admin.html,src/admin/admin.ts	6	s. konten-filter; Verwaltung
konten-suche	accounts-search	dom-id	admin.html	6	s. konten-filter; Verwaltung
konto-dialog	account-dialog	dom-id	admin.html	6	Paragraf 6.2; Konto-Menue/Kontoseite
konto-form	account-form	dom-id	admin.html	6	Paragraf 6.2; Konto-Menue/Kontoseite
konto-menue	account-menu	dom-id	src/app-nav.ts,src/studio/studio.ts,studio.html	6	wie Teil A konto-menue zu account-menu; Fundorte in Produktseiten und Studio, spaeteste Welle 6; Konto-Menue/Kontoseite
konto-neu	account-new	dom-id	admin.html	6	Paragraf 6.2; Konto-Menue/Kontoseite
mail-liste	mail-list	dom-id	admin.html,src/admin/admin.ts	6	VORSCHLAG: ; Mail-Vorlagen der Verwaltung
mail-zusammenfassung	mail-summary	dom-id	admin.html,src/admin/admin.ts	6	VORSCHLAG: ; Mail-Vorlagen der Verwaltung
markeRoute	brand-route	dom-id	public/404.html,studio.html	6	VORSCHLAG: SVG-Verlauf der Wortmarken-Route; Marke = brand wie Teil A marken-gruppe; Fundorte in Produktseiten und Studio, spaeteste Welle 6; 404 liegt ausserhalb des Builds, von Hand nachziehen; SVG-Verlaufs-Id der Wortmarken-Route (Studio, 404)
md-abbrechen	md-cancel	dom-id	admin.html	6	VORSCHLAG: md = Mail-Dialog, Kuerzel bleibt (beide Woerter englisch); Mail-Dialog der Verwaltung
md-anlass	md-occasion	dom-id	admin.html,src/admin/admin.ts	6	VORSCHLAG: Unterzeile: zu welchem Anlass die Mail rausgeht; Mail-Dialog der Verwaltung
md-betreff	md-subject	dom-id	admin.html	6	betreff zu subject (Paragraf 6.8); Mail-Dialog der Verwaltung
md-fehler	md-error	dom-id	admin.html,src/admin/admin.ts	6	Paragraf 6.1; Mail-Dialog der Verwaltung
md-fuss	md-footer	dom-id	admin.html	6	fuss zu footer (Paragraf 6.8); Mail-Dialog der Verwaltung
md-knopf	md-button	dom-id	admin.html	6	knopf zu button (Paragraf 6.8); Mail-Dialog der Verwaltung
md-mtitel	md-mail-title	dom-id	admin.html	6	VORSCHLAG: Ueberschrift IN der Mail, getrennt vom Dialog-Titel md-title; Mail-Dialog der Verwaltung
md-platzhalter	md-placeholders	dom-id	admin.html,src/admin/admin.ts	6	VORSCHLAG: ; Mail-Dialog der Verwaltung
md-probleme	md-issues	dom-id	admin.html,src/admin/admin.ts	6	VORSCHLAG: wie Teil A mail-probleme zu mail-issues; Mail-Dialog der Verwaltung
md-speichern	md-save	dom-id	admin.html	6	VORSCHLAG: ; Mail-Dialog der Verwaltung
md-stand	md-status	dom-id	admin.html,src/admin/admin.ts	6	VORSCHLAG: wie Teil A mail-stand zu mail-status; Mail-Dialog der Verwaltung
md-test	md-test	dom-id	admin.html	6	bleibt (schon englisch); Mail-Dialog der Verwaltung
md-text	md-body	dom-id	admin.html	6	mail_templates text wird body (Paragraf 6.8); Mail-Dialog der Verwaltung
md-titel	md-title	dom-id	admin.html,src/admin/admin.ts	6	titel zu title (Paragraf 6.8); Mail-Dialog der Verwaltung
md-vbetreff	md-preview-subject	dom-id	admin.html,src/admin/admin.ts	6	VORSCHLAG: v = Vorschau; Mail-Dialog der Verwaltung
md-vorschau	md-preview	dom-id	admin.html	6	Paragraf 6.7; Mail-Dialog der Verwaltung
md-zuruecksetzen	md-reset	dom-id	admin.html	6	VORSCHLAG: ; Mail-Dialog der Verwaltung
mehr	more	dom-id	galerie.html,src/galerie/galerie.ts	6	VORSCHLAG: ; Galerie
meldung	message	dom-id	konto.html,profil.html,src/konto/konto.ts,src/profil/profil.ts	6	VORSCHLAG: Flash-Meldung; wie Teil A meldung zu message; Kontoseite/Profilseite
nav-abmelden	nav-logout	dom-id	src/app-nav.ts	6	VORSCHLAG: ; geteilte Bausteine
nav-konto-menue	nav-account-menu	dom-id	src/app-nav.ts	6	Paragraf 6.2; geteilte Bausteine
nav-profil	nav-profile	dom-id	src/app-nav.ts	6	Profil = profile (Paragraf 6.2); geteilte Bausteine
nav-rechts	nav-right	dom-id	admin.html,src/app-nav.ts	6	VORSCHLAG: rechts = right wie Teil A; Verwaltung/geteilte Bausteine; wächter: app-nav.test.ts
neu-oben	new-top	dom-id	src/app-nav.ts,studio.html	6	VORSCHLAG: oben = top wie Teil A; Fundorte in Produktseiten und Studio, spaeteste Welle 6; Upload-/Neu-Dialog im Studio; wächter: app-nav.test.ts
p-beiwerk	profile-extras	dom-id	profil.html,src/profil/profil.ts	6	VORSCHLAG: Beiwerk = extras wie Teil A; p- ausgeschrieben zu profile- wie Teil A profilkopf zu profile-header; Profilseiten-Kopf
p-kennzahlen	profile-stats	dom-id	profil.html,src/profil/profil.ts	6	VORSCHLAG: Kennzahlen = stats wie Teil A; Profilseiten-Kopf
p-links	profile-links	dom-id	profil.html,src/profil/profil.ts	6	VORSCHLAG: Link-Chips; links bleibt links; Profilseiten-Kopf
panel-einladungen	panel-invitations	dom-id	admin.html	6	Paragraf 6.7; Reiter-Panels der Verwaltung
panel-konten	panel-accounts	dom-id	admin.html	6	s. konten-filter; Reiter-Panels der Verwaltung
panel-protokoll	panel-audit-log	dom-id	admin.html	6	Protokoll = auditLog (Paragraf 6.4); Reiter-Panels der Verwaltung
panel-rueckmeldungen	panel-feedback	dom-id	admin.html	6	Paragraf 6.7 rueckmeldungen zu feedback; Reiter-Panels der Verwaltung
panel-statistiken	panel-stats	dom-id	admin.html	6	Paragraf 6.7 statistiken zu stats; Reiter-Panels der Verwaltung
panel-warteliste	panel-waitlist	dom-id	admin.html	6	Paragraf 6.7; Reiter-Panels der Verwaltung
pflicht-schalter	invitation-required-switch	dom-id	admin.html	6	settings-Schluessel einladung_pflicht geht nach Paragraf 6.8 mit; Schalter = switch wie Teil A; Verwaltung
pflicht-text	invitation-required-text	dom-id	admin.html,src/admin/admin.ts	6	s. pflicht-schalter; Verwaltung
pflicht-titel	invitation-required-title	dom-id	admin.html	6	s. pflicht-schalter; Verwaltung
privat-chip	private-chip	dom-id	profil.html,src/profil/profil.ts	6	VORSCHLAG: ; Profilseite
protokoll-filter	audit-log-filter	dom-id	admin.html,src/admin/admin.ts	6	Paragraf 6.4 und 6.7 protokoll zu audit-log; Verwaltung
protokoll-liste	audit-log-list	dom-id	admin.html,src/admin/admin.ts	6	Paragraf 6.4; Verwaltung
protokoll-suche	audit-log-search	dom-id	admin.html	6	Paragraf 6.4; Verwaltung
protokoll-zusammenfassung	audit-log-summary	dom-id	admin.html,src/admin/admin.ts	6	Paragraf 6.4; Verwaltung
rechte	rights	dom-id	datenschutz.html	6	VORSCHLAG: Rechtstext-Anker; Rechtstexte
reiter	tabs	dom-id	admin.html,src/admin/admin.ts	6	VORSCHLAG: Reiter-Leiste; Teil A setzt reiter zu tab, der Container ist der Plural; Verwaltung
rueckmeldungen-filter	feedback-filter	dom-id	admin.html,src/admin/admin.ts	6	Paragraf 6.7 rueckmeldungen zu feedback; Verwaltung
rueckmeldungen-liste	feedback-list	dom-id	admin.html,src/admin/admin.ts	6	Paragraf 6.7; Verwaltung
rueckmeldungen-suche	feedback-search	dom-id	admin.html	6	Paragraf 6.7; Verwaltung
s-news-ruht	switch-news-idle	dom-id	konto.html,src/konto/konto.ts	6	VORSCHLAG: s- = Schalter der Kontoseite, wird switch- (Teil A: schalter zu switch); ruht = idle wie Teil A; Kontoseite
s-profil	switch-profile	dom-id	konto.html,src/konto/konto.ts	6	VORSCHLAG: Familie switch-; Kontoseite
s-profil-erklaerung	switch-profile-hint	dom-id	konto.html,src/konto/konto.ts	6	VORSCHLAG: Erklaerung = hint wie Teil A hinweis; Kontoseite
s-suche	switch-search-indexing	dom-id	konto.html,src/konto/konto.ts	6	Suchmaschinen-Schalter = searchIndexing (Paragraf 6.2); Kontoseite
s-suche-erklaerung	switch-search-indexing-hint	dom-id	konto.html,src/konto/konto.ts	6	Paragraf 6.2; Kontoseite
sbFerne3	scene-far-3	dom-id	index.html	6	VORSCHLAG: sb = Szenenbild; Teil A setzt sb- zu scene-; kebab-case nach Namensform-Regel; Szenenbild (Landing-Hero bzw. Login-Szene)
sbHimmel3	scene-sky-3	dom-id	index.html	6	VORSCHLAG: s. sbFerne3; Szenenbild (Landing-Hero bzw. Login-Szene)
sbRahmen3	scene-frame-3	dom-id	index.html	6	VORSCHLAG: s. sbFerne3; Szenenbild (Landing-Hero bzw. Login-Szene)
sbRoute1	scene-route-1	dom-id	index.html	6	VORSCHLAG: s. sbFerne3; Szenenbild (Landing-Hero bzw. Login-Szene)
sbRoute2	scene-route-2	dom-id	index.html	6	VORSCHLAG: s. sbFerne3; Szenenbild (Landing-Hero bzw. Login-Szene)
sbRoute3	scene-route-3	dom-id	index.html	6	VORSCHLAG: s. sbFerne3; Szenenbild (Landing-Hero bzw. Login-Szene)
sbSonne2	scene-sun-2	dom-id	index.html	6	VORSCHLAG: s. sbFerne3; Szenenbild (Landing-Hero bzw. Login-Szene)
sbSonne3	scene-sun-3	dom-id	index.html	6	VORSCHLAG: s. sbFerne3; Szenenbild (Landing-Hero bzw. Login-Szene)
sichtbarkeit	visibility	dom-id	datenschutz.html	6	Paragraf 6.1; Rechtstext-Anker; Rechtstexte
so-funktionierts	how-it-works	dom-id	index.html	6	VORSCHLAG: Landing-Anker; Landing; wächter: app-nav.test.ts
sp-balken	storage-bar	dom-id	konto.html,src/konto/konto.ts	6	Speicher = storage (Paragraf 6.2); sp- hier = Speicherbalken, NICHT das Profil-Modal aus Teil A (dort sp- zu modal-); Speicherbalken (Konto) bzw. Profil-bearbeiten-Dialog
sp-belegt	storage-used	dom-id	konto.html,src/konto/konto.ts	6	VORSCHLAG: belegt = used; Speicherbalken (Konto) bzw. Profil-bearbeiten-Dialog
sp-legende	storage-legend	dom-id	konto.html,src/konto/konto.ts	6	VORSCHLAG: Legende = legend wie Teil A; Speicherbalken (Konto) bzw. Profil-bearbeiten-Dialog
sp-prozent	storage-percent	dom-id	konto.html,src/konto/konto.ts	6	VORSCHLAG: ; Speicherbalken (Konto) bzw. Profil-bearbeiten-Dialog
sp-von	storage-of	dom-id	konto.html,src/konto/konto.ts	6	VORSCHLAG: x von y = of; Speicherbalken (Konto) bzw. Profil-bearbeiten-Dialog
sp-warnung	storage-warning	dom-id	konto.html,src/konto/konto.ts	6	VORSCHLAG: wie Teil A speicher-warnung; Speicherbalken (Konto) bzw. Profil-bearbeiten-Dialog
sperre-text	locked-text	dom-id	admin.html,src/admin/admin.ts	6	VORSCHLAG: Sperr-Ansicht der Verwaltung; Teil A: sperre zu locked; Verwaltung
sperre-titel	locked-title	dom-id	admin.html,src/admin/admin.ts	6	VORSCHLAG: ; Verwaltung
sperre-view	locked-view	dom-id	admin.html,src/admin/admin.ts	6	VORSCHLAG: ; Verwaltung
sperre-weg	locked-exit	dom-id	admin.html	6	VORSCHLAG: Link hinaus (Zu meinen Touren); Verwaltung
stat-7d-aufrufe	stat-7d-views	dom-id	admin.html,src/admin/admin.ts	6	VORSCHLAG: Aufrufe = views; Statistiken der Verwaltung
stat-7d-besucher	stat-7d-visitors	dom-id	admin.html,src/admin/admin.ts	6	VORSCHLAG: ; Statistiken der Verwaltung
stat-echtzeit	stat-realtime	dom-id	admin.html,src/admin/admin.ts	6	VORSCHLAG: wie Teil A echtzeit; Statistiken der Verwaltung
stat-gesamt	stat-total	dom-id	admin.html,src/admin/admin.ts	6	VORSCHLAG: ; Statistiken der Verwaltung
stat-heute-aufrufe	stat-today-views	dom-id	admin.html,src/admin/admin.ts	6	VORSCHLAG: ; Statistiken der Verwaltung
stat-heute-besucher	stat-today-visitors	dom-id	admin.html,src/admin/admin.ts	6	VORSCHLAG: ; Statistiken der Verwaltung
stat-referrer-liste	stat-referrer-list	dom-id	admin.html,src/admin/admin.ts	6	VORSCHLAG: ; Statistiken der Verwaltung
stat-seiten-liste	stat-pages-list	dom-id	admin.html,src/admin/admin.ts	6	VORSCHLAG: ; Statistiken der Verwaltung
teilen-text	share-text	dom-id	profil.html,src/profil/profil.ts	6	VORSCHLAG: ; Profilseite
touren	tours	dom-id	index.html,profil.html,src/profil/profil.ts	6	Paragraf 6.1; Landing/Profilseite; wächter: app-nav.test.ts+profilmodell.test.ts
verantwortlich	controller	dom-id	datenschutz.html	6	VORSCHLAG: DSGVO-Verantwortlicher = controller; Rechtstext-Anker; Rechtstexte
verlauf	gradient	dom-id	public/404.html	6	VORSCHLAG: SVG-linearGradient der 404-Szene; die gleichnamige Konto-Klasse wird history; 404 liegt ausserhalb des Builds, von Hand nachziehen; 404-Seite
warteliste-filter	waitlist-filter	dom-id	admin.html,src/admin/admin.ts	6	Paragraf 6.7; Verwaltung
warteliste-liste	waitlist-list	dom-id	admin.html,src/admin/admin.ts	6	Paragraf 6.7; Verwaltung
warteliste-suche	waitlist-search	dom-id	admin.html	6	Paragraf 6.7; Verwaltung
weg	path	dom-id	public/404.html	6	VORSCHLAG: SVG-Pfad-Definition der 404-Szene; die gleichnamige Editor-Klasse wird remove; 404 liegt ausserhalb des Builds, von Hand nachziehen; 404-Seite
wl-schalter	waitlist-switch	dom-id	admin.html	6	Paragraf 6.7; Schalter = switch wie Teil A; Warteliste
wl-schalter-text	waitlist-switch-text	dom-id	admin.html,src/admin/admin.ts	6	Paragraf 6.7; Warteliste
wl-zur-pflicht	waitlist-to-invitation-required	dom-id	admin.html	6	VORSCHLAG: Sprung-Link zum Einladungspflicht-Schalter, s. pflicht-schalter; Warteliste
zu-warnung	registration-closed-warning	dom-id	admin.html,src/admin/admin.ts	6	VORSCHLAG: Warnzeile: Registrierung ist per Env ganz zu, niemand kommt herein; Verwaltung
zwecke	purposes	dom-id	datenschutz.html	6	VORSCHLAG: Rechtstext-Anker; Rechtstexte
aendere	updateUser	export-funktion	src/admin/api.ts	6	Konto aendern
aendereRueckmeldung	updateFeedback	export-funktion	src/admin/api.ts	6	Status/Notiz setzen
aktiverAbschnitt	activeSection	export-funktion	src/rechtstextgliederung.ts	6	Abschnitt→section; aktiven Abschnitt beim Scrollen bestimmen
alsKarte	toTourCard	export-funktion	src/galerie/galeriemodell.ts	6	VORSCHLAG: als→to; Tour in eine Anzeige-Karte uebersetzen
alsKarten	toTourCards	export-funktion	src/galerie/galeriemodell.ts	6	VORSCHLAG: Sammlung im Plural (§6.0)
anbieterKnopf	providerButtonLabel	export-funktion	src/konto/trackermodell.ts	6	VORSCHLAG: liefert die Beschriftung (Verbinden/Neu verbinden)
anbieterSatz	providerSentence	export-funktion	src/konto/trackermodell.ts	6	VORSCHLAG: Satz→sentence; Satz zum Verbindungszustand
anfangsbuchstabe	avatarInitial	export-funktion	src/profil/profilmodell.ts	6	VORSCHLAG: initial; Buchstabe fuer den Avatar-Platzhalter
belegtProzent	usedPercent	export-funktion	src/konto/kontomodell.ts	6	VORSCHLAG: belegt→used
benutzer	loadUsers	export-funktion	src/admin/api.ts	6	hole→load (ein Verb je Bedeutung §6.0)
beschreibeAbsender	describeSender	export-funktion	src/admin/adminmodell.ts	6	Absenderzeile einer Rueckmeldung
beschreibeEinladung	describeInvitation	export-funktion	src/admin/adminmodell.ts	6	Satz zu einer Einladung
beschreibeProtokoll	describeAuditLogEntry	export-funktion	src/admin/adminmodell.ts	6	Klartext zu einem Protokoll-Eintrag
beschreibeVorlage	describeTemplate	export-funktion	src/admin/adminmodell.ts	6	Beschreibungssatz einer Mail-Vorlage
beschreibeWartenden	describeWaitlistEntry	export-funktion	src/admin/adminmodell.ts	6	VORSCHLAG: Wartender→waitlist entry; Satz zu einem Wartenden
bewertePasswort	scorePassword	export-funktion	src/passwortstaerke.ts	6	VORSCHLAG: bewerten→score (NIST-Bewertung, kein validate); Passwort nach NIST-Linie bewerten
browserAus	parseBrowser	export-funktion	src/konto/kontomodell.ts	6	VORSCHLAG: deuten→parse; Browser aus dem User-Agent
dabeiSeit	memberSince	export-funktion	src/profil/profilmodell.ts	6	VORSCHLAG: memberSince; Dabei-seit-Angabe formatieren
datumMitZeit	formatDateTime	export-funktion	src/konto/trackermodell.ts	6	VORSCHLAG: verb-first; Datum mit Uhrzeit
dialogFeld	dialogField	export-funktion	src/dialogschicht.ts	6	Beschriftetes Eingabefeld bauen
einladenGesperrt	inviteDisabled	export-funktion	src/admin/adminmodell.ts	6	VORSCHLAG: gesperrt→disabled; ob Einladen gerade gesperrt ist
einladungen	loadInvitations	export-funktion	src/admin/api.ts	6	hole→load
einladungsLink	invitationLink	export-funktion	src/admin/adminmodell.ts	6	Registrierungslink zu einem Code bauen
entfernung	formatDistanceKm	export-funktion	src/galerie/galeriemodell.ts	6	VORSCHLAG: verb-first, Einheit im Namen (§6.0); Kilometer-Angabe formatieren
exportZeile	dataExportLine	export-funktion	src/konto/kontomodell.ts	6	VORSCHLAG: Statuszeile des ZIP-Exports
feedbackKnopfHtml	feedbackButtonHtml	export-funktion	src/feedbackknopf.ts	6	§6.6 feedback-button.ts
filtereBenutzer	filterUsers	export-funktion	src/admin/adminmodell.ts	6	Kontenliste nach Filter und Suchtext
filtereEinladungen	filterInvitations	export-funktion	src/admin/adminmodell.ts	6	Einladungsliste filtern
filtereProtokoll	filterAuditLog	export-funktion	src/admin/adminmodell.ts	6	Protokoll nach Stufe/Suchtext filtern
filtereRueckmeldungen	filterFeedback	export-funktion	src/admin/adminmodell.ts	6	Rueckmeldungen filtern
filtereWarteliste	filterWaitlist	export-funktion	src/admin/adminmodell.ts	6	Warteliste filtern
formatiereBytes	formatBytes	export-funktion	src/admin/adminmodell.ts	6	Bytes menschenlesbar formatieren
formatiereDatum	formatDate	export-funktion	src/admin/adminmodell.ts	6	Datum formatieren
formatiereEinladungscode	formatInvitationCode	export-funktion	src/einladungscode.ts	6	§6.2 invitation
formatiereZeitpunkt	formatTimestamp	export-funktion	src/admin/adminmodell.ts	6	Zeitstempel formatieren
fuelleTopNav	fillTopNav	export-funktion	src/app-nav.ts	6	Navigation in einen Container schreiben
geraeteName	deviceName	export-funktion	src/konto/kontomodell.ts	6	§6.2 device; Element im Singular (§6.0)
geraeteSymbol	deviceIcon	export-funktion	src/konto/kontomodell.ts	6	Symbol→icon wie ICON_TOURS
geraeteUnterzeile	deviceSubline	export-funktion	src/konto/kontomodell.ts	6	VORSCHLAG: Unterzeile→subline (IP-Fragment, Zeit)
groesse	formatBytes	export-funktion	src/konto/kontomodell.ts	6	VORSCHLAG: verb-first und gleiche Form wie in admin-model.ts
haengePasswortfeld	attachPasswordField	export-funktion	src/passwortfeld.ts	6	VORSCHLAG: haengen an ein vorhandenes Input→attach (nicht mount, das baut selbst)
handleAusPfad	handleFromPath	export-funktion	src/routen.ts	6	aus→from; Handle aus einem /@-Pfad
idAusAdresse	idFromUrl	export-funktion	src/galerie/galeriemodell.ts	6	VORSCHLAG: Adresse→url (etablierte Abkuerzung §6.0)
importSatz	importSentence	export-funktion	src/konto/trackermodell.ts	6	VORSCHLAG: Satz zu einem Import-Eintrag
importTitel	importTitle	export-funktion	src/konto/trackermodell.ts	6	Titel eines Chronik-Eintrags
importTon	importTone	export-funktion	src/konto/trackermodell.ts	6	VORSCHLAG: Farbton (bernstein/rot); nicht audio-Ton
initiale	initial	export-funktion	src/admin/adminmodell.ts	6	VORSCHLAG: Anfangsbuchstabe fuer den Avatar
istEigenes	isOwn	export-funktion	src/profil/profilmodell.ts	6	Boolean is… (§6.0 Regel 2); ob das Profil dem Betrachter gehoert
istHandgeraet	isMobile	export-funktion	src/konto/kontomodell.ts	6	VORSCHLAG: Boolean is-Praefix; ob der User-Agent ein Mobilgeraet ist
istLokal	isLocal	export-funktion	src/admin/adminmodell.ts	6	Boolean is-Praefix §6.0
kennzahlChips	statChips	export-funktion	src/profil/profilmodell.ts	6	VORSCHLAG: wie Kennzahl→stat; Kennzahlen in Chips uebersetzen
kontextZeile	contextLine	export-funktion	src/admin/adminmodell.ts	6	Technischer Kontext als Zeile
kontextZeilen	contextLines	export-funktion	src/feedbackmodell.ts	6	Kontext als Anzeige-Zeilen
kurzesDatum	formatShortDate	export-funktion	src/konto/trackermodell.ts	6	VORSCHLAG: verb-first wie formatDate
ladeEin	createInvitation	export-funktion	src/admin/api.ts	6	neue Einladung erzeugen; nicht invite (das ist der Wartelisten-Vorgang)
ladeTracker	loadTracker	export-funktion	src/konto/trackerkarte.ts	6	lade→load
ladeWartendenEin	inviteWaitlistEntry	export-funktion	src/admin/api.ts	6	VORSCHLAG: passend zu /api/admin/waitlist/:id/invite (§6.7)
legeAn	createUser	export-funktion	src/admin/api.ts	6	Route ist /api/admin/users, deshalb User statt Account
leseProfilCache	readProfileCache	export-funktion	src/session-hinweis.ts	6	VORSCHLAG: wie Trio; Profil-Cache lesen
letzterAnkunftsSatz	lastArrivalSentence	export-funktion	src/konto/trackermodell.ts	6	VORSCHLAG: Satz zur letzten angekommenen Tour
loesche	deleteUser	export-funktion	src/admin/api.ts	6	Konto loeschen
loeschenGesperrt	deleteDisabled	export-funktion	src/admin/adminmodell.ts	6	VORSCHLAG: gesperrt→disabled; Loeschen eines Kontos
loescheRueckmeldung	deleteFeedback	export-funktion	src/admin/api.ts	6	Rueckmeldung loeschen
loescheWartenden	deleteWaitlistEntry	export-funktion	src/admin/api.ts	6	VORSCHLAG: Wartender→waitlist entry
loeseTrackerRueckkehrEin	redeemTrackerReturn	export-funktion	src/konto/trackerkarte.ts	6	VORSCHLAG: einloesen→redeem (wie redeemed_by §6.8)
mailvorlagen	loadMailTemplates	export-funktion	src/admin/api.ts	6	hole→load
merkeAngemeldet	rememberSignedIn	export-funktion	src/session-hinweis.ts	6	VORSCHLAG: angemeldet→signedIn (login ist der API-Pfad); Hinweis-Cookie setzen
merkeProfilCache	rememberProfileCache	export-funktion	src/session-hinweis.ts	6	VORSCHLAG: merke→remember, vergesse→forget, lese→read als Trio; Profildaten lokal merken
monat	formatMonth	export-funktion	src/galerie/galeriemodell.ts	6	VORSCHLAG: verb-first; Monatsangabe einer Tour
montiereAppHeader	mountAppHeader	export-funktion	src/app-nav.ts	6	Kopfleiste montieren und verdrahten
montiereBearbeiten	mountEditProfile	export-funktion	src/profil/profilbearbeiten.ts	6	VORSCHLAG: montiere→mount (ueberall gleich); Datei wird edit-profile.ts (§6.6); Bearbeiten-Modal fuer den Besitzer
montiereFeedbackFormular	mountFeedbackForm	export-funktion	src/feedbackformular.ts	6	§6.6 feedback-form.ts
montiereFeedbackKnopf	mountFeedbackButton	export-funktion	src/feedbackknopf.ts	6	montiere→mount
montiereGliederung	mountOutline	export-funktion	src/rechtstextgliederung.ts	6	VORSCHLAG: montiere→mount; outline nach Dateiziel legal-text-outline.ts (§6.6); Sprungnavigation montieren
montiereNavRechts	mountNavRight	export-funktion	src/app-nav.ts	6	Konto-Menue rechts nach /auth/me
montiereStandChip	mountStageChip	export-funktion	src/entwicklungsstand.ts	6	VORSCHLAG: montiere→mount wie app-nav
oeffneExportDialog	openDataExportDialog	export-funktion	src/konto/kontodialoge.ts	6	§6.1 dataExport (Art. 20 DSGVO), nicht filmExport
oeffneFeedback	openFeedback	export-funktion	src/feedbackknopf.ts	6	oeffne→open
oeffneLoeschDialog	openDeleteAccountDialog	export-funktion	src/konto/kontodialoge.ts	6	VORSCHLAG: sagt welches Loeschen gemeint ist
oeffneMailDialog	openEmailDialog	export-funktion	src/konto/kontodialoge.ts	6	Dialog fuer den E-Mail-Wechsel
oeffnePasswortDialog	openPasswordDialog	export-funktion	src/konto/kontodialoge.ts	6	Dialog fuer den Passwortwechsel
oeffneSchicht	openDialogLayer	export-funktion	src/dialogschicht.ts	6	VORSCHLAG: Datei wird dialog-layer.ts (§6.6), Schicht allein waere mehrdeutig
pfad	path	export-funktion	src/routen.ts	6	VORSCHLAG: path (Aufrufform path('gallery')); Link auf eine Seite bauen
profilAdresse	profileAddress	export-funktion	src/profil/profilmodell.ts	6	VORSCHLAG: address (profilePath ist in routen.ts vergeben); kanonische /@handle-Adresse
profilKopf	profileHeading	export-funktion	src/profil/profilmodell.ts	6	VORSCHLAG: heading (header ist beim Profil-Titelbild verboten, §6.1); Kopfzeile Name oder Handle
profilLink	profileLink	export-funktion	src/galerie/galeriemodell.ts	6	§6.2 profile
profilPfad	profilePath	export-funktion	src/routen.ts	6	profile+path; baut /@handle selbst (encodeURIComponent-Falle)
profilSichtbarSatz	profileVisibilitySentence	export-funktion	src/sichtbarkeit.ts	6	VORSCHLAG: Satz→sentence; Text unter dem Sichtbarkeits-Schalter; visibility §6.1
protokoll	loadAuditLog	export-funktion	src/admin/api.ts	6	hole→load
pruefeHandleForm	validateHandleForm	export-funktion	src/handle.ts	6	ENTSCHIEDEN 2026-08-20 (Abnahme): §6.3 pruefe→validate; prueft Form UND Reservierung
relativeZeit	relativeTime	export-funktion	src/konto/kontomodell.ts	6	Zeitpunkt relativ formulieren
rolleGesperrt	roleChangeDisabled	export-funktion	src/admin/adminmodell.ts	6	VORSCHLAG: gesperrt→disabled; ob der ROLLENWECHSEL gesperrt ist (deshalb roleChange)
rueckkehrText	returnText	export-funktion	src/konto/trackermodell.ts	6	VORSCHLAG: Meldung nach der OAuth-Rueckkehr
rueckmeldungen	loadFeedback	export-funktion	src/admin/api.ts	6	hole→load
sammleKontext	collectContext	export-funktion	src/feedbackmodell.ts	6	sammle→collect
sauberePfadangabe	cleanPath	export-funktion	src/feedbackmodell.ts	6	VORSCHLAG: nur den Pfad ohne Query/Fragment melden
schreibeAppFooter	writeAppFooter	export-funktion	src/app-nav.ts	6	Fusszeile ins DOM schreiben
schreibeAppHeader	writeAppHeader	export-funktion	src/app-nav.ts	6	Kopfleiste ins DOM schreiben
setzeEinstellungen	setSettings	export-funktion	src/admin/api.ts	6	setze→set §6.3
setzeVorlageZurueck	resetTemplate	export-funktion	src/admin/api.ts	6	auf den Standard zuruecksetzen
speicherAbschnitte	storageBarSegments	export-funktion	src/konto/kontomodell.ts	6	VORSCHLAG: Balkenabschnitte aus der Aufteilung
speichereVorlage	saveTemplate	export-funktion	src/admin/api.ts	6	Vorlage speichern
speicherKnapp	storageLow	export-funktion	src/konto/kontomodell.ts	6	VORSCHLAG: Boolean-Adjektiv (§6.0); ob der Speicher knapp wird
standardTitelbild	defaultBanner	export-funktion	src/profil/titelbilder.ts	6	standard→default (§6.9); deterministisch aus dem Handle
standChipHtml	stageChipHtml	export-funktion	src/entwicklungsstand.ts	6	VORSCHLAG: Markup des Alpha-Chips
starteGalerie	startGallery	export-funktion	src/galerie/galerie.ts	6	§6.6 gallery
starteKonto	startAccount	export-funktion	src/konto/konto.ts	6	§6.2 account
starteProfil	startProfile	export-funktion	src/profil/profil.ts	6	profile §6.2; Profilseite starten
statistiken	loadStats	export-funktion	src/admin/api.ts	6	hole→load
suchmaschinenSatz	searchIndexingSentence	export-funktion	src/sichtbarkeit.ts	6	VORSCHLAG: sentence wie profileVisibilitySentence; searchIndexing §6.2
systemAus	parseOs	export-funktion	src/konto/kontomodell.ts	6	VORSCHLAG: Betriebssystem→os (etablierte Abkuerzung)
tabAusHash	tabFromHash	export-funktion	src/admin/adminmodell.ts	6	VORSCHLAG: Reiter→tab; aus dem URL-Fragment
testeVorlage	sendTestMail	export-funktion	src/admin/api.ts	6	VORSCHLAG: verb-first nach Wirkung (Testmail verschicken); Pfad /test bleibt
textTaugt	canSubmitText	export-funktion	src/feedbackmodell.ts	6	VORSCHLAG: Boolean mit can (§6.0); ob der Meldetext abschickbar ist
titelbildPfad	bannerPath	export-funktion	src/profil/titelbilder.ts	6	§6.1 banner; oeffentlicher Pfad eines Titelbilds
tourAusPfad	tourFromPath	export-funktion	src/routen.ts	6	aus→from (wie session-from-token §6.7); Tour-Kennung aus dem Pfad
tourPfad	tourPath	export-funktion	src/routen.ts	6	Pfad einer Tour (/tour/id) bauen
tourSatz	tourSentence	export-funktion	src/konto/trackermodell.ts	6	VORSCHLAG: Satz zur importierten Tour
vergesseAngemeldet	forgetSignedIn	export-funktion	src/session-hinweis.ts	6	VORSCHLAG: wie signedIn; Hinweis-Cookie loeschen
vergesseProfilCache	forgetProfileCache	export-funktion	src/session-hinweis.ts	6	VORSCHLAG: wie Trio; Profil-Cache loeschen
vermutlichAngemeldet	probablySignedIn	export-funktion	src/session-hinweis.ts	6	VORSCHLAG: probablySignedIn; ob vermutlich eine Sitzung besteht
vorschau	loadPreview	export-funktion	src/admin/api.ts	6	Mail-Vorschau anfordern; hole→load
warteliste	loadWaitlist	export-funktion	src/admin/api.ts	6	hole→load
wenAusAdresse	handleOrIdFromUrl	export-funktion	src/galerie/galeriemodell.ts	6	VORSCHLAG: liefert Handle aus dem Pfad ODER die ID aus der Query
widerrufe	revokeInvitation	export-funktion	src/admin/api.ts	6	Einladung widerrufen
zaehleEinladungen	countInvitations	export-funktion	src/admin/adminmodell.ts	6	Zaehler-Regel §6.0
zaehleProtokoll	countAuditLogErrors	export-funktion	src/admin/adminmodell.ts	6	VORSCHLAG: zaehlt laut Hinweis FEHLER, deshalb Errors im Namen
zaehleRueckmeldungen	countOpenFeedback	export-funktion	src/admin/adminmodell.ts	6	VORSCHLAG: zaehlt laut Hinweis nur OFFENE, deshalb Open im Namen
zaehleWarteliste	countWaitlist	export-funktion	src/admin/adminmodell.ts	6	Zaehler fuer den Wartelisten-Reiter
zahl	formatNumber	export-funktion	src/profil/profilmodell.ts	6	verb-first (§6.0 Regel 3): formatiere→format; Zahl fuer die Anzeige formatieren
zeichne	render	export-funktion	src/profil/profil.ts	6	VORSCHLAG: DOM-zeichnen→render (paint bleibt der Leinwand); Profilseite ins DOM zeichnen
zuHandle	toHandle	export-funktion	src/handle.ts	6	Eingabe in Handle-Form normalisieren
codeVollstaendig	codeComplete	export-konstante	src/einladungscode.ts	6	VORSCHLAG: Boolean-Adjektiv (§6.0)
EINSTIEGE	ENTRIES	export-konstante	src/routen.ts	6	VORSCHLAG: ENTRIES; Vite-Eingaenge (abgeleitet)
EXPORT_STANDARDZEILE	DATA_EXPORT_DEFAULT_LINE	export-konstante	src/konto/kontomodell.ts	6	VORSCHLAG: §6.1 dataExport, Standard→default
HANDLE_REGELN	HANDLE_PATTERN	export-konstante	src/handle.ts	6	VORSCHLAG: es ist EIN Regex, nicht mehrere Regeln
HANDLE_TEXTE	HANDLE_ERROR_TEXTS	export-konstante	src/handle.ts	6	ENTSCHIEDEN 2026-08-20 (Abnahme): Fehlertexte je Handle-Fehler; Inhalt bleibt deutsch
ICON_ENTDECKEN	ICON_DISCOVER	export-konstante	src/app-nav.ts	6	VORSCHLAG: Entdecken→discover (Produktwort der Galerie)
ICON_TOUREN	ICON_TOURS	export-konstante	src/app-nav.ts	6	SVG-Pfad des Touren-Icons
KANTE	EDGE	export-konstante	src/rechtstextgliederung.ts	6	VORSCHLAG: EDGE; Scroll-Kante der Gliederungs-Hervorhebung
MIN_LAENGE	MIN_LENGTH	export-konstante	src/passwortstaerke.ts	6	Mindestlaenge eines Passworts
NAV_DABEI_KLASSE	NAV_RETURNING_CLASS	export-konstante	src/session-hinweis.ts	6	VORSCHLAG: dabei→returning (konsistent zum Grundstock-Cookie maptale_returning); CSS-Klasse der eingeloggten Nav-Varianten
PFAD_ZU_DATEI	PATH_TO_FILE	export-konstante	src/routen.ts	6	zu→to; abgeleitete Pfad-zu-Datei-Tabelle
PROFIL_CACHE_KEY	PROFILE_CACHE_KEY	export-konstante	src/session-hinweis.ts	6	Wert wird maptale_profile_cache (Grundstock); localStorage-Schluessel des Profil-Caches
RESERVIERTE_HANDLES	RESERVED_HANDLES	export-konstante	src/handle.ts	6	§6.8 reserved_handles
ROUTEN	ROUTES	export-konstante	src/routen.ts	6	Datei wird routes.ts (§6.6); Tabelle des gesamten URL-Raums
RUECKMELDUNG_WORTE	FEEDBACK_LABELS	export-konstante	src/admin/adminmodell.ts	6	VORSCHLAG: Worte→labels (Wortlaut der Zustaende in der Oberflaeche)
SESSION_HINWEIS_COOKIE	SESSION_NOTICE_COOKIE	export-konstante	src/session-hinweis.ts	6	notice nach Dateiziel session-notice.ts (§6.6); Name des Hinweis-Cookies
STAND_PUNKTE	STAGE_POINTS	export-konstante	src/entwicklungsstand.ts	6	VORSCHLAG: die drei Punkte des Kaertchens
STAND_WORT	STAGE_WORD	export-konstante	src/entwicklungsstand.ts	6	VORSCHLAG: Datei wird release-stage.ts (§6.6); das Wort Alpha
TAB_STANDARD	DEFAULT_TAB	export-konstante	src/admin/adminmodell.ts	6	VORSCHLAG: Reiter→tab; Start-Reiter der Verwaltung
TITELBILDER	BANNERS	export-konstante	src/profil/titelbilder.ts	6	§6.1 banner; die vier mitgelieferten Titelbilder
wartelisteAngeboten	waitlistOffered	export-konstante	src/admin/adminmodell.ts	6	VORSCHLAG: angeboten→offered (Boolean-Adjektiv §6.0)
zaehleAdmins	countAdmins	export-konstante	src/admin/adminmodell.ts	6	Anzahl der Admin-Konten; Zaehler-Regel §6.0
AdminBenutzer	AdminUser	export-typ	src/admin/adminmodell.ts	6	§6.2 user; Kontozeile der Benutzerverwaltung
AdminEinladung	AdminInvitation	export-typ	src/admin/adminmodell.ts	6	§6.2 invitation
AdminRueckmeldung	AdminFeedback	export-typ	src/admin/adminmodell.ts	6	Rueckmeldungszeile der Verwaltung
AdminWartender	AdminWaitlistEntry	export-typ	src/admin/adminmodell.ts	6	VORSCHLAG: Wartender→waitlist entry
AppHeaderVariante	AppHeaderVariant	export-typ	src/app-nav.ts	6	Variante der Kopfleiste je Seite
AppNavSeite	AppNavPage	export-typ	src/app-nav.ts	6	Seite→page (wie routes/pages.ts §6.6)
Dialog	Dialog	export-typ	src/dialogschicht.ts	6	bleibt (schon englisch)
EinladungsFilter	InvitationFilter	export-typ	src/admin/adminmodell.ts	6	Filterwerte des Einladungs-Reiters
EinladungsZustand	InvitationStatus	export-typ	src/admin/adminmodell.ts	6	ENTSCHIEDEN 2026-08-20 (Abnahme): Zustands-Enum eines Dings als Status (wie RueckmeldungStatus); Zustand einer Einladung
FeedbackKontext	FeedbackContext	export-typ	src/feedbackmodell.ts	6	§6.8 kontext→context
FeedbackOptionen	FeedbackOptions	export-typ	src/feedbackformular.ts	6	Optionen des Feedback-Formulars
HandleFehler	HandleError	export-typ	src/handle.ts	6	§6.1 error als Feldname/Fehlerart
Karte	TourCard	export-typ	src/galerie/galeriemodell.ts	6	VORSCHLAG: §6.3a warnt vor blossem card; anzeigefertige Tour-Karte der Galerie
KennzahlChip	StatChip	export-typ	src/profil/profilmodell.ts	6	VORSCHLAG: wie Kennzahl→stat; Anzeige-Chip einer Kennzahl
Kennzahlen	ProfileStats	export-typ	src/profil/profilmodell.ts	6	VORSCHLAG: Kennzahl→stat (wie /api/admin/stats §6.7); server-summierte Profil-Kennzahlen
KontenFilter	AccountFilter	export-typ	src/admin/adminmodell.ts	6	§6.2 account; Filterwerte des Konten-Reiters
MailBausteine	MailParts	export-typ	src/admin/adminmodell.ts	6	VORSCHLAG: Baustein→part; Textbausteine einer System-Mail
MailPlatzhalter	MailPlaceholder	export-typ	src/admin/adminmodell.ts	6	Platzhalter einer Mail-Vorlage
MailVorlage	MailTemplate	export-typ	src/admin/adminmodell.ts	6	§6.8 mail_templates
Passwortbefund	PasswordAssessment	export-typ	src/passwortstaerke.ts	6	VORSCHLAG: §6.1 finding/importReport sind belegt; hier ist es die Bewertung
Passwortfeld	PasswordField	export-typ	src/passwortfeld.ts	6	§6.6 password-field.ts
PasswortfeldOptionen	PasswordFieldOptions	export-typ	src/passwortfeld.ts	6	§6.6 password-field.ts
ProfilAntwort	ProfileResponse	export-typ	src/profil/profilmodell.ts	6	Antwort→Response; Antwortform des Profil-Endpunkts
ProfilCacheData	CachedProfile	export-typ	src/session-hinweis.ts	6	VORSCHLAG: Data ist Fuellwort (§6.0 Regel 6); gecachte Profildaten fuer die Kopfleiste; grenzfall
ProtokollEintrag	AuditLogEntry	export-typ	src/admin/adminmodell.ts	6	§6.4 auditLog; Entry wie AudioEntry
ProtokollFilter	AuditLogFilter	export-typ	src/admin/adminmodell.ts	6	Filterwerte des Protokoll-Reiters
ProtokollStufe	AuditLogLevel	export-typ	src/admin/adminmodell.ts	6	VORSCHLAG: Stufe→level (Schweregrad; level-Verbot in §6.3a gilt nur dem Pegel)
Rolle	Role	export-typ	src/admin/adminmodell.ts	6	§6.2 role; Benutzerrolle (admin/member)
RueckmeldungFilter	FeedbackFilter	export-typ	src/admin/adminmodell.ts	6	Filterwerte des Rueckmeldungs-Reiters
RueckmeldungStatus	FeedbackStatus	export-typ	src/admin/adminmodell.ts	6	§6.4 feedback
Seite	Page	export-typ	src/routen.ts	6	VORSCHLAG: Page; Namen aller Seiten des URL-Raums
SpeicherAbschnitt	StorageBarSegment	export-typ	src/konto/kontomodell.ts	6	VORSCHLAG: Abschnitt des SPEICHERBALKENS, reine Anzeige (nicht die API-Aufteilung)
StandPunkt	StagePoint	export-typ	src/entwicklungsstand.ts	6	VORSCHLAG: Punkt im Alpha-Hinweiskaertchen
Titelbild	Banner	export-typ	src/profil/titelbilder.ts	6	Profil-Titelbild→banner (§6.1); Datei wird profile-banners.ts; mitgeliefertes Titelbild
WartelistenFilter	WaitlistFilter	export-typ	src/admin/adminmodell.ts	6	Filterwerte des Wartelisten-Reiters
WartelistenZustand	WaitlistStatus	export-typ	src/admin/adminmodell.ts	6	ENTSCHIEDEN 2026-08-20 (Abnahme): Status fuer Zustands-Enum; nicht WaitlistState (das ist der API-Stand aus api.ts)
einblenden	fadeIn	keyframes	public/404.html	6	VORSCHLAG: ; 404 liegt ausserhalb des Builds, von Hand nachziehen; 404-Seite
sbSpielen	scenePlay	keyframes	index.html	6	VORSCHLAG: sb = Szenenbild, Teil A setzt sb- zu scene-; Szenenbild (Landing-Hero bzw. Login-Szene)
sbZeichnen	sceneDraw	keyframes	index.html	6	VORSCHLAG: s. sbSpielen; Szenenbild (Landing-Hero bzw. Login-Szene)
setzen	drop	keyframes	public/404.html	6	VORSCHLAG: Pin wird gesetzt, wie buePinSetzen; 404 liegt ausserhalb des Builds, von Hand nachziehen; 404-Seite; wächter: remote.test.ts+wetterhimmel.test.ts
skelett	skeleton	keyframes	admin.html	6	VORSCHLAG: wie Teil A skelett zu skeleton; Verwaltung
tcZeichnen	tourCardDraw	keyframes	index.html	6	VORSCHLAG: tc = Tour-Karte der Landing, s. Klasse tc-spur; Tour-Karten der Landing
zeichnen	draw	keyframes	public/404.html	6	VORSCHLAG: Routenzug der 404-Szene zeichnet sich; 404 liegt ausserhalb des Builds, von Hand nachziehen; 404-Seite; wächter: studio-tonklip.test.ts
anmelden	login	objekt-schluessel	src/routen.ts	6	VORSCHLAG: login (wie /api/auth/login); Schluessel ist Code, der Pfad /anmelden bleibt Produkttext (§3.4)
datenschutz	privacy	objekt-schluessel	src/routen.ts	6	VORSCHLAG: privacy; Pfad bleibt
form	format	objekt-schluessel	src/handle.ts	6	VORSCHLAG: Form (erlaubte Zeichen)→format; grenzfall
galerie	gallery	objekt-schluessel	src/routen.ts	6	§6.7 gallery; Pfad /galerie bleibt
impressum	imprint	objekt-schluessel	src/routen.ts	6	VORSCHLAG: imprint (alternativ legalNotice); Pfad bleibt
konto	account	objekt-schluessel	src/routen.ts	6	§6.2 account; Pfad /konto bleibt
kurz	tooShort	objekt-schluessel	src/handle.ts	6	VORSCHLAG: meint zu kurz, nicht kurz
leer	empty	objekt-schluessel	src/handle.ts	6	VORSCHLAG: Schluessel in HANDLE_ERROR_TEXTS
profil	profile	objekt-schluessel	src/routen.ts	6	§6.2 profile; grenzfall: Pfad /profil bleibt Produkttext
registrieren	register	objekt-schluessel	src/routen.ts	6	wie /api/auth/register; Pfad /registrieren bleibt
reserviert	reserved	objekt-schluessel	src/handle.ts	6	VORSCHLAG: §6.8 reserved_handles
vergeben	taken	objekt-schluessel	src/handle.ts	6	VORSCHLAG: vergeben→taken
verwaltung	admin	objekt-schluessel	src/routen.ts	6	VORSCHLAG: admin (Seite admin.html, Rolle admin §6.2)
src/galerie/	src/gallery/	ordner	Importpfade der Galerie-Module	6	VORSCHLAG; bekannte Lücke
src/konto/	src/account/	ordner	Importpfade aller Konto-Module	6	VORSCHLAG; bekannte Lücke aus §6.6
src/profil/	src/profile/	ordner	Importpfade aller Profil-Module	6	VORSCHLAG; bekannte Lücke
maptale_profil_cache	maptale_profile_cache	storage-schluessel	localStorage; src/session-hinweis.ts (PROFIL_CACHE_KEY)	6	VORSCHLAG
maptale_profil_cache	maptale_profile_cache	storage-schluessel	src/session-hinweis.ts	6	Grundstock; localStorage: gecachte Profildaten fuer die Kopfleiste
Bewegungsart	ActivityKind	bezeichner	android	7	§6.5; Werte ON_FOOT/CYCLING/VEHICLE; nicht persistiert
Ruhe	Idle	bezeichner	android (UI-Zustände)	7	§6.5; auch Lädt→Loading, Fertig→Complete
starteAufnahme	startRecording	bezeichner	android	7	§6.5; auch beendeAufnahme→finishRecording
fotos_automatisch	auto_photos	datastore-schluessel	android/app/src/main/java/app/maptale/upload/Einstellungen.kt	7	Grundstock/§6.5; bewusster Schlüsselwechsel (§3.2), Einwilligung fällt einmalig auf die Vorgabe.
android/…/daten/LuhamboDb.kt	MaptaleDb.kt	datei	android/app/src/main/java/app/maptale/daten/LuhamboDb.kt	7	§6.6; Room v4 + Zusage-Kommentar zurück nach Welle 7 (§4.4)
AnmeldungScreen.kt	LoginScreen.kt	datei	android/app/src/main/java/app/maptale/ui/AnmeldungScreen.kt	7	Anmeldung→login wie /api/auth/login (§6.7).
AufzeichnungScreen.kt	RecordingScreen.kt	datei	android/app/src/main/java/app/maptale/ui/AufzeichnungScreen.kt	7	§6.5 wörtlich.
AufzeichnungsService.kt	RecordingService.kt	datei	android/app/src/main/java/app/maptale/aufzeichnung/AufzeichnungsService.kt	7	§6.5; Foreground-Service der GPS-Aufnahme; AndroidManifest-Eintrag im selben Commit.
AufzeichnungsZustand.kt	RecordingState.kt	datei	android/app/src/main/java/app/maptale/aufzeichnung/AufzeichnungsZustand.kt	7	VORSCHLAG: Zustand→State; Prozess-Singleton mit dem Live-Zustand der laufenden Aufnahme.
Bausteine.kt	Components.kt	datei	android/app/src/main/java/app/maptale/ui/Bausteine.kt	7	VORSCHLAG: geteilte Compose-Bausteine; Components ist der Compose-übliche Sammelname.
Bewegungsdeutung.kt	ActivityInterpretation.kt	datei	android/app/src/main/java/app/maptale/aufzeichnung/Bewegungsdeutung.kt	7	VORSCHLAG: Deutung→interpretation; glättet Activity-Recognition-Meldungen zu Abschnitten.
BewegungsdeutungTest.kt	ActivityInterpretationTest.kt	datei	android/app/src/test/java/app/maptale/aufzeichnung/BewegungsdeutungTest.kt	7	folgt der Klasse.
Bewegungserkennung.kt	ActivityRecognizer.kt	datei	android/app/src/main/java/app/maptale/aufzeichnung/Bewegungserkennung.kt	7	VORSCHLAG: nicht ActivityRecognition, das kollidiert mit der hier importierten GMS-Klasse com.google.android.gms.location.ActivityRecognition.
Bildskalierung.kt	ImageScaling.kt	datei	android/app/src/main/java/app/maptale/ui/Bildskalierung.kt	7	Bild→image; Avatar auf Kantenlänge skalieren.
BildskalierungTest.kt	ImageScalingTest.kt	datei	android/app/src/test/java/app/maptale/ui/BildskalierungTest.kt	7	folgt dem Modul.
EditsFortschreibung.kt	EditsPatch.kt	datei	android/app/src/main/java/app/maptale/upload/EditsFortschreibung.kt	7	VORSCHLAG: Fortschreibung→patch (schreibt einzelne Schlüssel ins rohe Overlay fort; patch ist im Repo etabliert, MediaEditPatch).
EditsFortschreibungTest.kt	EditsPatchTest.kt	datei	android/app/src/test/java/app/maptale/upload/EditsFortschreibungTest.kt	7	folgt dem Modul.
Einstellungen.kt	Settings.kt	datei	android/app/src/main/java/app/maptale/upload/Einstellungen.kt	7	Einstellung→setting (§6.4); DataStore-NAME bleibt (eigene Zeile).
Fotoaufbereitung.kt	PhotoPreparation.kt	datei	android/app/src/main/java/app/maptale/kamera/Fotoaufbereitung.kt	7	VORSCHLAG: Aufbereitung→preparation; skaliert/dreht Kamerafotos vor dem Upload.
FotoaufbereitungTest.kt	PhotoPreparationTest.kt	datei	android/app/src/test/java/app/maptale/kamera/FotoaufbereitungTest.kt	7	folgt dem Modul.
Fotofenster.kt	PhotoWindow.kt	datei	android/app/src/main/java/app/maptale/galerie/Fotofenster.kt	7	VORSCHLAG: Fenster→window (Galerie-Zeitfenster); rein rechnend, getestet.
FotofensterTest.kt	PhotoWindowTest.kt	datei	android/app/src/test/java/app/maptale/galerie/FotofensterTest.kt	7	folgt dem Modul.
Fotonachzug.kt	PhotoBackfill.kt	datei	android/app/src/main/java/app/maptale/galerie/Fotonachzug.kt	7	Nachzug→backfill wie der Worker-Name im Grundstock; Weg der Galeriebilder zum Server.
FotoNachzugWorker.kt	PhotoBackfillWorker.kt	datei	android/app/src/main/java/app/maptale/galerie/FotoNachzugWorker.kt	7	Nachzug→backfill (Grundstock photo-backfill-$tourId); Cancel+Neueinreihen beim ersten Start (§4.4).
FotoVollansicht.kt	MediumFullscreen.kt	datei	android/app/src/main/java/app/maptale/ui/FotoVollansicht.kt	7	VORSCHLAG: zeigt Foto ODER Video, also medium (§6.1); Vollbild→fullscreen (§6.3a).
Galerie.kt	Gallery.kt	datei	android/app/src/main/java/app/maptale/galerie/Galerie.kt	7	MediaStore-Abfrage im Zeitfenster einer Tour.
ImportLogik.kt	ImportLogic.kt	datei	android/app/src/main/java/app/maptale/importieren/ImportLogik.kt	7	VORSCHLAG: Logik ist grenzwertiges Füllwort (§6.0 Regel 6); Inhalt sind MIME-, Endungs- und ID-Hilfen.
Importmeldung.kt	ImportNotification.kt	datei	android/app/src/main/java/app/maptale/tracker/Importmeldung.kt	7	VORSCHLAG: Meldung ist hier die Android-Notification.
KameraScreen.kt	CameraScreen.kt	datei	android/app/src/main/java/app/maptale/kamera/KameraScreen.kt	7	Screen-Muster §6.5; CameraX-Aufnahmebildschirm.
Listenverschmelzung.kt	TourListMerge.kt	datei	android/app/src/main/java/app/maptale/ui/Listenverschmelzung.kt	7	VORSCHLAG: verschmilzt lokale Entwürfe und Server-Touren zu einer Liste.
ListenverschmelzungTest.kt	TourListMergeTest.kt	datei	android/app/src/test/java/app/maptale/ui/ListenverschmelzungTest.kt	7	folgt dem Modul.
LuhamboApp.kt	MaptaleApp.kt	datei	android/app/src/main/java/app/maptale/LuhamboApp.kt	7	Alter Produktname; Klasse heißt schon MaptaleApp, Datei zieht nach (analog LuhamboDb→MaptaleDb §6.6).
MaptalePushDienst.kt	MaptalePushService.kt	datei	android/app/src/main/java/app/maptale/push/MaptalePushDienst.kt	7	Dienst→Service; AndroidManifest-Eintrag im selben Commit.
Marke.kt	Brand.kt	datei	android/app/src/main/java/app/maptale/ui/Marke.kt	7	VORSCHLAG: wie src/brand.ts im Web; Logo- und Wortmarken-Composables.
MedienMetadaten.kt	MediumMetadata.kt	datei	android/app/src/main/java/app/maptale/importieren/MedienMetadaten.kt	7	VORSCHLAG: medium statt media, weil android.media.MediaMetadata kollidiert und §6.1 die Einzelaufnahme medium nennt.
NeueTourBlatt.kt	NewTourSheet.kt	datei	android/app/src/main/java/app/maptale/ui/NeueTourBlatt.kt	7	Blatt→Sheet analog TeilenBlatt→ShareSheet (§6.5).
ProfilScreen.kt	ProfileScreen.kt	datei	android/app/src/main/java/app/maptale/ui/ProfilScreen.kt	7	Profil→profile (§6.2).
PunktFilter.kt	PointFilter.kt	datei	android/app/src/main/java/app/maptale/aufzeichnung/PunktFilter.kt	7	Punkt→point; filtert rohe GPS-Punkte nach Genauigkeit und Tempo.
PunktFilterTest.kt	PointFilterTest.kt	datei	android/app/src/test/java/app/maptale/aufzeichnung/PunktFilterTest.kt	7	folgt der Klasse.
Reisestatistik.kt	TravelStats.kt	datei	android/app/src/main/java/app/maptale/ui/Reisestatistik.kt	7	VORSCHLAG: Reise→travel (travelMode-Familie); nicht trip, §6.1 verbietet trip.
ReisestatistikTest.kt	TravelStatsTest.kt	datei	android/app/src/test/java/app/maptale/ui/ReisestatistikTest.kt	7	folgt dem Modul.
RueckmeldungScreen.kt	FeedbackScreen.kt	datei	android/app/src/main/java/app/maptale/ui/RueckmeldungScreen.kt	7	Rückmeldung→feedback (§6.4).
Spur.kt	Track.kt	datei	android/app/src/main/java/app/maptale/aufzeichnung/Spur.kt	7	GPS-Spur→track (§6.1); Live-Spur samt Projektion.
SpurTest.kt	TrackTest.kt	datei	android/app/src/test/java/app/maptale/aufzeichnung/SpurTest.kt	7	folgt dem Modul.
Stabilisierung.kt	Stabilization.kt	datei	android/app/src/main/java/app/maptale/kamera/Stabilisierung.kt	7	amerikanisch mit z (§6.0 Regel 5).
StabilisierungTest.kt	StabilizationTest.kt	datei	android/app/src/test/java/app/maptale/kamera/StabilisierungTest.kt	7	folgt dem Modul.
TeilenBlatt.kt	ShareSheet.kt	datei	android/app/src/main/java/app/maptale/ui/TeilenBlatt.kt	7	§6.5 wörtlich.
TeilenLink.kt	ShareLink.kt	datei	android/app/src/main/java/app/maptale/ui/TeilenLink.kt	7	Teilen→share.
TeilenLinkTest.kt	ShareLinkTest.kt	datei	android/app/src/test/java/app/maptale/ui/TeilenLinkTest.kt	7	folgt dem Modul.
TourBenennung.kt	TourNaming.kt	datei	android/app/src/main/java/app/maptale/benennung/TourBenennung.kt	7	Benennung→naming (§6.4); Auto-Titel aus Geocoder-Ortsnamen.
TourBenennungTest.kt	TourNamingTest.kt	datei	android/app/src/test/java/app/maptale/benennung/TourBenennungTest.kt	7	folgt der Klasse.
TourenScreen.kt	ToursScreen.kt	datei	android/app/src/main/java/app/maptale/ui/TourenScreen.kt	7	§6.5 wörtlich.
TrackerAbfrageWorker.kt	TrackerPollWorker.kt	datei	android/app/src/main/java/app/maptale/tracker/TrackerAbfrageWorker.kt	7	Abfrage→poll (Grundstock tracker-poll); Cancel+Neueinreihen (§4.4).
TrackerModell.kt	TrackerModel.kt	datei	android/app/src/main/java/app/maptale/tracker/TrackerModell.kt	7	wie trackermodell.ts→tracker-model.ts (§6.6).
TrackerModellTest.kt	TrackerModelTest.kt	datei	android/app/src/test/java/app/maptale/tracker/TrackerModellTest.kt	7	folgt dem Modul.
TrackerRueckkehr.kt	TrackerReturn.kt	datei	android/app/src/main/java/app/maptale/tracker/TrackerRueckkehr.kt	7	VORSCHLAG: Rückkehr→return (aus dem OAuth-Custom-Tab).
Typografie.kt	Typography.kt	datei	android/app/src/main/java/app/maptale/ui/Typografie.kt	7	Dateiname; material3.Typography ist eine Klasse, kein Dateikonflikt.
UploadFehlerTest.kt	UploadErrorTest.kt	datei	android/app/src/test/java/app/maptale/upload/UploadFehlerTest.kt	7	Fehler→error als Wortbestandteil (§6.1).
ZoomStufen.kt	ZoomLevels.kt	datei	android/app/src/main/java/app/maptale/kamera/ZoomStufen.kt	7	VORSCHLAG: Stufe→level.
ZoomStufenTest.kt	ZoomLevelsTest.kt	datei	android/app/src/test/java/app/maptale/kamera/ZoomStufenTest.kt	7	folgt dem Modul.
Bewegungsart	ActivityKind	enum	android/app/src/main/java/app/maptale/aufzeichnung/Bewegungsdeutung.kt	7	§6.5 wörtlich; Werte ZU_FUSS/RAD/FAHRZEUG→ON_FOOT/CYCLING/VEHICLE; nicht persistiert (kein Converter).
Modus	TravelMode	enum	android/app/src/main/java/app/maptale/daten/Entities.kt	7	§6.1 Fortbewegung→travelMode (wie Studio-Grundstock); Speicherwerte bleiben (schluessel walk/bike/…, NICHT auf .name vereinheitlichen, §4.4).
Sichtbarkeit	Visibility	enum	android/app/src/main/java/app/maptale/ui/TeilenLink.kt	7	§6.1; Kotlin-Werte PRIVAT/UNGELISTET/OEFFENTLICH→PRIVATE/UNLISTED/PUBLIC; der Vertrag läuft über .key (private/unlisted/public) und bleibt.
Stabilisierung	Stabilization	enum	android/app/src/main/java/app/maptale/kamera/Stabilisierung.kt	7	Werte KEINE/VORSCHAU/NUR_VIDEO→NONE/PREVIEW/VIDEO_ONLY; nur im Speicher.
TrackerAktion	TrackerAction	enum	android/app/src/main/java/app/maptale/tracker/TrackerModell.kt	7	Werte VERBINDEN/NEU_VERBINDEN/TRENNEN→CONNECT/RECONNECT/DISCONNECT; nur im Speicher.
maptale:hintergrund	maptale:background	event-typ	android PlayerScreen.kt; src/main.ts	7	VORSCHLAG; WebView-Brücke, beide Seiten in EINEM Commit (Naht §3.3); versagt lautlos
maptale:hintergrund	maptale:background	event-typ	src/filmuhr.ts	7	Grundstock (VORSCHLAG dort): WebView-Bruecke, beide Seiten in EINEM Commit; versagt lautlos, deshalb Welle 7 mit Android
maptale:vordergrund	maptale:foreground	event-typ	android PlayerScreen.kt; src/main.ts	7	VORSCHLAG; dito
maptale:vordergrund	maptale:foreground	event-typ	src/filmuhr.ts	7	Grundstock (VORSCHLAG dort); dito
abmelden	logout	funktion	android/app/src/main/java/app/maptale/ui/ViewModels.kt	7	wie /api/auth/logout; Push zuerst; auch Settings.logout.
Abschnittstitel	SectionTitle	funktion	android/app/src/main/java/app/maptale/ui/Bausteine.kt	7	Überschrift eines Abschnitts.
aktionText	actionLabel	funktion	android/app/src/main/java/app/maptale/tracker/TrackerModell.kt	7	VORSCHLAG: Knopftext zur Aktion.
aktiveStufe	activeLevel	funktion	android/app/src/main/java/app/maptale/kamera/ZoomStufen.kt	7	welche Stufe gerade gilt.
aktiviere	enable	funktion	android/app/src/main/java/app/maptale/push/MaptalePush.kt	7	VORSCHLAG: Push einschalten und FID hinterlegen.
aktualisiere	update	funktion	android/app/src/main/java/app/maptale/aufzeichnung/AufzeichnungsZustand.kt	7	Zustand fortschreiben; ViewModel-aktualisiere (neu laden) heißt dagegen refresh.
aktualisiere	refresh	funktion	android/app/src/main/java/app/maptale/ui/ViewModels.kt	7	VORSCHLAG: neu laden vom Server→refresh; update bleibt dem Fortschreiben (RecordingState.update) vorbehalten, ein Verb je Bedeutung (§6.0 Regel 3).
aktualisiereTexte	updateTexts	funktion	android/app/src/main/java/app/maptale/daten/TourRepository.kt	7	Titel und Beschreibung speichern.
aktualisiereTour	updateTour	funktion	android/app/src/main/java/app/maptale/daten/TourDao.kt	7	DAO-Update.
aktuellesKonto	currentAccount	funktion	android/app/src/main/java/app/maptale/upload/Einstellungen.kt	7	erstes Element des account-Flows.
alleTouren	allTours	funktion	android/app/src/main/java/app/maptale/daten/TourDao.kt	7	auch im Repository.
alsIso	toIso	funktion	android/app/src/main/java/app/maptale/galerie/Fotonachzug.kt	7	Mischname; als→to (Epoche ms zu ISO).
alsJson	toJson	funktion	android/app/src/main/java/app/maptale/upload/Manifest.kt	7	als→to.
anbieterAktion	providerAction	funktion	android/app/src/main/java/app/maptale/tracker/TrackerModell.kt	7	Aktion der Zeile oder null.
anbieterAusDeepLink	providerFromDeepLink	funktion	android/app/src/main/java/app/maptale/tracker/TrackerModell.kt	7	Anbieter→provider; Deep-Link-Schema maptale://tracker/ bleibt.
anbieterSatz	providerText	funktion	android/app/src/main/java/app/maptale/tracker/TrackerModell.kt	7	VORSCHLAG: Satz unter dem Anbieternamen (vier Zustände); Inhalt bleibt deutscher Produkttext.
anmelden	login	funktion	android/app/src/main/java/app/maptale/ui/ViewModels.kt	7	wie /api/auth/login.
AnmeldungScreen	LoginScreen	funktion	android/app/src/main/java/app/maptale/ui/AnmeldungScreen.kt	7	Anmeldung→login (§6.7-Bestand).
arbeitsname	workName	funktion	android/app/src/main/java/app/maptale/upload/UploadWorker.kt	7	liefert upload-<tourId>; der Wert bleibt (Grundstock).
artAus	activityKindFrom	funktion	android/app/src/main/java/app/maptale/aufzeichnung/Bewegungserkennung.kt	7	VORSCHLAG: liest ActivityKind aus einem Erkennungs-Intent.
aufKante	scaleToEdge	funktion	android/app/src/main/java/app/maptale/ui/Bildskalierung.kt	7	VORSCHLAG: Bitmap auf Kantenlänge.
aufLinie	snapToLine	funktion	android/app/src/main/java/app/maptale/aufzeichnung/Spur.kt	7	VORSCHLAG: setzt den Punkt auf die gezeichnete Linie.
AufzeichnungScreen	RecordingScreen	funktion	android/app/src/main/java/app/maptale/ui/AufzeichnungScreen.kt	7	§6.5 wörtlich.
balleFotos	clusterPhotos	funktion	android/app/src/main/java/app/maptale/aufzeichnung/Spur.kt	7	VORSCHLAG: ballen→cluster (nahe Fotomarken gruppieren).
baue	build	funktion	android/app/src/main/java/app/maptale/daten/LuhamboDb.kt	7	baue→build (§6.3); baut maptale.db, Dateiname der DB bleibt.
baue	build	funktion	android/app/src/main/java/app/maptale/upload/Manifest.kt	7	komplettes Manifest aus dem Room-Bestand.
baueImport	buildImport	funktion	android/app/src/main/java/app/maptale/upload/Manifest.kt	7	Import-Manifest mit trackFile-Referenz.
baueSegmente	buildSegments	funktion	android/app/src/main/java/app/maptale/upload/Manifest.kt	7	baue→build (§6.3); zerschneidet an den Moduswechseln.
beende	clear	funktion	android/app/src/main/java/app/maptale/aufzeichnung/AufzeichnungsZustand.kt	7	VORSCHLAG: räumt den Zustand; end wäre mit finishRecording verwechselbar.
beendeAufnahme	finishRecording	funktion	android/app/src/main/java/app/maptale/daten/TourRepository.kt	7	§6.5 wörtlich; Status wird DRAFT.
beenden	cancel	funktion	android/app/src/main/java/app/maptale/tracker/TrackerAbfrageWorker.kt	7	VORSCHLAG: bricht den WorkManager-Lauf beim Abmelden ab.
benenne	buildTitle	funktion	android/app/src/main/java/app/maptale/benennung/TourBenennung.kt	7	VORSCHLAG: verb-first (§6.0 Regel 3); baut den Auto-Titel aus Start und Ziel.
berechneReisestatistik	computeTravelStats	funktion	android/app/src/main/java/app/maptale/ui/Reisestatistik.kt	7	VORSCHLAG: berechnen→compute.
bereiteFotoFuerUpload	preparePhotoForUpload	funktion	android/app/src/main/java/app/maptale/kamera/Fotoaufbereitung.kt	7	bereite→prepare; skaliert/dreht vor dem Hochladen.
beschreibeTouren	describeTours	funktion	android/app/src/main/java/app/maptale/tracker/Importmeldung.kt	7	Titel und Unterzeile der Meldung.
bilderImZeitfenster	imagesInWindow	funktion	android/app/src/main/java/app/maptale/galerie/Galerie.kt	7	MediaStore-Query auf DATE_TAKEN.
bildUri	imageUri	funktion	android/app/src/main/java/app/maptale/galerie/Galerie.kt	7	Content-URI je Sammlung.
darfErkennen	canRecognize	funktion	android/app/src/main/java/app/maptale/aufzeichnung/Bewegungserkennung.kt	7	darf→can wie darfSehen→canView (§6.4); Berechtigungsfrage.
darfGalerieLesen	canReadGallery	funktion	android/app/src/main/java/app/maptale/galerie/Fotonachzug.kt	7	darf→can (§6.4-Muster).
deaktiviere	disable	funktion	android/app/src/main/java/app/maptale/push/MaptalePush.kt	7	Push abmelden (Server vor FCM).
duenneAus	thinOut	funktion	android/app/src/main/java/app/maptale/aufzeichnung/Spur.kt	7	ausdünnen→thin out; auf die Höchstzahl.
editsLesen	loadEdits	funktion	android/app/src/main/java/app/maptale/upload/ApiClient.kt	7	lesen/laden→load (§6.0 Regel 3, ein Verb je Bedeutung).
editsSchreiben	saveEdits	funktion	android/app/src/main/java/app/maptale/upload/ApiClient.kt	7	VORSCHLAG: schreiben→save wie sichern→save; PUT des fortgeschriebenen Overlays.
endung	extension	funktion	android/app/src/main/java/app/maptale/importieren/ImportLogik.kt	7	MIME zu Ablage-Endung.
endungErlaubt	isExtensionAllowed	funktion	android/app/src/main/java/app/maptale/galerie/Fotofenster.kt	7	Boolean mit is (§6.0 Regel 2); RAW-Falle im Kommentar erhalten.
ergaenzeSpur	appendPoint	funktion	android/app/src/main/java/app/maptale/aufzeichnung/Spur.kt	7	VORSCHLAG: Punkt an die Spur hängen.
fallbackTitel	fallbackTitle	funktion	android/app/src/main/java/app/maptale/benennung/TourBenennung.kt	7	Datums-Titel; Backend benennt identisch (Server-Seite in ihrer Welle).
finalisiere	finalize	funktion	android/app/src/main/java/app/maptale/upload/ApiClient.kt	7	Route heißt schon finalize; 409-Auflösung bleibt.
formatiereZoom	formatZoom	funktion	android/app/src/main/java/app/maptale/kamera/ZoomStufen.kt	7	Anzeige-Text der Stufe.
FotoVollansicht	MediumFullscreen	funktion	android/app/src/main/java/app/maptale/ui/FotoVollansicht.kt	7	VORSCHLAG: wie die Datei; zeigt Foto oder Video mit Titelfeld.
fuegeMediumEin	insertMedium	funktion	android/app/src/main/java/app/maptale/daten/TourDao.kt	7	Einzelaufnahme=medium (§6.1).
fuegeModuswechselEin	insertTravelModeChange	funktion	android/app/src/main/java/app/maptale/daten/TourDao.kt	7	analog Entity/Tabelle.
fuegePunkteEin	insertPoints	funktion	android/app/src/main/java/app/maptale/daten/TourDao.kt	7	einfügen→insert (DAO-üblich).
glaette	smooth	funktion	android/app/src/main/java/app/maptale/aufzeichnung/Bewegungsdeutung.kt	7	glätten→smooth; pure, getestet.
glaetteWechsel	smoothChanges	funktion	android/app/src/main/java/app/maptale/upload/Manifest.kt	7	VORSCHLAG: glättet Moduswechsel vor dem Zerschneiden (via ActivityInterpretation).
gpsAnker	gpsAnchor	funktion	android/app/src/main/java/app/maptale/galerie/Galerie.kt	7	EXIF-Ort über setRequireOriginal.
hatTrackpunkte	hasTrackPoints	funktion	android/app/src/main/java/app/maptale/importieren/GpxImport.kt	7	has-Boolean (§6.0 Regel 2).
importiere	importGpx	funktion	android/app/src/main/java/app/maptale/ui/ImportViewModel.kt	7	VORSCHLAG: import allein ist Kotlin-Schlüsselwort.
istEndgueltigerUploadFehler	isFinalUploadError	funktion	android/app/src/main/java/app/maptale/upload/UploadWorker.kt	7	VORSCHLAG: endgültig→final, positiv formuliert (§6.0 Regel 2 verbietet Negationen wie notRetryable); 400/401/403/413 brauchen den Nutzer.
istKamerabild	isCameraImage	funktion	android/app/src/main/java/app/maptale/galerie/Fotofenster.kt	7	Positiv- und Negativliste des Ordners.
KameraScreen	CameraScreen	funktion	android/app/src/main/java/app/maptale/kamera/KameraScreen.kt	7	Composable des Aufnahmebildschirms; Kamera-Modus Foto/Video heißt captureMode (§6.5), NICHT travelMode.
kontoStand	accountState	funktion	android/app/src/main/java/app/maptale/upload/ApiClient.kt	7	VORSCHLAG: liefert AccountState; Nomen-Form wie tourStatus.
lade	load	funktion	android/app/src/main/java/app/maptale/ui/ViewModels.kt	7	laden→load (§6.4); Tour-Detail.
ladeFotosHoch	uploadPhotos	funktion	android/app/src/main/java/app/maptale/galerie/Fotonachzug.kt	7	hochladen→upload; inkl. source-Dedup und reprocess.
ladeHoch	upload	funktion	android/app/src/main/java/app/maptale/ui/ViewModels.kt	7	hochladen→upload.
ladeSichtbarkeit	loadVisibility	funktion	android/app/src/main/java/app/maptale/ui/ViewModels.kt	7	laden→load (§6.4).
legeTourAn	createTour	funktion	android/app/src/main/java/app/maptale/daten/TourDao.kt	7	anlegen→create (wie touranleger→tour-creator §6.6).
letzterPunktOffset	lastPointOffset	funktion	android/app/src/main/java/app/maptale/daten/TourDao.kt	7	letzter tOffsetS einer Tour.
lies	read	funktion	android/app/src/main/java/app/maptale/importieren/MedienMetadaten.kt	7	EXIF lesen.
loesche	delete	funktion	android/app/src/main/java/app/maptale/ui/ViewModels.kt	7	Tour bzw. Foto löschen (drei ViewModels).
loescheAvatar	deleteAvatar	funktion	android/app/src/main/java/app/maptale/ui/ViewModels.kt	7	auch ApiClient.deleteAvatar.
loescheKonto	deleteAccount	funktion	android/app/src/main/java/app/maptale/ui/ViewModels.kt	7	auch ApiClient.deleteAccount.
loescheMedien	deleteMedia	funktion	android/app/src/main/java/app/maptale/daten/TourDao.kt	7	alle Medien einer Tour.
loescheMedium	deleteMedium	funktion	android/app/src/main/java/app/maptale/daten/TourDao.kt	7	Repository löscht samt Datei.
loescheModuswechsel	deleteTravelModeChanges	funktion	android/app/src/main/java/app/maptale/daten/TourDao.kt	7	analog.
loeschePunkte	deletePoints	funktion	android/app/src/main/java/app/maptale/daten/TourDao.kt	7	Punkte einer Tour löschen.
loescheTour	deleteTour	funktion	android/app/src/main/java/app/maptale/daten/TourDao.kt	7	löschen→delete; Repository löscht zusätzlich Dateien und Kinder.
loescheTour	deleteTour	funktion	android/app/src/main/java/app/maptale/upload/ApiClient.kt	7	DELETE einer Server-Tour.
markenEingabeFarben	brandInputColors	funktion	android/app/src/main/java/app/maptale/ui/Bausteine.kt	7	Marke→brand.
MarkenFeld	BrandField	funktion	android/app/src/main/java/app/maptale/ui/Bausteine.kt	7	gestaltetes Textfeld.
Markenzeichen	BrandMark	funktion	android/app/src/main/java/app/maptale/ui/Marke.kt	7	VORSCHLAG: Logo-Composable.
medien	media	funktion	android/app/src/main/java/app/maptale/daten/TourDao.kt	7	auch im Repository.
medienAnzahlFluss	mediaCountFlow	funktion	android/app/src/main/java/app/maptale/daten/TourDao.kt	7	Repository medienAnzahl→mediaCount (§6.0 Regel 4).
medienFluss	mediaFlow	funktion	android/app/src/main/java/app/maptale/daten/TourDao.kt	7	auch im Repository.
medienNachreichen	addMedia	funktion	android/app/src/main/java/app/maptale/upload/ApiClient.kt	7	§6.3 wörtlich; Route /media und Body-Schlüssel sind Welle 1.
medientyp	mediaType	funktion	android/app/src/main/java/app/maptale/importieren/ImportLogik.kt	7	§6.1 Aufnahmeart→mediaType; Werte photo|video bleiben.
mediumDatei	mediumFile	funktion	android/app/src/main/java/app/maptale/daten/TourRepository.kt	7	File-Handle zum relativen Pfad.
mediumFluss	mediumFlow	funktion	android/app/src/main/java/app/maptale/daten/TourDao.kt	7	auch im Repository.
mediumHochladen	uploadMedium	funktion	android/app/src/main/java/app/maptale/upload/ApiClient.kt	7	hochladen→upload; beide Überladungen.
melde	report	funktion	android/app/src/main/java/app/maptale/tracker/TrackerRueckkehr.kt	7	VORSCHLAG: melden→report (Ereignis in den Kanal, keine Notification).
meldeOffeneImporte	notifyPendingImports	funktion	android/app/src/main/java/app/maptale/tracker/Importmeldung.kt	7	VORSCHLAG: melden=Notification stellen; pending wie der tracker_imports-Status; von Push UND Worker benutzt.
meldungFuer	messageFor	funktion	android/app/src/main/java/app/maptale/tracker/TrackerModell.kt	7	VORSCHLAG: Meldungstext; der Vergleich auf fertig→done ist Welle 1.
mitMediumTitel	withMediumCaption	funktion	android/app/src/main/java/app/maptale/upload/EditsFortschreibung.kt	7	VORSCHLAG: mitX→withX (§6.3); setzt caption, deshalb nicht withMediumTitle.
mitTitelbild	withCover	funktion	android/app/src/main/java/app/maptale/upload/EditsFortschreibung.kt	7	titelbild→cover (§6.9); der JSON-Schlüssel selbst ist Welle 1.
modus	travelModeFor	funktion	android/app/src/main/java/app/maptale/aufzeichnung/Bewegungsdeutung.kt	7	VORSCHLAG: bildet ActivityKind auf TravelMode ab (VEHICLE wird jeep).
moduswechsel	travelModeChanges	funktion	android/app/src/main/java/app/maptale/daten/TourDao.kt	7	Sammlung Plural (§6.0 Regel 4); auch im Repository.
nachzugSatz	backfillMessage	funktion	android/app/src/main/java/app/maptale/galerie/Fotofenster.kt	7	VORSCHLAG: formuliert den Meldungssatz (Fotos/Videos/Aufnahmen).
naechsteMediumNummer	nextMediumNumber	funktion	android/app/src/main/java/app/maptale/daten/TourRepository.kt	7	nächste freie m-Nummer.
neueMediumDatei	newMediumFile	funktion	android/app/src/main/java/app/maptale/daten/TourRepository.kt	7	Funktionsname; der persistierte Geräte-Ordner touren/ ist eine eigene Welle-7-Entscheidung (neuer Ordner tours/ nur für Neuanlagen, Bestand bleibt liegen).
NeueTourBlatt	NewTourSheet	funktion	android/app/src/main/java/app/maptale/ui/NeueTourBlatt.kt	7	Blatt→Sheet analog ShareSheet (§6.5); Startblatt mit Modus-Wahl.
neuVerarbeiten	reprocess	funktion	android/app/src/main/java/app/maptale/upload/ApiClient.kt	7	Route heißt schon reprocess.
oeffneAutorisierung	openAuthorization	funktion	android/app/src/main/java/app/maptale/tracker/TrackerBrowser.kt	7	öffne→open; OAuth-URL im Custom Tab.
ortsname	placeName	funktion	android/app/src/main/java/app/maptale/benennung/TourBenennung.kt	7	Ort→place (§6.9 orte→places); Geocoder-Vertrag.
passendeBilder	matchingImages	funktion	android/app/src/main/java/app/maptale/galerie/Fotofenster.kt	7	Bilder im Fenster minus schon bekannte.
PrimaerKnopf	PrimaryButton	funktion	android/app/src/main/java/app/maptale/ui/Bausteine.kt	7	Knopf→button.
probenFaktor	sampleFactor	funktion	android/app/src/main/java/app/maptale/ui/Bildskalierung.kt	7	inSampleSize-Faktor.
ProfilScreen	ProfileScreen	funktion	android/app/src/main/java/app/maptale/ui/ProfilScreen.kt	7	Profil→profile (§6.2).
projiziere	project	funktion	android/app/src/main/java/app/maptale/aufzeichnung/Spur.kt	7	Geo-Punkt auf Bildkoordinaten.
projiziereSpur	projectTrack	funktion	android/app/src/main/java/app/maptale/aufzeichnung/Spur.kt	7	ganze Spur projizieren.
pruefe	check	funktion	android/app/src/main/java/app/maptale/aufzeichnung/PunktFilter.kt	7	prüfe→check (§6.3); nimmt oder verwirft einen rohen Punkt.
punktAnzahl	pointCount	funktion	android/app/src/main/java/app/maptale/daten/TourDao.kt	7	Zähler heißen …Count (§6.0 Regel 4).
punkte	points	funktion	android/app/src/main/java/app/maptale/daten/TourDao.kt	7	auch im Repository.
pushGeraetAbmelden	unregisterPushDevice	funktion	android/app/src/main/java/app/maptale/upload/ApiClient.kt	7	VORSCHLAG: analog registerPushDevice.
pushGeraetAnmelden	registerPushDevice	funktion	android/app/src/main/java/app/maptale/upload/ApiClient.kt	7	VORSCHLAG: Gerät an-/abmelden→register/unregister, nicht login; Route /api/push/devices und Body plattform→platform sind Welle 1.
registriereFoto	registerPhoto	funktion	android/app/src/main/java/app/maptale/daten/TourRepository.kt	7	Foto mit m-ID und Anker eintragen.
registriereVideo	registerVideo	funktion	android/app/src/main/java/app/maptale/daten/TourRepository.kt	7	Video mit m-ID und Anker eintragen.
Routenskizze	RouteSketch	funktion	android/app/src/main/java/app/maptale/ui/Bausteine.kt	7	Skizze→sketch.
RueckmeldungScreen	FeedbackScreen	funktion	android/app/src/main/java/app/maptale/ui/RueckmeldungScreen.kt	7	Rückmeldung→feedback (§6.4); WebView auf /feedback?app=1 bleibt (Produkt-URL, §3.4).
Rundknopf	RoundButton	funktion	android/app/src/main/java/app/maptale/ui/Bausteine.kt	7	runder Icon-Knopf.
schliesseVerwaisteAufnahmen	closeOrphanedRecordings	funktion	android/app/src/main/java/app/maptale/daten/TourRepository.kt	7	VORSCHLAG: verwaist→orphaned; nach Prozess-Tod gestrandete Aufnahmen zu Entwürfen machen.
Schreibzeile	EditRow	funktion	android/app/src/main/java/app/maptale/ui/Bausteine.kt	7	VORSCHLAG: einzeilige Bearbeiten-Zeile.
setzeAnmeldung	setLogin	funktion	android/app/src/main/java/app/maptale/upload/Einstellungen.kt	7	VORSCHLAG: speichert E-Mail und Token.
setzeAvatar	setAvatar	funktion	android/app/src/main/java/app/maptale/ui/ViewModels.kt	7	auch ApiClient.setAvatar.
setzeDistanz	setDistance	funktion	android/app/src/main/java/app/maptale/daten/TourDao.kt	7	laufende Distanz fortschreiben.
setzeFotosAutomatisch	setAutoPhotos	funktion	android/app/src/main/java/app/maptale/ui/ViewModels.kt	7	auch Settings.setAutoPhotos.
setzeFotoTitel	setPhotoTitle	funktion	android/app/src/main/java/app/maptale/ui/ViewModels.kt	7	über das Edit-Overlay (EditsPatch).
setzeMediumCaption	setMediumCaption	funktion	android/app/src/main/java/app/maptale/daten/TourDao.kt	7	auch im Repository.
setzeMediumHochgeladen	setMediumUploaded	funktion	android/app/src/main/java/app/maptale/daten/TourRepository.kt	7	hochgeladen→uploaded.
setzeMediumStatus	setMediumStatus	funktion	android/app/src/main/java/app/maptale/daten/TourDao.kt	7	Upload-Status eines Mediums.
setzeOeffentlich	setPublic	funktion	android/app/src/main/java/app/maptale/ui/ViewModels.kt	7	Profil-Sichtbarkeit schalten.
setzeProfil	setProfile	funktion	android/app/src/main/java/app/maptale/upload/ApiClient.kt	7	die Body-Schlüssel anzeigename/sichtbarkeit sind Welle 1 (displayName/visibility).
setzeServer	setServer	funktion	android/app/src/main/java/app/maptale/upload/Einstellungen.kt	7	setze→set; Dev/Test.
setzeServerId	setServerId	funktion	android/app/src/main/java/app/maptale/daten/TourDao.kt	7	Mischname, nur setze→set; auch im Repository.
setzeSichtbarkeit	setVisibility	funktion	android/app/src/main/java/app/maptale/ui/ViewModels.kt	7	auch ApiClient.setVisibility; der Body-Schlüssel sichtbarkeit→visibility ist Welle 1.
setzeStatus	setStatus	funktion	android/app/src/main/java/app/maptale/daten/TourDao.kt	7	setze→set (§6.3); auch im Repository.
setzeTitel	setTitle	funktion	android/app/src/main/java/app/maptale/ui/ViewModels.kt	7	Nutzertext eines lokalen Mediums.
sichereProfil	saveProfile	funktion	android/app/src/main/java/app/maptale/ui/ViewModels.kt	7	Anzeigename/Bio speichern.
sichereTexte	saveTexts	funktion	android/app/src/main/java/app/maptale/ui/ViewModels.kt	7	sichern→save; Tour- und ServerTourViewModel.
sicherstellen	ensure	funktion	android/app/src/main/java/app/maptale/tracker/TrackerAbfrageWorker.kt	7	VORSCHLAG: reiht den periodischen Lauf mit KEEP ein.
sitzungFuerPlayer	sessionForPlayer	funktion	android/app/src/main/java/app/maptale/upload/ApiClient.kt	7	Sitzung→session (§6.2); die Route session-from-token ist Welle 1.
skaliereFuerAvatar	scaleForAvatar	funktion	android/app/src/main/java/app/maptale/ui/Bildskalierung.kt	7	skaliere→scale.
speicherePunkte	savePoints	funktion	android/app/src/main/java/app/maptale/daten/TourRepository.kt	7	speichern→save; Flush der gepufferten Punkte samt Distanz.
starte	start	funktion	android/app/src/main/java/app/maptale/aufzeichnung/AufzeichnungsService.kt	7	alle fünf starte-Varianten gleich (Service, Zustand, Erkennung, beide Worker).
starteAufnahme	startRecording	funktion	android/app/src/main/java/app/maptale/daten/TourRepository.kt	7	§6.5 wörtlich; legt die Tour mit lokal-ID an.
stoppe	stop	funktion	android/app/src/main/java/app/maptale/aufzeichnung/Bewegungserkennung.kt	7	Übergangs-Registrierung beenden.
sucheFotos	findPhotos	funktion	android/app/src/main/java/app/maptale/ui/ViewModels.kt	7	suchen→find (wie findMatchingPhotos).
suchePassendeFotos	findMatchingPhotos	funktion	android/app/src/main/java/app/maptale/galerie/Fotonachzug.kt	7	suchen→find; null-Semantik (noch nicht beantwortbar) im Kommentar erhalten.
suchfenster	searchWindow	funktion	android/app/src/main/java/app/maptale/galerie/Fotofenster.kt	7	Zeitfenster einer Tour.
TeilenBlatt	ShareSheet	funktion	android/app/src/main/java/app/maptale/ui/TeilenBlatt.kt	7	§6.5 wörtlich.
teilenLink	shareLink	funktion	android/app/src/main/java/app/maptale/ui/TeilenLink.kt	7	öffentlicher Link <server>/tour/<id>; der Pfad bleibt (§3.4).
tourAnlegen	createTour	funktion	android/app/src/main/java/app/maptale/upload/ApiClient.kt	7	anlegen→create; POST /api/tours mit Manifest.
toureListe	tourList	funktion	android/app/src/main/java/app/maptale/upload/ApiClient.kt	7	VORSCHLAG: behebt zugleich den Tippfehler toureListe; GET /api/tours.
tourenMitStatus	toursByStatus	funktion	android/app/src/main/java/app/maptale/daten/TourDao.kt	7	VORSCHLAG: by statt with, withX ist das immutable-Update-Muster (§6.3); auch im Repository.
TourenScreen	ToursScreen	funktion	android/app/src/main/java/app/maptale/ui/TourenScreen.kt	7	§6.5 wörtlich; die Statuswert-Vergleiche darin sind Welle 1.
tourFluss	tourFlow	funktion	android/app/src/main/java/app/maptale/daten/TourDao.kt	7	Fluss→Flow (Kotlin-Fachwort); auch im Repository.
tourMitServerId	tourByServerId	funktion	android/app/src/main/java/app/maptale/daten/TourDao.kt	7	VORSCHLAG: by statt with (Nachschlagen, kein Update); auch im Repository.
tourZeitfenster	tourTimeWindow	funktion	android/app/src/main/java/app/maptale/upload/ApiClient.kt	7	VORSCHLAG: Nomen-Form wie tourStatus beibehalten; verb-first (§6.0) wäre loadTourTimeWindow.
trackerAnbieter	trackerProviders	funktion	android/app/src/main/java/app/maptale/upload/ApiClient.kt	7	Sammlung Plural (§6.0 Regel 4); der Antwort-Schlüssel anbieter→providers ist Welle 1.
trackerImporteGesehen	trackerImportsSeen	funktion	android/app/src/main/java/app/maptale/upload/ApiClient.kt	7	die Route /imports/seen ist Welle 1 (Grundstock).
trackerOffeneImporte	trackerPendingImports	funktion	android/app/src/main/java/app/maptale/upload/ApiClient.kt	7	offen→pending (wie der Import-Status); der Antwort-Schlüssel importe→imports ist Welle 1.
trackerTrennen	disconnectTracker	funktion	android/app/src/main/java/app/maptale/ui/ViewModels.kt	7	trennen→disconnect; auch ApiClient.disconnectTracker.
trackerVerbinden	connectTracker	funktion	android/app/src/main/java/app/maptale/ui/ViewModels.kt	7	verbinden→connect (wie tracker_verknuepfungen connected_at).
trackerVerbindenUrl	trackerConnectUrl	funktion	android/app/src/main/java/app/maptale/upload/ApiClient.kt	7	VORSCHLAG; das Antwort-Feld autorisierungsUrl→authorizationUrl und der Body ziel→target sind Welle 1.
trackHochladen	uploadTrack	funktion	android/app/src/main/java/app/maptale/upload/ApiClient.kt	7	PUT des GPX beim Import.
uebernehmeFotos	acceptPhotos	funktion	android/app/src/main/java/app/maptale/ui/ViewModels.kt	7	VORSCHLAG: übernehmen→accept (Vorschlag annehmen und hochladen).
uploadFehlerText	uploadErrorText	funktion	android/app/src/main/java/app/maptale/upload/UploadWorker.kt	7	Fehler als Träger der Meldung→error (§6.1); Erklärung für die Tourliste.
verfuegbar	available	funktion	android/app/src/main/java/app/maptale/push/MaptalePush.kt	7	auch TrackerProvider.available (Property).
verlassen	exit	funktion	android/app/src/main/java/app/maptale/ui/PlayerScreen.kt	7	Grundstock MaptaleApp.verlassen→MaptaleApp.exit; VERTRAG mit dem Web-Player, beide Seiten in EINEM Commit (Naht §3.3), Optional-Chaining schluckt den toten Exit lautlos.
verschmelzeTouren	mergeTours	funktion	android/app/src/main/java/app/maptale/ui/Listenverschmelzung.kt	7	verschmelzen→merge.
verwirfVorschlag	discardSuggestion	funktion	android/app/src/main/java/app/maptale/ui/ViewModels.kt	7	verwerfen→discard.
Videoabzeichen	VideoBadge	funktion	android/app/src/main/java/app/maptale/ui/Bausteine.kt	7	Abzeichen→badge.
Videoflaeche	VideoSurface	funktion	android/app/src/main/java/app/maptale/ui/Bausteine.kt	7	VideoView mit Standbild statt Schwarz.
vonSchluessel	fromKey	funktion	android/app/src/main/java/app/maptale/daten/Entities.kt	7	von→from; auch Visibility.fromKey.
vonStatus/zuStatus/vonModus/zuModus/vonUpload/zuUpload	fromStatus/toStatus/fromTravelMode/toTravelMode/fromUpload/toUpload	funktion	android/app/src/main/java/app/maptale/daten/LuhamboDb.kt	7	von/zu→from/to; die Konverter-Mechanik bleibt (Modus weiter über .key, NICHT .name, §4.4).
waehlbare	selectable	funktion	android/app/src/main/java/app/maptale/ui/TeilenLink.kt	7	VORSCHLAG: zur Wahl stehende Stufen (Galerie-Schalter).
waehleStabilisierung	chooseStabilization	funktion	android/app/src/main/java/app/maptale/kamera/Stabilisierung.kt	7	VORSCHLAG: wählen→choose; entscheidet den Weg pro Bindung.
wechsleModus	changeTravelMode	funktion	android/app/src/main/java/app/maptale/daten/TourRepository.kt	7	VORSCHLAG: wechseln→change (schreibt einen TravelModeChange).
Wortmarke	WordMark	funktion	android/app/src/main/java/app/maptale/ui/Marke.kt	7	VORSCHLAG: Schriftzug-Composable.
zeigeFortschritt	showProgress	funktion	android/app/src/main/java/app/maptale/tracker/Importmeldung.kt	7	zeige→show; laufende Meldung (ID 4711, setOngoing).
zeigeImportMeldung	showImportNotification	funktion	android/app/src/main/java/app/maptale/tracker/Importmeldung.kt	7	endgültige Meldung über dieselbe ID.
zeitpunkt	fromIso	funktion	android/app/src/main/java/app/maptale/galerie/Fotonachzug.kt	7	VORSCHLAG: Gegenstück zu toIso (ISO mit örtlichem Versatz zu Epoche ms).
zeitspanne	timeSpan	funktion	android/app/src/main/java/app/maptale/importieren/GpxImport.kt	7	liefert TimeSpan (war Zeitspanne); Start/Ende aus dem GPX.
zeitstempel	timestamp	funktion	android/app/src/main/java/app/maptale/ui/Listenverschmelzung.kt	7	Sortier-Zeit eines Eintrags.
zoomStufen	zoomLevels	funktion	android/app/src/main/java/app/maptale/kamera/ZoomStufen.kt	7	Stufen aus min/max Zoom.
zuruecksetzen	reset	funktion	android/app/src/main/java/app/maptale/ui/ImportViewModel.kt	7	Import-Zustand auf Idle.
ApiFehler	ApiError	klasse	android/app/src/main/java/app/maptale/upload/ApiClient.kt	7	Fehler als Träger der Meldung→error (§6.1); Exception mit HTTP-Status.
AufzeichnungScreen	RecordingScreen	klasse	android ui	7	§6.5
AufzeichnungsService	RecordingService	klasse	android	7	§6.5
AufzeichnungsService	RecordingService	klasse	android/app/src/main/java/app/maptale/aufzeichnung/AufzeichnungsService.kt	7	§6.5 wörtlich; AndroidManifest-Registrierung mitziehen.
AufzeichnungsZustand	RecordingState	klasse	android/app/src/main/java/app/maptale/aufzeichnung/AufzeichnungsZustand.kt	7	VORSCHLAG: Zustand→State; Objekt mit StateFlow der laufenden Aufnahme.
Bewegungsdeutung	ActivityInterpretation	klasse	android/app/src/main/java/app/maptale/aufzeichnung/Bewegungsdeutung.kt	7	VORSCHLAG: wie die Datei.
Bewegungserkennung	ActivityRecognizer	klasse	android/app/src/main/java/app/maptale/aufzeichnung/Bewegungserkennung.kt	7	VORSCHLAG: GMS-Klasse ActivityRecognition kollidiert (wird hier importiert).
Bildpunkt	ScreenPoint	klasse	android/app/src/main/java/app/maptale/aufzeichnung/Spur.kt	7	VORSCHLAG: projizierter Bildschirmpunkt; nicht ImagePoint, es geht um den Schirm.
EnumKonverter	EnumConverter	klasse	android/app/src/main/java/app/maptale/daten/LuhamboDb.kt	7	Klassenname nicht persistiert; die Speicherwerte selbst sind Welle 1.
Fotomarke	PhotoMark	klasse	android/app/src/main/java/app/maptale/aufzeichnung/Spur.kt	7	VORSCHLAG: Foto-Markierung an der Spur.
Fotopunkt	PhotoPoint	klasse	android/app/src/main/java/app/maptale/aufzeichnung/Spur.kt	7	VORSCHLAG: projizierte Foto-Position.
Galeriebild	GalleryItem	klasse	android/app/src/main/java/app/maptale/galerie/Fotofenster.kt	7	VORSCHLAG: item statt image, es kann auch ein Video sein.
Konto	Account	klasse	android/app/src/main/java/app/maptale/upload/Einstellungen.kt	7	Konto→account (§6.2); gelesener Kontostand aus dem DataStore.
KontoStand	AccountState	klasse	android/app/src/main/java/app/maptale/upload/ApiClient.kt	7	VORSCHLAG: Stand→state; Antwort von /api/auth/me.
LaufendeAufzeichnung	ActiveRecording	klasse	android/app/src/main/java/app/maptale/aufzeichnung/AufzeichnungsZustand.kt	7	VORSCHLAG: laufend→active; Datenklasse des Live-Zustands.
Lokal	Local	klasse	android/app/src/main/java/app/maptale/ui/Listenverschmelzung.kt	7	lokaler Eintrag der Tourenliste.
ManifestBau	ManifestBuilder	klasse	android/app/src/main/java/app/maptale/upload/Manifest.kt	7	VORSCHLAG: Bau→builder (Muster-Name, kein Füllwort im Sinn von §6.0 Regel 6).
ManifestZeit	ManifestTime	klasse	android/app/src/main/java/app/maptale/upload/Manifest.kt	7	Zeit→time; Schlüssel start/end/zone bleiben (Vertrag).
MaptalePushDienst	MaptalePushService	klasse	android/app/src/main/java/app/maptale/push/MaptalePushDienst.kt	7	Dienst→Service; AndroidManifest-Eintrag im selben Commit.
MedienMetadaten	MediumMetadata	klasse	android/app/src/main/java/app/maptale/importieren/MedienMetadaten.kt	7	VORSCHLAG: android.media.MediaMetadata kollidiert; §6.1 Einzelaufnahme=medium.
MedienMetadatenLeser	MediumMetadataReader	klasse	android/app/src/main/java/app/maptale/importieren/MedienMetadaten.kt	7	Leser→reader.
Modusabschnitt	TravelModeSegment	klasse	android/app/src/main/java/app/maptale/aufzeichnung/Bewegungsdeutung.kt	7	VORSCHLAG: Fortbewegungsmittel ab einem Zeitpunkt; segment wie Gehabschnitt→walkSegment (§6.4).
ModuswechselEntity	TravelModeChangeEntity	klasse	android/app/src/main/java/app/maptale/daten/Entities.kt	7	VORSCHLAG: analog Tabelle travel_mode_changes; Klassenname Welle 7, Tabelle Welle 1.
NachreichMedium	AddMediaItem	klasse	android/app/src/main/java/app/maptale/upload/ApiClient.kt	7	VORSCHLAG: Nachreichen→addMedia (§6.3); item, weil ein einzelnes Medium der addMedia-Route.
OrtsGeocoder	PlaceGeocoder	klasse	android/app/src/main/java/app/maptale/benennung/TourBenennung.kt	7	Ort→place (§6.9 orte→places); Fun-Interface.
PlayerBruecke	PlayerBridge	klasse	android/app/src/main/java/app/maptale/ui/PlayerScreen.kt	7	Brücke→bridge; der JS-Interface-Name MaptaleApp bleibt.
ProfilStand	ProfileState	klasse	android/app/src/main/java/app/maptale/upload/ApiClient.kt	7	VORSCHLAG: analog AccountState; Felder anzeigename/oeffentlich folgen dem Glossar (displayName), die API-Schlüssel sind Welle 1.
Projektion	Projection	klasse	android/app/src/main/java/app/maptale/aufzeichnung/Spur.kt	7	Geo-zu-Bildschirm-Projektion.
PunktFilter	PointFilter	klasse	android/app/src/main/java/app/maptale/aufzeichnung/PunktFilter.kt	7	zustandsbehafteter Punkte-Filter.
Reisestatistik	TravelStats	klasse	android/app/src/main/java/app/maptale/ui/Reisestatistik.kt	7	VORSCHLAG: wie die Datei; Properties touren/kilometer im selben Zug prüfen (tourCount/km).
RohPunkt	RawPoint	klasse	android/app/src/main/java/app/maptale/aufzeichnung/PunktFilter.kt	7	roh→raw; ungefilterter GPS-Punkt.
Serverfoto	ServerMedium	klasse	android/app/src/main/java/app/maptale/upload/ApiClient.kt	7	VORSCHLAG: Foto ODER Video→medium (§6.1); deutsche Properties (pfad, titel, nutzertext, zeitzeile, quellPfad, aufgenommenIso) im selben Zug nach Glossar.
Spurpunkt	TrackPoint	klasse	android/app/src/main/java/app/maptale/aufzeichnung/Spur.kt	7	wie TrackPunkt→TrackPoint im Studio (Grundstock).
TeilenBlatt	ShareSheet	klasse	android	7	§6.5
TourBenennung	TourNaming	klasse	android/app/src/main/java/app/maptale/benennung/TourBenennung.kt	7	Benennung→naming (§6.4).
Toureintrag	TourEntry	klasse	android/app/src/main/java/app/maptale/ui/Listenverschmelzung.kt	7	Eintrag→entry; sealed Interface (Local/Server).
TourenScreen	ToursScreen	klasse	android ui/TourenScreen.kt	7	§6.5; Statuswert-Vergleiche darin schon in Welle 1
TrackerAnbieter	TrackerProvider	klasse	android/app/src/main/java/app/maptale/upload/ApiClient.kt	7	Anbieter→provider (Grundstock-Spalte anbieter→provider).
TrackerRueckkehr	TrackerReturn	klasse	android/app/src/main/java/app/maptale/tracker/TrackerRueckkehr.kt	7	VORSCHLAG: wie die Datei; Objekt mit dem Ereigniskanal.
TrackpunktEntity	TrackPointEntity	klasse	android/app/src/main/java/app/maptale/daten/Entities.kt	7	Klassenname; der Tabellenname ist eine eigene Zeile (Welle 1).
Zeitspanne	TimeSpan	klasse	android/app/src/main/java/app/maptale/upload/Manifest.kt	7	Properties: startMs bleibt, endeMs→endMs.
ZoomStufe	ZoomLevel	klasse	android/app/src/main/java/app/maptale/kamera/ZoomStufen.kt	7	VORSCHLAG: Stufe→level.
Zustand	State	klasse	android/app/src/main/java/app/maptale/ui/ViewModels.kt	7	VORSCHLAG: sealed Interface; Werte Ruhe/Laedt/Fertig→Idle/Loading/Complete (§6.5) und Fehler→Failed (§6.1).
lokal-<uuid>	local-<uuid>	manifest-schluessel	android/app/src/main/java/app/maptale/daten/TourRepository.kt	7	VORSCHLAG: welle unsicher. Wert ist für den Server opak (Idempotenz-Schlüssel), gilt nur für Neuanlagen; Bestand behält lokal-; auch bleiben wäre vertretbar.
AKTION_BEWEGUNG	ACTION_ACTIVITY	property	android/app/src/main/java/app/maptale/aufzeichnung/AufzeichnungsService.kt	7	VORSCHLAG: Wert BEWEGUNG→ACTIVITY; die Erkennungs-PendingIntents werden je Aufnahme neu registriert, ein Update beendet die Aufnahme ohnehin.
AKTION_MODUS	ACTION_TRAVEL_MODE	property	android/app/src/main/java/app/maptale/aufzeichnung/AufzeichnungsService.kt	7	Wert MODUS→TRAVEL_MODE.
AKTION_PAUSE	ACTION_PAUSE	property	android/app/src/main/java/app/maptale/aufzeichnung/AufzeichnungsService.kt	7	Wert schon neutral.
AKTION_START	ACTION_START	property	android/app/src/main/java/app/maptale/aufzeichnung/AufzeichnungsService.kt	7	Wert app.maptale.START bleibt.
AKTION_STOPP	ACTION_STOP	property	android/app/src/main/java/app/maptale/aufzeichnung/AufzeichnungsService.kt	7	Wert app.maptale.STOPP→app.maptale.STOP; Intent-Actions nur im Speicher.
AKTION_WEITER	ACTION_RESUME	property	android/app/src/main/java/app/maptale/aufzeichnung/AufzeichnungsService.kt	7	VORSCHLAG: weiter→resume; Wert WEITER→RESUME.
aktuell	current	property	android/app/src/main/java/app/maptale/aufzeichnung/AufzeichnungsZustand.kt	7	StateFlow der laufenden Aufnahme.
Alarm	Danger	property	android/app/src/main/java/app/maptale/ui/Theme.kt	7	VORSCHLAG: konsistent zu --rot→--danger im Web-Grundstock; Alarm wäre zwar englisch lesbar, aber ein drittes Wort für denselben Begriff.
angemeldet	loggedIn	property	android/app/src/main/java/app/maptale/upload/Einstellungen.kt	7	VORSCHLAG: Boolean (gibt es ein Token); positiv, kein is-Zwang (§6.0 Regel 2 erlaubt Adjektive).
anker	anchor	property	android/app/src/main/java/app/maptale/galerie/Fotofenster.kt	7	§6.1; auch AddMediaItem.anchor.
anzeige	label	property	android/app/src/main/java/app/maptale/daten/Entities.kt	7	VORSCHLAG: deutsches UI-Wort eines Modus; der Inhalt bleibt deutscher Produkttext; auch Visibility.label.
AufCta	OnCta	property	android/app/src/main/java/app/maptale/ui/Theme.kt	7	DESIGN-Token on-cta (wie --auf-akzent→--on-cta).
aufgenommenMs	takenAtMs	property	android/app/src/main/java/app/maptale/galerie/Fotofenster.kt	7	wie die Room-Spalte (dort Welle 1); auch MediumEntity/ImportMedium.
AufKnopfGesperrt	OnButtonDisabled	property	android/app/src/main/java/app/maptale/ui/Theme.kt	7	VORSCHLAG: analog OnCta.
AUSGABE_SERVER_ID	OUTPUT_SERVER_ID	property	android/app/src/main/java/app/maptale/upload/UploadWorker.kt	7	Literal serverId bleibt.
AVATAR_KANTE	AVATAR_EDGE	property	android/app/src/main/java/app/maptale/ui/Bildskalierung.kt	7	VORSCHLAG: Kantenlänge→edge, wie UPLOAD_EDGE.
benennung	naming	property	android/app/src/main/java/app/maptale/LuhamboApp.kt	7	Benennung→naming (§6.4).
breite	lat	property	android/app/src/main/java/app/maptale/galerie/Fotofenster.kt	7	VORSCHLAG: GPS-Breite ist latitude, nicht width; passend zu anchorLat.
dateiname	fileName	property	android/app/src/main/java/app/maptale/galerie/Fotofenster.kt	7	auch AddMediaItem.fileName (war NachreichMedium.dateiname).
distanzM	distanceM	property	android/app/src/main/java/app/maptale/aufzeichnung/AufzeichnungsZustand.kt	7	auch PointFilter.distanceM.
EINGABE_IMPORT_ID	INPUT_IMPORT_ID	property	android/app/src/main/java/app/maptale/galerie/FotoNachzugWorker.kt	7	Literal importId bleibt.
EINGABE_TOUR_ID	INPUT_TOUR_ID	property	android/app/src/main/java/app/maptale/galerie/FotoNachzugWorker.kt	7	Konstantenname; Literal tourId bleibt englisch (auch UploadWorker).
einstellungen	settings	property	android/app/src/main/java/app/maptale/LuhamboApp.kt	7	Einstellung→setting (§6.4); DI-Singleton.
ereignisse	events	property	android/app/src/main/java/app/maptale/tracker/TrackerRueckkehr.kt	7	SharedFlow der Deep-Link-Rückkehr.
erstelltAm	createdAt	property	android/app/src/main/java/app/maptale/upload/ApiClient.kt	7	API liefert schon createdAt; …Am→…At (§6.0 Regel 1).
EXTRA_MODUS	EXTRA_TRAVEL_MODE	property	android/app/src/main/java/app/maptale/aufzeichnung/AufzeichnungsService.kt	7	Literal modus→travelMode.
EXTRA_TITEL	EXTRA_TITLE	property	android/app/src/main/java/app/maptale/aufzeichnung/AufzeichnungsService.kt	7	Literal titel→title.
fotosAutomatisch	autoPhotos	property	android/app/src/main/java/app/maptale/ui/ViewModels.kt	7	passend zum DataStore-Schlüssel auto_photos (§6.5); auch Account.autoPhotos.
fotoVorschlag	photoSuggestion	property	android/app/src/main/java/app/maptale/ui/ViewModels.kt	7	aktueller Galerie-Vorschlag.
GALERIE_VERFUEGBAR	GALLERY_AVAILABLE	property	android/app/src/main/java/app/maptale/ui/TeilenLink.kt	7	gibt es die öffentliche Galerie.
Gedaempft	Muted	property	android/app/src/main/java/app/maptale/ui/Theme.kt	7	DESIGN-Token muted (wie --text-gedaempft→--muted im Grundstock).
genauigkeitM	accuracyM	property	android/app/src/main/java/app/maptale/aufzeichnung/PunktFilter.kt	7	wie die Room-Spalte.
hoehenmeter	gainM	property	android/app/src/main/java/app/maptale/ui/Reisestatistik.kt	7	VORSCHLAG: passend zu stats.gainM, aus dem der Wert kommt; Einheit im Namen (§6.0 Regel 1); auch ServerTour.gainM.
istVideo	isVideo	property	android/app/src/main/java/app/maptale/galerie/Fotofenster.kt	7	is-Boolean (§6.0 Regel 2).
KANAL_AUFZEICHNUNG	CHANNEL_RECORDING	property	android/app/src/main/java/app/maptale/LuhamboApp.kt	7	nur der Konstantenname; die Kanal-ID aufzeichnung bleibt (§3.4).
KANAL_IMPORTE	CHANNEL_IMPORTS	property	android/app/src/main/java/app/maptale/LuhamboApp.kt	7	Konstantenname; ID importe bleibt (§3.4).
KANAL_UPLOAD	CHANNEL_UPLOAD	property	android/app/src/main/java/app/maptale/LuhamboApp.kt	7	Konstantenname; ID upload bleibt.
KnopfGesperrt	ButtonDisabled	property	android/app/src/main/java/app/maptale/ui/Theme.kt	7	VORSCHLAG: gesperrt→disabled.
konto	account	property	android/app/src/main/java/app/maptale/ui/ViewModels.kt	7	Konto→account (§6.2); auch Settings.account.
Koralle	Coral	property	android/app/src/main/java/app/maptale/ui/Theme.kt	7	VORSCHLAG: DESIGN.md kennt coral.
laenge	lng	property	android/app/src/main/java/app/maptale/galerie/Fotofenster.kt	7	VORSCHLAG: GPS-Länge ist longitude, nicht length; passend zu anchorLng.
LESERECHT	READ_PERMISSION	property	android/app/src/main/java/app/maptale/galerie/Fotonachzug.kt	7	zu erfragende Galerie-Berechtigung.
letzterPunkt	lastPoint	property	android/app/src/main/java/app/maptale/aufzeichnung/AufzeichnungsZustand.kt	7	letzter aufgezeichneter Punkt.
letzterStand	lastAccount	property	android/app/src/main/java/app/maptale/upload/Einstellungen.kt	7	VORSCHLAG: liefert Account, synchron für den OkHttp-Interceptor.
lokaleTouren	localTours	property	android/app/src/main/java/app/maptale/ui/ViewModels.kt	7	Start- und ProfilViewModel.
MaptaleTypografie	MaptaleTypography	property	android/app/src/main/java/app/maptale/ui/Typografie.kt	7	Typografie→Typography.
MIN_ABSCHNITT_S	MIN_SEGMENT_S	property	android/app/src/main/java/app/maptale/aufzeichnung/Bewegungsdeutung.kt	7	Abschnitt→segment; Mindestdauer 90 s.
Nacht	Night	property	android/app/src/main/java/app/maptale/ui/Theme.kt	7	VORSCHLAG: dunkelster Grund.
NachtBg	NightBg	property	android/app/src/main/java/app/maptale/ui/Theme.kt	7	VORSCHLAG: Mischname wird konsistent; Seiten-Hintergrund.
NachtFlaeche	NightSurface	property	android/app/src/main/java/app/maptale/ui/Theme.kt	7	VORSCHLAG: Fläche→surface (DESIGN-Token).
nachzugLaeuft	backfillRunning	property	android/app/src/main/java/app/maptale/ui/ViewModels.kt	7	Nachzug→backfill (Grundstock-Linie).
ordner	folder	property	android/app/src/main/java/app/maptale/galerie/Fotofenster.kt	7	Herkunftsordner (Kamera-Positivliste).
pausiert	paused	property	android/app/src/main/java/app/maptale/aufzeichnung/AufzeichnungsZustand.kt	7	§6.1 paused (Zustand, Adjektiv).
punktAnzahl	pointCount	property	android/app/src/main/java/app/maptale/aufzeichnung/AufzeichnungsZustand.kt	7	…Count (§6.0 Regel 4).
schluessel	key	property	android/app/src/main/java/app/maptale/daten/Entities.kt	7	wie settings schluessel→key (§6.8); auch Sichtbarkeit/Visibility.key und Toureintrag/TourEntry.key; die WERTE (walk, private, …) bleiben.
serverTouren	serverTours	property	android/app/src/main/java/app/maptale/ui/ViewModels.kt	7	Server-Tourenliste.
Sonne	Sun	property	android/app/src/main/java/app/maptale/ui/Theme.kt	7	VORSCHLAG: wörtlich; die semantische Alternative primary belegt MaterialTheme schon.
spielbar	playable	property	android/app/src/main/java/app/maptale/upload/ApiClient.kt	7	Adjektiv-Boolean (§6.0 Regel 2); der verglichene Wert bereit→ready ist Welle 1.
spur	track	property	android/app/src/main/java/app/maptale/aufzeichnung/AufzeichnungsZustand.kt	7	GPS-Spur→track (§6.1).
SPUR_HOECHSTZAHL	TRACK_MAX_POINTS	property	android/app/src/main/java/app/maptale/aufzeichnung/Spur.kt	7	VORSCHLAG: Deckel der Live-Spur-Punkte.
tempoMps	speedMps	property	android/app/src/main/java/app/maptale/aufzeichnung/PunktFilter.kt	7	VORSCHLAG: echtes GPS-Tempo→speed; tempo bleibt dem Film vorbehalten (MODUS_TEMPO/tempoMs in filmachse.ts).
Tinte	Ink	property	android/app/src/main/java/app/maptale/ui/Theme.kt	7	VORSCHLAG: helle Textfarbe.
TOLERANZ_MS	TOLERANCE_MS	property	android/app/src/main/java/app/maptale/galerie/Fotofenster.kt	7	bewusst 0; Kommentar mitnehmen.
UPLOAD_KANTE	UPLOAD_EDGE	property	android/app/src/main/java/app/maptale/kamera/Fotoaufbereitung.kt	7	VORSCHLAG: Kantenlänge→edge; Ziel-Kante fürs Upload-Foto.
VerlaufPrimaer	PrimaryGradient	property	android/app/src/main/java/app/maptale/ui/Theme.kt	7	VORSCHLAG: Verlauf→gradient.
fotos_automatisch	auto_photos	storage-schluessel	android DataStore	7	§6.5; Schlüsselwechsel ist bewusster Schritt, nicht beiläufig (§3.2)
MaptaleApp.verlassen	MaptaleApp.exit	window-schluessel	android PlayerScreen.kt; src/main.ts	7	VORSCHLAG; Optional-Chaining schluckt den toten Exit (Naht §3.3)
fotonachzug-$tourId	photo-backfill-$tourId	worker-name	android (WorkManager)	7	VORSCHLAG; §4.4
fotonachzug-$tourId	photo-backfill-$tourId	worker-name	android/app/src/main/java/app/maptale/galerie/FotoNachzugWorker.kt	7	Grundstock; §4.4 Cancel+Neueinreihen.
FotoNachzugWorker	PhotoBackfillWorker	worker-name	android/app/src/main/java/app/maptale/galerie/FotoNachzugWorker.kt	7	Nachzug→backfill (Grundstock); Klassenname persistiert, Cancel+Neueinreihen (§4.4).
tracker-abfrage	tracker-poll	worker-name	android UploadWorker.kt-Umfeld (WorkManager Unique-Work)	7	VORSCHLAG; Welle 7 cancelt alte Unique-Works und reiht neu ein (§4.4)
tracker-abfrage	tracker-poll	worker-name	android/app/src/main/java/app/maptale/tracker/TrackerAbfrageWorker.kt	7	Grundstock; Welle 7 cancelt den alten Unique-Work und reiht neu ein (§4.4); periodischer Auftrag.
TrackerAbfrageWorker	TrackerPollWorker	worker-name	android/app/src/main/java/app/maptale/tracker/TrackerAbfrageWorker.kt	7	Abfrage→poll (Grundstock); Klassenname persistiert in der WorkManager-DB, deshalb Cancel+Neueinreihen beim ersten Start (§4.4); periodischer Auftrag!
MAPTALE_* (rund 20 Env-Variablen, u.a. MAPTALE_DATEN_DIR, MAPTALE_ADMIN_PASSWORT, MAPTALE_HINTER_TLS, MAPTALE_BASIS_URL)	bleibt bis Schritt 9	env-variable	server/src/config.ts; docker-compose.cloudpanel.yml; server/Dockerfile; CI-Secrets; VPS-.env	9	§3.4/§5; eigener Ops-Schritt NACH Welle 8, nie in einer Code-Welle
filmS	filmS	api-feld	GET /api/tours (stats.filmS), GET /api/tours/:id (stats.filmS, camera[].filmS, moments[].filmS, audio[].filmS)	-	bleibt (Glossar §6.1: das Filmzeit-Feld heisst filmS)
finale	finale	api-feld	PATCH /api/tours/:id, GET /api/tours/:id/editor, GET /api/tours (stats.finale)	-	bleibt (schon englisch)
sessionId	sessionId	api-feld	POST /api/auth/session-aus-token	-	"bleibt (schon englisch; der Hinweis „halb deutsch"" trifft nicht, Session und Id sind englisch)"
videos	videos	api-feld	GET /api/auth/me/speicher (aufteilung)	-	bleibt (schon englisch)
/api/tracker/:provider/callback	bleibt	api-pfad	server/src/routes/tracker.ts	-	§3.4; extern registriert, Änderung hieße Neuregistrierung
/api/webhooks/tracker/:provider	bleibt	api-pfad	server/src/routes/tracker.ts	-	§3.4; extern registriert
abgebrochen	bleibt	api-wert	Redirect GET /api/tracker/:provider/callback (#tracker=abgebrochen)	-	Fragment-Wert, friert mit den #tracker=-Werten ein (§3.4/Grundstock); kein API-Koerper
dataset.s	bleibt	dataset-schluessel	src/ui.ts (Foto-Dots)	-	s bleibt laut Glossar (§6.3a)
api_token	bleibt	datastore-schluessel	android/app/src/main/java/app/maptale/upload/Einstellungen.kt	-	Grundstock: schon englisch; Schlüsselwechsel wäre Abmeldung (§3.2).
einstellungen	bleibt	datastore-schluessel	android/app/src/main/java/app/maptale/upload/Einstellungen.kt	-	VORSCHLAG: bleibt; welle unsicher. Dateiname einstellungen.preferences_pb persistiert; Umbenennen ohne Migration verwirft ALLE Schlüssel samt api_token = Abmeldung (gleiches §3.2-Argument wie api_token im Grundstock). Nur mit expliziter DataStore-Migration in Welle 7 anfassen.
email	bleibt	datastore-schluessel	android/app/src/main/java/app/maptale/upload/Einstellungen.kt	-	Grundstock: schon englisch.
server_url	bleibt	datastore-schluessel	android/app/src/main/java/app/maptale/upload/Einstellungen.kt	-	Grundstock: schon englisch; Schlüsselwechsel wäre Abmeldung (§3.2).
public/audio/eng-*.mp3 und Wetter-Loops	bleibt	datei	src/vehicle.ts; src/weather.ts	-	§3.4; harmloser Fall, trotzdem eingefroren
public/audio/sfx/* (amb-*, mus-*, sfx-*, 28 Dateien)	bleibt	datei	src/studio/sfxbibliothek.ts; server/src/pipeline/musikwahl.ts; src/tours.ts	-	§3.4; persistiert in jedem edits.json/tour.json; Umbenennung bräche jede Bestandstour mit Ton
serpentinen.jpg, kueste.jpg, nachtstadt.jpg, wueste.jpg	bleibt	datei	public/titelbilder/; users.titelbild-Werte	-	§3.4; Daten, keine Bezeichner
verify / reset / email	bleibt	db-wert	mail_tokens.zweck	-	§4.2; schon englisch
web / app	bleibt	db-wert	rueckmeldungen.quelle	-	§4.2/§11; Werte bleiben, nur die Spalte wandert
MediumUploadStatus	MediumUploadStatus	enum	android/app/src/main/java/app/maptale/daten/Entities.kt	-	bleibt (schon englisch); Speicherwerte Welle 1.
TourStatus	TourStatus	enum	android/app/src/main/java/app/maptale/daten/Entities.kt	-	bleibt (schon englisch); die deutschen Speicherwerte sind eigene Zeilen (Welle 1).
walk/bike/moped/jeep/tram/ferry	bleibt	enum-speicherwert	android/app/src/main/java/app/maptale/daten/LuhamboDb.kt	-	§4.4/§3.4; Modus speichert .schluessel, die Werte wandern NICHT (upload@2-Vertrag).
maptale:export	maptale:export	event-typ	src/exportformat.ts	-	bleibt (schon englisch); typ-Kennung der postMessage-Meldungen des Export-Rahmens
megabyte	megabyte	export-funktion	src/studio/nachreichen.ts	-	bleibt (schon englisch); grenzfall: verb-first waere formatMegabytes; Bytes als MB formatieren
tempoMs	tempoMs	export-funktion	server/src/pipeline/filmtempo.ts	-	bleibt (schon englisch lesbar; Grundstock: prüfen)
Tour	Tour	export-klasse	src/tour.ts	-	bleibt (schon englisch, §6.1 tour); grenzfall aus der Inventur; die Kamera-Engine
BAND_MIN_PX	BAND_MIN_PX	export-konstante	src/studio/zeitleiste.ts	-	bleibt (band und px schon englisch); grenzfall aus der Inventur; Mindestbreite eines Bands
MOMENT_DEFAULT_S	MOMENT_DEFAULT_S	export-konstante	server/src/pipeline/filmtempo.ts	-	bleibt (schon englisch)
PAUSE_MIN_S	PAUSE_MIN_S	export-konstante	server/src/pipeline/zeit.ts	-	bleibt (schon englisch); Mindestdauer 15 min
Pause	Pause	export-typ	server/src/pipeline/zeit.ts	-	bleibt (§6.1 pause; Wort in beiden Sprachen)
PlayerMedium	PlayerMedium	export-typ	src/ui.ts	-	bleibt (schon englisch: medium §6.1); grenzfall aus der Inventur
RemoteMedium	RemoteMedium	export-typ	src/remote.ts	-	bleibt (schon englisch: medium §6.1); grenzfall aus der Inventur; Medium einer Server-Tour
UploadManifest	UploadManifest	export-typ	src/studio/upload.ts	-	bleibt (schon englisch); grenzfall aus der Inventur; Manifest des Tour-Uploads
UploadMedium	UploadMedium	export-typ	server/src/schema/upload.ts	-	bleibt (schon englisch; §6.1 medium)
#einladung=	bleibt	fragment-schluessel	server/src/routes/warteliste.ts; src/studio/studio.ts; src/admin/adminmodell.ts	-	§3.4; steht in verschickten Mails
#email=	bleibt	fragment-schluessel	server/src/routes/auth.ts; src/konto/konto.ts	-	§3.4
#newsletter-aus=	bleibt	fragment-schluessel	server/src/newsletter.ts; src/konto/konto.ts	-	§3.4; Abmeldelink ohne Frist (DSGVO)
#reset=	bleibt	fragment-schluessel	server/src/routes/auth.ts; src/studio/studio.ts	-	§3.4
#tracker= (Werte verbunden/abgebrochen/abgelaufen/fehler)	bleibt	fragment-schluessel	server/src/routes/tracker.ts; src/konto/trackerkarte.ts	-	§3.4; flüchtig, friert der Einheitlichkeit wegen mit ein
#verify=	bleibt	fragment-schluessel	server/src/routes/auth.ts; src/studio/studio.ts	-	§3.4
MaptaleNavigation	MaptaleNavigation	funktion	android/app/src/main/java/app/maptale/ui/Navigation.kt	-	bleibt (schon englisch); die Routen-Literale touren/profil/aufzeichnung/kamera/rueckmeldung gehen in Welle 7 mit (tours/profile/recording/camera/feedback, nur im Speicher).
tourStatus	tourStatus	funktion	android/app/src/main/java/app/maptale/upload/ApiClient.kt	-	bleibt (schon englisch); die deutschen WERTE angelegt/verarbeitung/bereit/fehler wandern in Welle 1 (created/processing/ready/failed, Grundstock).
stats_json: filmS	filmS	json-blob-schluessel	tours.stats_json; server/src/pipeline/enrich.ts, server/src/pipeline/geo.ts	-	bleibt (schon Zielform; §6.1 Feld filmS)
stats_json: finale	finale	json-blob-schluessel	tours.stats_json; server/src/pipeline/enrich.ts, server/src/pipeline/geo.ts	-	bleibt (Wort in beiden Sprachen, wie finale_target)
tokens: erneuerung	erneuerung	json-blob-schluessel	tracker_verknuepfungen.tokens; server/src/tracker/vertrag.ts, server/src/tracker/tracker.ts	-	bleibt (§4.2, dito)
tokens: externerNutzer	externerNutzer	json-blob-schluessel	tracker_verknuepfungen.tokens; server/src/tracker/vertrag.ts, server/src/tracker/tracker.ts	-	bleibt (§4.2, dito)
tokens: laeuftAb	laeuftAb	json-blob-schluessel	tracker_verknuepfungen.tokens; server/src/tracker/vertrag.ts, server/src/tracker/tracker.ts	-	bleibt (§4.2, dito)
tokens: zugriff	zugriff	json-blob-schluessel	tracker_verknuepfungen.tokens; server/src/tracker/vertrag.ts, server/src/tracker/tracker.ts	-	bleibt (§4.2: tokens-Blob liegt AES-verschlüsselt, per SQL nicht umschreibbar; Konzept lässt ihn stehen — Begründung dort teils falsch, Schlüssel sind eigene)
caption	caption	json-schluessel	android/app/src/main/java/app/maptale/upload/EditsFortschreibung.kt	-	bleibt (schon englisch); Nutzertext im Medien-Eintrag.
schema	schema	json-schluessel	android/app/src/main/java/app/maptale/upload/EditsFortschreibung.kt	-	bleibt (schon englisch); der WERT wird maptale/edits@2 in Welle 1 (Grundstock).
t_ (Tour-ID-Präfix)	bleibt	json-wert	server/src/ids.ts; src/remote.ts; src/tours.ts-Wächter	-	§3.4; das Präfix IST die Unterscheidung zu TOURS
walk / bike / moped / jeep / tram / ferry	bleibt	json-wert	Modi-Werte überall (upload/edits/tour, Room via .schluessel)	-	§4.4; wer den Kotlin-Converter auf .name vereinheitlicht bricht den upload@2-Vertrag
aufzeichnung	bleibt	kanal-id	android LuhamboApp.kt	-	§3.4; persistiert je Installation samt Nutzer-Einstellungen
aufzeichnung	bleibt	kanal-id	android/app/src/main/java/app/maptale/LuhamboApp.kt	-	§3.4; Kanal-IDs registriert Android dauerhaft, neue ID = Nutzer-Einstellungen weg.
importe	bleibt	kanal-id	android LuhamboApp.kt	-	§3.4
importe	bleibt	kanal-id	android/app/src/main/java/app/maptale/LuhamboApp.kt	-	§3.4; dauerhaft beim System registriert.
upload	bleibt	kanal-id	android LuhamboApp.kt	-	§3.4; schon englisch, steht der Vollständigkeit halber hier
upload	bleibt	kanal-id	android/app/src/main/java/app/maptale/LuhamboApp.kt	-	§3.4; schon englisch, eingefroren.
ImportMedium	ImportMedium	klasse	android/app/src/main/java/app/maptale/upload/Manifest.kt	-	bleibt (schon englisch); die deutschen Properties typ/datei/aufgenommenMs/ankerLng/ankerLat gehen in Welle 7 mit den Spalten-Zielformen mit (type/file/takenAtMs/anchorLng/anchorLat).
MaptaleApp	MaptaleApp	klasse	android/app/src/main/java/app/maptale/LuhamboApp.kt	-	bleibt (schon englisch); nur die Datei zieht nach (Welle 7).
ServerTour	ServerTour	klasse	android/app/src/main/java/app/maptale/upload/ApiClient.kt	-	bleibt (schon englisch); die deutschen Properties sind eigene Zeilen bzw. gehen in Welle 7 mit.
ServerTourDetail	ServerTourDetail	klasse	android/app/src/main/java/app/maptale/upload/ApiClient.kt	-	bleibt (schon englisch); Properties beschreibung/fotos gehen in Welle 7 mit (description/media).
TrackerImport	TrackerImport	klasse	android/app/src/main/java/app/maptale/upload/ApiClient.kt	-	bleibt (schon englisch); Properties anbieter/fehler→provider/error in Welle 7, die deutschen Statuswerte in Welle 1.
import:<gpxName>:<startMs>	bleibt	manifest-schluessel	android/app/src/main/java/app/maptale/importieren/ImportLogik.kt	-	schon englisch, Vertrag; stabile clientTourId des GPX-Imports.
schema/clientTourId/title/description/time/segments/trackFile/media	bleibt	manifest-schluessel	android/app/src/main/java/app/maptale/upload/Manifest.kt	-	schon englisch, Vertrag (inkl. mode/pts/id/type/file/takenAt/anchor/caption).
start	start	objekt-schluessel	src/routen.ts	-	bleibt (schon englisch); grenzfall: home waere ueblicher, kein Zwang
original/ und media/ (Tour-Ordner)	bleibt	ordner	Datenordner je Tour	-	§3.4; schon englisch
public/titelbilder/	bleibt	ordner	server/src/profilfelder.ts (baut Präfix); Web-Build	-	§3.4; zwei Wellen, zwei Compiler-Welten für einen Pfad
Inhalt von mailvorlagen / newsletter_einwilligungen.textfassung / Rechtstexte	bleibt	produkttext	DB-Zeilen; datenschutz.html u.a.	-	§3.4; Ausnahme: die Platzhalter (eigene Zeilen)
EDITS_SCHEMA	EDITS_SCHEMA	property	android/app/src/main/java/app/maptale/upload/EditsFortschreibung.kt	-	bleibt (schon englisch); der WERT wird maptale/edits@2 in Welle 1 (Grundstock).
Sans/Mono	bleibt	property	android/app/src/main/java/app/maptale/ui/Typografie.kt	-	schon englisch; Schriftfamilien.
app	app	query-parameter	src/main.ts	-	bleibt (schon englisch); markiert die Android-WebView; Naht zur App (§3.3)
dev	dev	query-parameter	src/main.ts	-	bleibt (schon englisch); Dev-Modus aktivieren
edit	edit	query-parameter	src/studio/studio.ts	-	bleibt (schon englisch); Tour-ID die im Editor offen ist
export	export	query-parameter	src/main.ts, src/exportfilm.ts	-	bleibt (schon englisch); Seite laeuft als Export-Rahmen
fps	fps	query-parameter	src/main.ts, src/exportformat.ts	-	bleibt (schon englisch); FPS-Anzeige bzw. Export-Bildrate
id	id	query-parameter	src/galerie/galeriemodell.ts	-	bleibt (schon englisch); Alt-Form der Profiladresse, bleibt fuer immer bedienbar (§3.4)
pins3d	pins3d	query-parameter	src/main.ts	-	bleibt (schon englisch); Pin-Darstellung umschalten; Wert foto→photo geht in Welle 5 mit
reverse	reverse	query-parameter	src/main.ts	-	bleibt (schon englisch); Tour rueckwaerts abspielen
tour	tour	query-parameter	src/main.ts	-	bleibt (schon englisch); Alt-Form der Tour-Wahl, wird auf den Pfad umgeschrieben
caption	caption	room-spalte	android/app/src/main/java/app/maptale/daten/Entities.kt	-	bleibt (schon englisch); Name identisch zum Manifest-Schlüssel.
tOffsetS	tOffsetS	room-spalte	android/app/src/main/java/app/maptale/daten/Entities.kt	-	bleibt (schon englisch); Sekunden seit Tour-Start wie im Austauschformat.
api_token / email / server_url	bleibt	storage-schluessel	android DataStore	-	schon englisch; Schlüsselwechsel wäre Abmeldung (§3.2)
maptale:audio	maptale:audio	storage-schluessel	src/main.ts	-	bleibt (schon englisch); localStorage: Ton an/aus
maptale:dev	maptale:dev	storage-schluessel	src/main.ts	-	bleibt (schon englisch); localStorage: Dev-Modus-Merker
maptale:music	maptale:music	storage-schluessel	src/main.ts	-	bleibt (schon englisch); localStorage: Musik an/aus
maptale:video-sound	maptale:video-sound	storage-schluessel	src/ui.ts	-	bleibt (schon englisch); sessionStorage: Ton an/aus der Video-Halte
maptale:weather	maptale:weather	storage-schluessel	src/main.ts	-	bleibt (schon englisch); localStorage: gewaehlter Wettermodus
maptale:weather-int	maptale:weather-int	storage-schluessel	src/main.ts	-	bleibt (schon englisch); grenzfall: -int ist keine etablierte Abkuerzung, -intensity waere sauberer (§6.9 staerke→intensity)
Seiten-Pfade (/anmelden, /registrieren, /app, /konto, /galerie, /erlebnis, /tour/…, /@handle, /feedback, /impressum, /datenschutz, /sitemap-*.xml)	bleibt	url-pfad	src/routen.ts; server/src/webpfade.ts; deploy/cloudpanel-nginx.conf	-	§3.4; Produkttext-URLs, nicht Code
atmo	atmo	window-schluessel	src/main.ts	-	bleibt (schon englisch); grenzfall: atmosphere waere ausgeschrieben; Atmosphaeren-Overlay
eleReady	eleReady	window-schluessel	src/main.ts	-	bleibt (schon englisch); grenzfall: elevationReady waere ausgeschrieben; Promise der DEM-Hoehen
map	map	window-schluessel	src/main.ts	-	bleibt (schon englisch); MapLibre-Instanz
music	music	window-schluessel	src/main.ts	-	bleibt (schon englisch); Ambient-Loop
pins	pins	window-schluessel	src/main.ts, src/photopins.ts	-	bleibt (schon englisch); 3D-Pin-Steuerung
rider	rider	window-schluessel	src/main.ts	-	bleibt (schon englisch); Fahrer-Marker
route	route	window-schluessel	src/main.ts	-	bleibt (schon englisch); gebaute Route
tour	tour	window-schluessel	src/main.ts	-	bleibt (schon englisch); Engine-Instanz
tourAudio	tourAudio	window-schluessel	src/main.ts	-	bleibt (schon englisch); Audio-Spieler
vehicle	vehicle	window-schluessel	src/main.ts	-	bleibt (schon englisch); Motorloop
weather	weather	window-schluessel	src/main.ts	-	bleibt (schon englisch); Wetter-Overlay
wxTimeline	wxTimeline	window-schluessel	src/main.ts	-	bleibt (schon englisch); grenzfall: wx ist kein Kuerzel aus §6.0 Regel 7, weatherTimeline waere sauberer
zoom	zoom	window-schluessel	src/studio/editor.ts	-	bleibt (schon englisch); Zoomfaktor der Zeitleiste
upload-$tourId	bleibt	worker-name	android UploadWorker.kt	-	schon englisch; Klassen-Umbenennung in Welle 7 braucht trotzdem Cancel+Neueinreihen (§4.4)
upload-$tourId	bleibt	worker-name	android/app/src/main/java/app/maptale/upload/UploadWorker.kt	-	Grundstock: schon englisch; die Klassen-Umbenennungen der Welle 7 brauchen trotzdem Cancel+Neueinreihen (§4.4).
UploadWorker	UploadWorker	worker-name	android/app/src/main/java/app/maptale/upload/UploadWorker.kt	-	bleibt (schon englisch); worker_class_name liegt in der WorkManager-DB.
